<?xml version="1.0" encoding="utf-8"?>
<COLLADA xmlns="http://www.collada.org/2005/11/COLLADASchema" version="1.4.1" xmlns:xsi="http://www.w3.org/2001/XMLSchema-instance">
  <asset>
    <contributor>
      <author>Blender User</author>
      <authoring_tool>Blender 4.5.3 LTS commit date:2025-09-08, commit time:12:46, hash:67807e1800cc</authoring_tool>
    </contributor>
    <created>2026-09-17T18:23:50</created>
    <modified>2026-09-17T18:23:50</modified>
    <unit name="meter" meter="1"/>
    <up_axis>Z_UP</up_axis>
  </asset>
  <library_cameras>
    <camera id="Axonometrie_releves-camera" name="Axonometrie_releves">
      <optics>
        <technique_common>
          <orthographic>
            <xmag sid="xmag">32</xmag>
            <aspect_ratio>1.777778</aspect_ratio>
            <znear sid="znear">0.1</znear>
            <zfar sid="zfar">1000</zfar>
          </orthographic>
        </technique_common>
      </optics>
      <extra>
        <technique profile="blender">
          <shiftx sid="shiftx" type="float">0</shiftx>
          <shifty sid="shifty" type="float">0</shifty>
          <dof_distance sid="dof_distance" type="float">10</dof_distance>
        </technique>
      </extra>
    </camera>
  </library_cameras>
  <library_effects>
    <effect id="Annotations_NON_METRIQUES_001-effect">
      <profile_COMMON>
        <technique sid="common">
          <lambert>
            <emission>
              <color sid="emission">0 0 0 1</color>
            </emission>
            <diffuse>
              <color sid="diffuse">0.12 0.16 0.18 1</color>
            </diffuse>
            <reflectivity>
              <float sid="specular">0.5</float>
            </reflectivity>
          </lambert>
        </technique>
      </profile_COMMON>
    </effect>
    <effect id="Zone_escalier_surface_INTERPOLEE-effect">
      <profile_COMMON>
        <technique sid="common">
          <lambert>
            <emission>
              <color sid="emission">0 0 0 1</color>
            </emission>
            <diffuse>
              <color sid="diffuse">0.61 0.38 0.51 1</color>
            </diffuse>
            <reflectivity>
              <float sid="specular">0.5</float>
            </reflectivity>
          </lambert>
        </technique>
      </profile_COMMON>
    </effect>
    <effect id="Terrasse_de_gauche_surface_INTERPOLEE-effect">
      <profile_COMMON>
        <technique sid="common">
          <lambert>
            <emission>
              <color sid="emission">0 0 0 1</color>
            </emission>
            <diffuse>
              <color sid="diffuse">0.38 0.61 0.49 1</color>
            </diffuse>
            <reflectivity>
              <float sid="specular">0.5</float>
            </reflectivity>
          </lambert>
        </technique>
      </profile_COMMON>
    </effect>
    <effect id="Terrasse_de_droite_surface_INTERPOLEE-effect">
      <profile_COMMON>
        <technique sid="common">
          <lambert>
            <emission>
              <color sid="emission">0 0 0 1</color>
            </emission>
            <diffuse>
              <color sid="diffuse">0.7 0.5 0.3 1</color>
            </diffuse>
            <reflectivity>
              <float sid="specular">0.5</float>
            </reflectivity>
          </lambert>
        </technique>
      </profile_COMMON>
    </effect>
  </library_effects>
  <library_images/>
  <library_materials>
    <material id="Annotations_NON_METRIQUES_001-material" name="Annotations_NON_METRIQUES.001">
      <instance_effect url="#Annotations_NON_METRIQUES_001-effect"/>
    </material>
    <material id="Zone_escalier_surface_INTERPOLEE-material" name="Zone escalier_surface_INTERPOLEE">
      <instance_effect url="#Zone_escalier_surface_INTERPOLEE-effect"/>
    </material>
    <material id="Terrasse_de_gauche_surface_INTERPOLEE-material" name="Terrasse de gauche_surface_INTERPOLEE">
      <instance_effect url="#Terrasse_de_gauche_surface_INTERPOLEE-effect"/>
    </material>
    <material id="Terrasse_de_droite_surface_INTERPOLEE-material" name="Terrasse de droite_surface_INTERPOLEE">
      <instance_effect url="#Terrasse_de_droite_surface_INTERPOLEE-effect"/>
    </material>
  </library_materials>
  <library_geometries>
    <geometry id="Surfaces_interpolees_entre_points_de_bord___pas_de_terrain_ni_m-mesh" name="Surfaces interpolees entre points de bord : pas de terrain ni m">
      <mesh>
        <source id="Surfaces_interpolees_entre_points_de_bord___pas_de_terrain_ni_m-mesh-positions">
          <float_array id="Surfaces_interpolees_entre_points_de_bord___pas_de_terrain_ni_m-mesh-positions-array" count="5154">6.3672 0.02219998 0 6.361156 0.02055555 0 6.356845 0.01624441 0 6.3552 0.01019996 0 6.356845 0.004155516 0 6.361156 -1.55556e-4 0 6.3672 -0.001799941 0 6.373245 -1.55556e-4 0 6.377556 0.004155516 0 6.3792 0.01019996 0 6.377556 0.01624441 0 6.373245 0.02055555 0 6.3332 0.08419996 0 6.324045 0.08834069 0 6.315289 0.09079259 0 6.3068 0.0916 0 6.291126 0.08865183 0 6.280874 0.08028149 0 6.2772 0.0672 0 6.288089 0.04799997 0 6.308311 0.03533333 0 6.3192 0.02399998 0 6.317378 0.01859998 0 6.312623 0.01519995 0 6.306 0.01379996 0 6.297756 0.01508146 0 6.287778 0.01898515 0 6.2766 0.02559995 0 6.2766 0.006399989 0 6.2874 0.001607358 0 6.2974 -0.001007378 0 6.3078 -0.001799941 0 6.323029 0.001533329 0 6.333504 0.0107333 0 6.3374 0.02459996 0 6.335452 0.03304439 0 6.329015 0.04095554 0 6.3172 0.04979997 0 6.304526 0.05766665 0 6.297541 0.06339997 0 6.2954 0.06779998 0 6.29686 0.07205927 0 6.300941 0.07494074 0 6.3072 0.07599997 0 6.314652 0.07502961 0 6.323482 0.07197034 0 6.3332 0.06659996 0 6.2602 0.02599996 0 6.249837 0.02017778 0 6.23943 0.01648885 0 6.2288 0.01519995 0 6.213948 0.01824444 0 6.203852 0.02728885 0 6.1986 0.04219996 0 6.2618 0.04219996 0 6.256978 0.06976294 0 6.243489 0.08617037 0 6.2228 0.0916 0 6.200889 0.08582222 0 6.186178 0.06991112 0 6.1808 0.046 0 6.185882 0.02258515 0 6.200653 0.005081474 0 6.2244 -0.001799941 0 6.238038 -6.51852e-4 0 6.249497 0.002851843 0 6.2602 0.00879997 0 6.199 0.05399996 0 6.203319 0.06606668 0 6.211415 0.07359999 0 6.2232 0.0762 0 6.234111 0.07346665 0 6.241289 0.06579995 0 6.2442 0.05399996 0 6.16 0 0 6.16 0.0898 0 6.1422 0.0898 0 6.1422 0.02559995 0 6.135852 0.01868885 0 6.128615 0.01444441 0 6.1208 0.01299995 0 6.110608 0.01533329 0 6.10446 0.02206665 0 6.1024 0.03279995 0 6.1024 0.0898 0 6.0846 0.0898 0 6.0846 0.03399997 0 6.088593 0.01458513 0 6.099474 0.002414762 0 6.1156 -0.001799941 0 6.124763 -1.55556e-4 0 6.133971 0.004422187 0 6.1422 0.01139998 0 6.1422 0 0 6.0394 0.1084 0 6.006 0.0758 0 6.006 0.07379996 0 6.0216 0.07379996 0 6.0216 0.02639997 0 6.024859 0.01188886 0 6.034607 0.001911103 0 6.0508 -0.001799941 0 6.0576 -0.000999987 0 6.065333 0.001133322 0 6.072401 0.004199981 0 6.072401 0.02079999 0 6.065386 0.01713329 0 6.058682 0.01493328 0 6.0522 0.01419997 0 6.046571 0.01537036 0 6.041563 0.01956295 0 6.0394 0.02779996 0 6.0394 0.07379996 0 6.0678 0.07379996 0 6.0678 0.0898 0 6.0394 0.0898 0 5.9948 0.117 0 5.993341 0.1223259 0 5.989526 0.1261407 0 5.9842 0.1276 0 5.978874 0.1261407 0 5.975059 0.1223259 0 5.9736 0.117 0 5.975059 0.1116741 0 5.978874 0.1078593 0 5.9842 0.1064 0 5.989526 0.1078593 0 5.993341 0.1116741 0 5.993 0.0898 0 5.9752 0.0898 0 5.9752 0 0 5.993 0 0 5.929 0.1084 0 5.8956 0.0758 0 5.8956 0.07379996 0 5.9112 0.07379996 0 5.9112 0.02639997 0 5.914459 0.01188886 0 5.924208 0.001911103 0 5.940401 -0.001799941 0 5.9472 -0.000999987 0 5.954934 0.001133322 0 5.962 0.004199981 0 5.962 0.02079999 0 5.954986 0.01713329 0 5.948282 0.01493328 0 5.941801 0.01419997 0 5.936171 0.01537036 0 5.931163 0.01956295 0 5.929 0.02779996 0 5.929 0.07379996 0 5.9574 0.07379996 0 5.9574 0.0898 0 5.929 0.0898 0 5.8834 0.08419996 0 5.874244 0.08834069 0 5.865489 0.09079259 0 5.857 0.0916 0 5.841326 0.08865183 0 5.831074 0.08028149 0 5.8274 0.0672 0 5.838289 0.04799997 0 5.858511 0.03533333 0 5.8694 0.02399998 0 5.867578 0.01859998 0 5.862823 0.01519995 0 5.8562 0.01379996 0 5.847956 0.01508146 0 5.837978 0.01898515 0 5.8268 0.02559995 0 5.8268 0.006399989 0 5.8376 0.001607358 0 5.8476 -0.001007378 0 5.858 -0.001799941 0 5.873229 0.001533329 0 5.883704 0.0107333 0 5.8876 0.02459996 0 5.885652 0.03304439 0 5.879215 0.04095554 0 5.8674 0.04979997 0 5.854726 0.05766665 0 5.847741 0.06339997 0 5.8456 0.06779998 0 5.847059 0.07205927 0 5.851141 0.07494074 0 5.8574 0.07599997 0 5.864852 0.07502961 0 5.873682 0.07197034 0 5.8834 0.06659996 0 5.8104 0.02599996 0 5.800037 0.02017778 0 5.78963 0.01648885 0 5.779 0.01519995 0 5.764148 0.01824444 0 5.754052 0.02728885 0 5.7488 0.04219996 0 5.812 0.04219996 0 5.807178 0.06976294 0 5.793689 0.08617037 0 5.773 0.0916 0 5.751089 0.08582222 0 5.736378 0.06991112 0 5.731 0.046 0 5.736082 0.02258515 0 5.750853 0.005081474 0 5.7746 -0.001799941 0 5.788237 -6.51852e-4 0 5.799696 0.002851843 0 5.8104 0.00879997 0 5.7492 0.05399996 0 5.753519 0.06606668 0 5.761615 0.07359999 0 5.7734 0.0762 0 5.784311 0.07346665 0 5.791489 0.06579995 0 5.7944 0.05399996 0 5.6574 0.0898 0 5.6574 0 0 5.6752 0 0 5.6752 0.04699999 0 5.678141 0.06099998 0 5.685926 0.07086664 0 5.697 0.07459998 0 5.701971 0.07347404 0 5.70783 0.0703926 0 5.7136 0.06580001 0 5.723 0.0812 0 5.715763 0.0870074 0 5.708704 0.09045922 0 5.701601 0.0916 0 5.693126 0.08930367 0 5.684474 0.08202964 0 5.6756 0.06919997 0 5.6752 0.06919997 0 5.6752 0.0898 0 5.5758 0.08419996 0 5.566644 0.08834069 0 5.557888 0.09079259 0 5.5494 0.0916 0 5.533726 0.08865183 0 5.523474 0.08028149 0 5.5198 0.0672 0 5.530689 0.04799997 0 5.550911 0.03533333 0 5.5618 0.02399998 0 5.559978 0.01859998 0 5.555222 0.01519995 0 5.5486 0.01379996 0 5.540356 0.01508146 0 5.530378 0.01898515 0 5.5192 0.02559995 0 5.5192 0.006399989 0 5.53 0.001607358 0 5.54 -0.001007378 0 5.5504 -0.001799941 0 5.565629 0.001533329 0 5.576104 0.0107333 0 5.58 0.02459996 0 5.578052 0.03304439 0 5.571615 0.04095554 0 5.5598 0.04979997 0 5.547126 0.05766665 0 5.540141 0.06339997 0 5.538 0.06779998 0 5.539459 0.07205927 0 5.543541 0.07494074 0 5.5498 0.07599997 0 5.557252 0.07502961 0 5.566082 0.07197034 0 5.5758 0.06659996 0 5.5028 0.02599996 0 5.492437 0.02017778 0 5.48203 0.01648885 0 5.4714 0.01519995 0 5.456548 0.01824444 0 5.446452 0.02728885 0 5.4412 0.04219996 0 5.5044 0.04219996 0 5.499577 0.06976294 0 5.486089 0.08617037 0 5.4654 0.0916 0 5.443489 0.08582222 0 5.428778 0.06991112 0 5.4234 0.046 0 5.428482 0.02258515 0 5.443253 0.005081474 0 5.467 -0.001799941 0 5.480637 -6.51852e-4 0 5.492096 0.002851843 0 5.5028 0.00879997 0 5.4416 0.05399996 0 5.445919 0.06606668 0 5.454015 0.07359999 0 5.4658 0.0762 0 5.476711 0.07346665 0 5.483889 0.06579995 0 5.4868 0.05399996 0 5.3452 0.1364 0 5.3274 0.1364 0 5.3274 0 0 5.3452 0 0 5.3452 0.06440001 0 5.353007 0.07194811 0 5.360192 0.07611852 0 5.3676 0.07739996 0 5.376963 0.07468146 0 5.383037 0.06711852 0 5.3852 0.05559998 0 5.3852 0 0 5.403 0 0 5.403 0.055 0 5.398978 0.07542222 0 5.388155 0.08757776 0 5.3724 0.0916 0 5.362519 0.08998519 0 5.353349 0.08534812 0 5.3456 0.078 0 5.3452 0.078 0 5.3062 0.08539998 0 5.297948 0.0886963 0 5.289652 0.090837 0 5.2802 0.0916 0 5.2566 0.08562964 0 5.241267 0.06890368 0 5.2358 0.04319995 0 5.241667 0.01979994 0 5.257667 0.003999948 0 5.2814 -0.001799941 0 5.291193 -0.001074016 0 5.300674 8.07408e-4 0 5.3082 0.003399968 0 5.3082 0.02099996 0 5.299719 0.01766663 0 5.291949 0.01566666 0 5.2844 0.01499998 0 5.268341 0.01859259 0 5.257793 0.0288074 0 5.254 0.04479998 0 5.257504 0.06077033 0 5.267096 0.07136297 0 5.2814 0.07519996 0 5.28903 0.07442963 0 5.29697 0.07170367 0 5.3062 0.06639999 0 5.1622 0.0898 0 5.1622 0 0 5.18 0 0 5.18 0.04699999 0 5.182941 0.06099998 0 5.190726 0.07086664 0 5.2018 0.07459998 0 5.206771 0.07347404 0 5.21263 0.0703926 0 5.2184 0.06580001 0 5.2278 0.0812 0 5.220563 0.0870074 0 5.213504 0.09045922 0 5.2064 0.0916 0 5.197926 0.08930367 0 5.189274 0.08202964 0 5.1804 0.06919997 0 5.18 0.06919997 0 5.18 0.0898 0 5.1452 0.01599997 0 5.141386 0.01342219 0 5.138148 0.01177775 0 5.1358 0.01119995 0 5.133941 0.01163703 0 5.132793 0.01309627 0 5.1324 0.01579999 0 5.1324 0.06199997 0 5.127993 0.07874071 0 5.116341 0.08845925 0 5.0998 0.0916 0 5.087852 0.09025925 0 5.077948 0.08620738 0 5.07 0.0794 0 5.07 0.06 0 5.079008 0.06837034 0 5.088593 0.07322961 0 5.0984 0.07480001 0 5.1074 0.07319259 0 5.112801 0.06807404 0 5.1146 0.05899995 0 5.1146 0.05419999 0 5.0988 0.04859995 0 5.084467 0.04288142 0 5.072934 0.0343185 0 5.0682 0.02019995 0 5.070971 0.009340703 0 5.07863 0.001325905 0 5.0902 -0.001799941 0 5.098385 -7.92593e-4 0 5.106482 0.002259254 0 5.1144 0.007399976 0 5.116904 0.002170324 0 5.121363 -8.37036e-4 0 5.128 -0.001799941 0 5.133126 -0.001185178 0 5.138341 9.85185e-4 0 5.1452 0.005199968 0 5.1146 0.01819998 0 5.109667 0.01423698 0 5.104467 0.01169627 0 5.099 0.0108 0 5.092393 0.0124222 0 5.087874 0.01684439 0 5.0862 0.02339994 0 5.090185 0.03239995 0 5.100481 0.03899997 0 5.1146 0.04439997 0 4.9206 0.0898 0 4.9206 0 0 4.9384 0 0 4.9384 0.06519997 0 4.945497 0.07197773 0 4.952637 0.07555556 0 4.9608 0.07660001 0 4.968911 0.07445186 0 4.974756 0.06768149 0 4.977 0.05579996 0 4.977 0 0 4.9948 0 0 4.9948 0.06519997 0 5.001541 0.07113331 0 5.00846 0.07519996 0 5.014801 0.07660001 0 5.024156 0.07417774 0 5.030844 0.0670889 0 5.0334 0.05559998 0 5.0334 0 0 5.0512 0 0 5.0512 0.0564 0 5.047519 0.07494813 0 5.037215 0.0871852 0 5.0214 0.0916 0 5.009667 0.08935552 0 4.9998 0.08351111 0 4.9914 0.07539999 0 4.984319 0.08431106 0 4.975282 0.08975553 0 4.9646 0.0916 0 4.956119 0.09011852 0 4.947415 0.0856148 0 4.9384 0.078 0 4.9384 0.0898 0 4.842 0.117 0 4.840541 0.1223259 0 4.836727 0.1261407 0 4.8314 0.1276 0 4.826074 0.1261407 0 4.822259 0.1223259 0 4.8208 0.117 0 4.822259 0.1116741 0 4.826074 0.1078593 0 4.8314 0.1064 0 4.836726 0.1078593 0 4.840541 0.1116741 0 4.8402 0.0898 0 4.822401 0.0898 0 4.822401 0 0 4.8402 0 0 4.7394 0.0898 0 4.721601 0.0898 0 4.721601 0 0 4.7394 0 0 4.7394 0.06440001 0 4.747208 0.07194811 0 4.754393 0.07611852 0 4.7618 0.07739996 0 4.771163 0.07468146 0 4.777237 0.06711852 0 4.7794 0.05559998 0 4.7794 0 0 4.7972 0 0 4.7972 0.05539995 0 4.793045 0.07571852 0 4.782089 0.08768147 0 4.7666 0.0916 0 4.756719 0.08998519 0 4.747549 0.08534812 0 4.7398 0.078 0 4.7394 0.078 0 4.5838 0.0898 0 4.566 0.0898 0 4.566 0 0 4.5838 0 0 4.5838 0.06440001 0 4.591608 0.07194811 0 4.598793 0.07611852 0 4.6062 0.07739996 0 4.615563 0.07468146 0 4.621637 0.06711852 0 4.6238 0.05559998 0 4.6238 0 0 4.6416 0 0 4.6416 0.05539995 0 4.637444 0.07571852 0 4.626489 0.08768147 0 4.611 0.0916 0 4.601119 0.08998519 0 4.591949 0.08534812 0 4.5842 0.078 0 4.5838 0.078 0 4.5426 0.117 0 4.541141 0.1223259 0 4.537326 0.1261407 0 4.532001 0.1276 0 4.526674 0.1261407 0 4.522859 0.1223259 0 4.5214 0.117 0 4.522859 0.1116741 0 4.526674 0.1078593 0 4.532001 0.1064 0 4.537326 0.1078593 0 4.541141 0.1116741 0 4.5408 0.0898 0 4.523 0.0898 0 4.523 0 0 4.5408 0 0 4.5068 0.01599997 0 4.502985 0.01342219 0 4.499748 0.01177775 0 4.4974 0.01119995 0 4.495541 0.01163703 0 4.494393 0.01309627 0 4.494 0.01579999 0 4.494 0.06199997 0 4.489593 0.07874071 0 4.477941 0.08845925 0 4.4614 0.0916 0 4.449452 0.09025925 0 4.439548 0.08620738 0 4.4316 0.0794 0 4.4316 0.06 0 4.440608 0.06837034 0 4.450193 0.07322961 0 4.46 0.07480001 0 4.469 0.07319259 0 4.4744 0.06807404 0 4.4762 0.05899995 0 4.4762 0.05419999 0 4.460401 0.04859995 0 4.446067 0.04288142 0 4.434534 0.0343185 0 4.4298 0.02019995 0 4.43257 0.009340703 0 4.44023 0.001325905 0 4.4518 -0.001799941 0 4.459986 -7.92593e-4 0 4.468082 0.002259254 0 4.476 0.007399976 0 4.478504 0.002170324 0 4.482963 -8.37036e-4 0 4.489601 -0.001799941 0 4.494727 -0.001185178 0 4.499941 9.85185e-4 0 4.5068 0.005199968 0 4.4762 0.01819998 0 4.471267 0.01423698 0 4.466067 0.01169627 0 4.4606 0.0108 0 4.453993 0.0124222 0 4.449474 0.01684439 0 4.4478 0.02339994 0 4.451785 0.03239995 0 4.462081 0.03899997 0 4.4762 0.04439997 0 4.3592 0.0898 0 4.3592 0 0 4.377 0 0 4.377 0.04699999 0 4.379941 0.06099998 0 4.387726 0.07086664 0 4.3988 0.07459998 0 4.403771 0.07347404 0 4.40963 0.0703926 0 4.4154 0.06580001 0 4.4248 0.0812 0 4.417563 0.0870074 0 4.410504 0.09045922 0 4.4034 0.0916 0 4.394926 0.08930367 0 4.386274 0.08202964 0 4.3774 0.06919997 0 4.377 0.06919997 0 4.377 0.0898 0 4.28 0.0898 0 4.28 0 0 4.297801 0 0 4.297801 0.04699999 0 4.300741 0.06099998 0 4.308526 0.07086664 0 4.319601 0.07459998 0 4.324571 0.07347404 0 4.33043 0.0703926 0 4.3362 0.06580001 0 4.3456 0.0812 0 4.338363 0.0870074 0 4.331304 0.09045922 0 4.324201 0.0916 0 4.315726 0.08930367 0 4.307075 0.08202964 0 4.2982 0.06919997 0 4.297801 0.06919997 0 4.297801 0.0898 0 4.258 0.02599996 0 4.247637 0.02017778 0 4.23723 0.01648885 0 4.2266 0.01519995 0 4.211748 0.01824444 0 4.201652 0.02728885 0 4.1964 0.04219996 0 4.2596 0.04219996 0 4.254778 0.06976294 0 4.241289 0.08617037 0 4.2206 0.0916 0 4.198689 0.08582222 0 4.183978 0.06991112 0 4.1786 0.046 0 4.183682 0.02258515 0 4.198452 0.005081474 0 4.2222 -0.001799941 0 4.235837 -6.51852e-4 0 4.247297 0.002851843 0 4.258 0.00879997 0 4.1968 0.05399996 0 4.201119 0.06606668 0 4.209215 0.07359999 0 4.221 0.0762 0 4.231911 0.07346665 0 4.239089 0.06579995 0 4.242 0.05399996 0 4.1372 0.1084 0 4.1038 0.0758 0 4.1038 0.07379996 0 4.1194 0.07379996 0 4.1194 0.02639997 0 4.122659 0.01188886 0 4.132408 0.001911103 0 4.148601 -0.001799941 0 4.1554 -0.000999987 0 4.163134 0.001133322 0 4.1702 0.004199981 0 4.1702 0.02079999 0 4.163186 0.01713329 0 4.156482 0.01493328 0 4.150001 0.01419997 0 4.144371 0.01537036 0 4.139363 0.01956295 0 4.1372 0.02779996 0 4.1372 0.07379996 0 4.1656 0.07379996 0 4.1656 0.0898 0 4.1372 0.0898 0 4.04 0.02599996 0 4.029637 0.02017778 0 4.01923 0.01648885 0 4.0086 0.01519995 0 3.993748 0.01824444 0 3.983652 0.02728885 0 3.9784 0.04219996 0 4.0416 0.04219996 0 4.036778 0.06976294 0 4.023289 0.08617037 0 4.0026 0.0916 0 3.980689 0.08582222 0 3.965978 0.06991112 0 3.9606 0.046 0 3.965682 0.02258515 0 3.980452 0.005081474 0 4.0042 -0.001799941 0 4.017838 -6.51852e-4 0 4.029297 0.002851843 0 4.04 0.00879997 0 3.9788 0.05399996 0 3.983119 0.06606668 0 3.991215 0.07359999 0 4.003 0.0762 0 4.013911 0.07346665 0 4.021089 0.06579995 0 4.024 0.05399996 0 3.9406 0.1364 0 3.9228 0.1364 0 3.9228 0.08799999 0 3.916059 0.0900889 0 3.909941 0.09124445 0 3.904 0.0916 0 3.880741 0.08581477 0 3.864993 0.07011848 0 3.8592 0.04699999 0 3.864548 0.02201479 0 3.879585 0.005785167 0 3.9028 0 0 3.9406 0 0 3.9228 0.01499998 0 3.9048 0.01499998 0 3.888541 0.01888889 0 3.879926 0.02931106 0 3.8774 0.04439997 0 3.881045 0.06084442 0 3.891089 0.07168889 0 3.9062 0.07559996 0 3.911837 0.07525181 0 3.917163 0.07414811 0 3.9228 0.0722 0 3.7826 0.08419996 0 3.773445 0.08834069 0 3.764689 0.09079259 0 3.7562 0.0916 0 3.740526 0.08865183 0 3.730274 0.08028149 0 3.7266 0.0672 0 3.737489 0.04799997 0 3.757711 0.03533333 0 3.7686 0.02399998 0 3.766778 0.01859998 0 3.762022 0.01519995 0 3.7554 0.01379996 0 3.747156 0.01508146 0 3.737178 0.01898515 0 3.726 0.02559995 0 3.726 0.006399989 0 3.7368 0.001607358 0 3.7468 -0.001007378 0 3.7572 -0.001799941 0 3.77243 0.001533329 0 3.782904 0.0107333 0 3.7868 0.02459996 0 3.784852 0.03304439 0 3.778415 0.04095554 0 3.7666 0.04979997 0 3.753926 0.05766665 0 3.746941 0.06339997 0 3.7448 0.06779998 0 3.74626 0.07205927 0 3.750341 0.07494074 0 3.7566 0.07599997 0 3.764052 0.07502961 0 3.772881 0.07197034 0 3.7826 0.06659996 0 3.7146 0.01599997 0 3.710785 0.01342219 0 3.707548 0.01177775 0 3.7052 0.01119995 0 3.703341 0.01163703 0 3.702193 0.01309627 0 3.7018 0.01579999 0 3.7018 0.06199997 0 3.697393 0.07874071 0 3.685741 0.08845925 0 3.6692 0.0916 0 3.657252 0.09025925 0 3.647348 0.08620738 0 3.6394 0.0794 0 3.6394 0.06 0 3.648407 0.06837034 0 3.657993 0.07322961 0 3.6678 0.07480001 0 3.6768 0.07319259 0 3.6822 0.06807404 0 3.684 0.05899995 0 3.684 0.05419999 0 3.6682 0.04859995 0 3.653867 0.04288142 0 3.642333 0.0343185 0 3.6376 0.02019995 0 3.64037 0.009340703 0 3.64803 0.001325905 0 3.6596 -0.001799941 0 3.667785 -7.92593e-4 0 3.675882 0.002259254 0 3.6838 0.007399976 0 3.686304 0.002170324 0 3.690763 -8.37036e-4 0 3.6974 -0.001799941 0 3.702526 -0.001185178 0 3.707741 9.85185e-4 0 3.7146 0.005199968 0 3.684 0.01819998 0 3.679067 0.01423698 0 3.673867 0.01169627 0 3.6684 0.0108 0 3.661793 0.0124222 0 3.657274 0.01684439 0 3.6556 0.02339994 0 3.659585 0.03239995 0 3.669882 0.03899997 0 3.684 0.04439997 0 3.5616 0.002199947 0 3.568 -8.14814e-5 0 3.573867 -0.001385152 0 3.5796 -0.001799941 0 3.603245 0.004125893 0 3.619289 0.02027404 0 3.6252 0.0442 0 3.619371 0.06917774 0 3.602297 0.08455556 0 3.5746 0.0898 0 3.5438 0.0898 0 3.5438 -0.046 0 3.5616 -0.046 0 3.5616 0.07379996 0 3.5778 0.07379996 0 3.593993 0.07031106 0 3.603741 0.06028884 0 3.607 0.04439997 0 3.603274 0.02883702 0 3.593193 0.01816296 0 3.5784 0.01419997 0 3.572756 0.01465922 0 3.567111 0.01600736 0 3.5616 0.01819998 0 3.4548 0.02219998 0 3.448756 0.02055555 0 3.444445 0.01624441 0 3.4428 0.01019996 0 3.444445 0.004155516 0 3.448756 -1.55556e-4 0 3.4548 -0.001799941 0 3.460845 -1.55556e-4 0 3.465156 0.004155516 0 3.4668 0.01019996 0 3.465156 0.01624441 0 3.460844 0.02055555 0 3.4548 0.0916 0 3.448756 0.08995556 0 3.444445 0.08564442 0 3.4428 0.07959997 0 3.444445 0.07355552 0 3.448756 0.06924444 0 3.4548 0.06760001 0 3.460845 0.06924444 0 3.465156 0.07355552 0 3.4668 0.07959997 0 3.465156 0.08564442 0 3.460844 0.08995556 0 3.3656 0.1364 0 3.3478 0.1364 0 3.3478 0.08799999 0 3.341059 0.0900889 0 3.334941 0.09124445 0 3.329 0.0916 0 3.305741 0.08581477 0 3.289993 0.07011848 0 3.2842 0.04699999 0 3.289549 0.02201479 0 3.304585 0.005785167 0 3.3278 0 0 3.3656 0 0 3.3478 0.01499998 0 3.3298 0.01499998 0 3.313541 0.01888889 0 3.304926 0.02931106 0 3.3024 0.04439997 0 3.306045 0.06084442 0 3.316089 0.07168889 0 3.3312 0.07559996 0 3.336837 0.07525181 0 3.342163 0.07414811 0 3.3478 0.0722 0 3.21 0.0898 0 3.21 0 0 3.2278 0 0 3.2278 0.04699999 0 3.230741 0.06099998 0 3.238526 0.07086664 0 3.2496 0.07459998 0 3.25457 0.07347404 0 3.26043 0.0703926 0 3.2662 0.06580001 0 3.2756 0.0812 0 3.268363 0.0870074 0 3.261304 0.09045922 0 3.2542 0.0916 0 3.245726 0.08930367 0 3.237074 0.08202964 0 3.2282 0.06919997 0 3.2278 0.06919997 0 3.2278 0.0898 0 3.1404 0.0916 0 3.1162 0.08545923 0 3.099334 0.06914073 0 3.093 0.04579997 0 3.099156 0.02119255 0 3.115844 0.004407405 0 3.1404 -0.001799941 0 3.1658 0.004229605 0 3.1828 0.020837 0 3.189 0.04579997 0 3.182667 0.06949627 0 3.165534 0.08563703 0 3.1402 0.07559996 0 3.156045 0.07168889 0 3.166822 0.06111109 0 3.1708 0.04559999 0 3.167045 0.02883702 0 3.156489 0.01802963 0 3.1402 0.01419997 0 3.125037 0.01817035 0 3.114896 0.02916294 0 3.1112 0.04579997 0 3.114985 0.06117033 0 3.125215 0.07169628 0 3.0154 0.1364 0 2.9976 0.1364 0 2.9976 0.004999995 0 3.007548 0.00137037 0 3.019052 -9.7037e-4 0 3.031 -0.001799941 0 3.056778 0.004044413 0 3.073222 0.02068889 0 3.079 0.04679995 0 3.073919 0.06988143 0 3.060215 0.08571851 0 3.0402 0.0916 0 3.031504 0.0907185 0 3.023297 0.08801478 0 3.0154 0.08340001 0 3.0154 0.06639999 0 3.022422 0.07180738 0 3.028911 0.07472592 0 3.0358 0.07559996 0 3.048948 0.07168143 0 3.057652 0.06078517 0 3.0608 0.0442 0 3.057252 0.02907407 0 3.047615 0.01879256 0 3.0334 0.01499998 0 3.027578 0.01537036 0 3.021222 0.01636296 0 3.0154 0.01779997 0 2.922 0.02599996 0 2.911637 0.02017778 0 2.90123 0.01648885 0 2.8906 0.01519995 0 2.875748 0.01824444 0 2.865652 0.02728885 0 2.8604 0.04219996 0 2.9236 0.04219996 0 2.918778 0.06976294 0 2.905289 0.08617037 0 2.8846 0.0916 0 2.862689 0.08582222 0 2.847978 0.06991112 0 2.8426 0.046 0 2.847682 0.02258515 0 2.862452 0.005081474 0 2.8862 -0.001799941 0 2.899837 -6.51852e-4 0 2.911297 0.002851843 0 2.922 0.00879997 0 2.8608 0.05399996 0 2.865119 0.06606668 0 2.873215 0.07359999 0 2.885 0.0762 0 2.895911 0.07346665 0 2.903089 0.06579995 0 2.906 0.05399996 0 2.8226 0.1364 0 2.8048 0.1364 0 2.8048 0.08799999 0 2.798059 0.0900889 0 2.791941 0.09124445 0 2.786 0.0916 0 2.762741 0.08581477 0 2.746993 0.07011848 0 2.7412 0.04699999 0 2.746548 0.02201479 0 2.761585 0.005785167 0 2.7848 0 0 2.8226 0 0 2.8048 0.01499998 0 2.7868 0.01499998 0 2.770541 0.01888889 0 2.761926 0.02931106 0 2.7594 0.04439997 0 2.763045 0.06084442 0 2.773089 0.07168889 0 2.7882 0.07559996 0 2.793837 0.07525181 0 2.799163 0.07414811 0 2.8048 0.0722 0 2.6646 0.08419996 0 2.655445 0.08834069 0 2.646689 0.09079259 0 2.6382 0.0916 0 2.622526 0.08865183 0 2.612274 0.08028149 0 2.6086 0.0672 0 2.619489 0.04799997 0 2.639711 0.03533333 0 2.6506 0.02399998 0 2.648778 0.01859998 0 2.644022 0.01519995 0 2.6374 0.01379996 0 2.629156 0.01508146 0 2.619178 0.01898515 0 2.608 0.02559995 0 2.608 0.006399989 0 2.6188 0.001607358 0 2.6288 -0.001007378 0 2.6392 -0.001799941 0 2.65443 0.001533329 0 2.664904 0.0107333 0 2.6688 0.02459996 0 2.666852 0.03304439 0 2.660415 0.04095554 0 2.6486 0.04979997 0 2.635926 0.05766665 0 2.628941 0.06339997 0 2.6268 0.06779998 0 2.628259 0.07205927 0 2.632341 0.07494074 0 2.6386 0.07599997 0 2.646052 0.07502961 0 2.654882 0.07197034 0 2.6646 0.06659996 0 2.5666 0.1084 0 2.5332 0.0758 0 2.5332 0.07379996 0 2.5488 0.07379996 0 2.5488 0.02639997 0 2.552059 0.01188886 0 2.561807 0.001911103 0 2.578 -0.001799941 0 2.5848 -0.000999987 0 2.592533 0.001133322 0 2.5996 0.004199981 0 2.5996 0.02079999 0 2.592585 0.01713329 0 2.585882 0.01493328 0 2.5794 0.01419997 0 2.57377 0.01537036 0 2.568763 0.01956295 0 2.5666 0.02779996 0 2.5666 0.07379996 0 2.595 0.07379996 0 2.595 0.0898 0 2.5666 0.0898 0 2.4632 0.0898 0 2.4454 0.0898 0 2.4454 0 0 2.4632 0 0 2.4632 0.06440001 0 2.471008 0.07194811 0 2.478193 0.07611852 0 2.4856 0.07739996 0 2.494963 0.07468146 0 2.501037 0.06711852 0 2.5032 0.05559998 0 2.5032 0 0 2.521 0 0 2.521 0.05539995 0 2.516844 0.07571852 0 2.505889 0.08768147 0 2.4904 0.0916 0 2.480519 0.08998519 0 2.471348 0.08534812 0 2.4636 0.078 0 2.4632 0.078 0 2.422 0.117 0 2.420541 0.1223259 0 2.416726 0.1261407 0 2.4114 0.1276 0 2.406074 0.1261407 0 2.40226 0.1223259 0 2.4008 0.117 0 2.40226 0.1116741 0 2.406074 0.1078593 0 2.4114 0.1064 0 2.416726 0.1078593 0 2.420541 0.1116741 0 2.4202 0.0898 0 2.4024 0.0898 0 2.4024 0 0 2.4202 0 0 2.3336 0.0916 0 2.3094 0.08545923 0 2.292533 0.06914073 0 2.2862 0.04579997 0 2.292356 0.02119255 0 2.309045 0.004407405 0 2.3336 -0.001799941 0 2.359 0.004229605 0 2.376 0.020837 0 2.3822 0.04579997 0 2.375867 0.06949627 0 2.358733 0.08563703 0 2.3334 0.07559996 0 2.349245 0.07168889 0 2.360022 0.06111109 0 2.364 0.04559999 0 2.360244 0.02883702 0 2.349689 0.01802963 0 2.3334 0.01419997 0 2.318237 0.01817035 0 2.308096 0.02916294 0 2.3044 0.04579997 0 2.308185 0.06117033 0 2.318415 0.07169628 0 2.2082 0.002199947 0 2.2146 -8.14814e-5 0 2.220467 -0.001385152 0 2.2262 -0.001799941 0 2.249845 0.004125893 0 2.265889 0.02027404 0 2.2718 0.0442 0 2.26597 0.06917774 0 2.248896 0.08455556 0 2.2212 0.0898 0 2.1904 0.0898 0 2.1904 -0.046 0 2.2082 -0.046 0 2.2082 0.07379996 0 2.2244 0.07379996 0 2.240593 0.07031106 0 2.250341 0.06028884 0 2.2536 0.04439997 0 2.249874 0.02883702 0 2.239793 0.01816296 0 2.225 0.01419997 0 2.219356 0.01465922 0 2.213711 0.01600736 0 2.2082 0.01819998 0 2.1152 0.02599996 0 2.104837 0.02017778 0 2.09443 0.01648885 0 2.0838 0.01519995 0 2.068948 0.01824444 0 2.058852 0.02728885 0 2.0536 0.04219996 0 2.1168 0.04219996 0 2.111978 0.06976294 0 2.098489 0.08617037 0 2.0778 0.0916 0 2.055889 0.08582222 0 2.041178 0.06991112 0 2.0358 0.046 0 2.040882 0.02258515 0 2.055652 0.005081474 0 2.0794 -0.001799941 0 2.093037 -6.51852e-4 0 2.104496 0.002851843 0 2.1152 0.00879997 0 2.054 0.05399996 0 2.058319 0.06606668 0 2.066415 0.07359999 0 2.0782 0.0762 0 2.089111 0.07346665 0 2.096289 0.06579995 0 2.0992 0.05399996 0 1.9622 0.0898 0 1.9622 0 0 1.98 0 0 1.98 0.04699999 0 1.982941 0.06099998 0 1.990726 0.07086664 0 2.0018 0.07459998 0 2.006771 0.07347404 0 2.01263 0.0703926 0 2.0184 0.06580001 0 2.0278 0.0812 0 2.020563 0.0870074 0 2.013504 0.09045922 0 2.0064 0.0916 0 1.997926 0.08930367 0 1.989274 0.08202964 0 1.9804 0.06919997 0 1.98 0.06919997 0 1.98 0.0898 0 1.9152 0.1084 0 1.8818 0.0758 0 1.8818 0.07379996 0 1.8974 0.07379996 0 1.8974 0.02639997 0 1.900659 0.01188886 0 1.910408 0.001911103 0 1.9266 -0.001799941 0 1.9334 -0.000999987 0 1.941133 0.001133322 0 1.9482 0.004199981 0 1.9482 0.02079999 0 1.941185 0.01713329 0 1.934482 0.01493328 0 1.928 0.01419997 0 1.92237 0.01537036 0 1.917363 0.01956295 0 1.9152 0.02779996 0 1.9152 0.07379996 0 1.9436 0.07379996 0 1.9436 0.0898 0 1.9152 0.0898 0 1.8118 0.0898 0 1.794 0.0898 0 1.794 0 0 1.8118 0 0 1.8118 0.06440001 0 1.819607 0.07194811 0 1.826793 0.07611852 0 1.8342 0.07739996 0 1.843563 0.07468146 0 1.849637 0.06711852 0 1.8518 0.05559998 0 1.8518 0 0 1.8696 0 0 1.8696 0.05539995 0 1.865445 0.07571852 0 1.854489 0.08768147 0 1.839 0.0916 0 1.829119 0.08998519 0 1.819948 0.08534812 0 1.8122 0.078 0 1.8118 0.078 0 1.7736 0.02599996 0 1.763237 0.02017778 0 1.75283 0.01648885 0 1.7422 0.01519995 0 1.727348 0.01824444 0 1.717252 0.02728885 0 1.712 0.04219996 0 1.7752 0.04219996 0 1.770378 0.06976294 0 1.756889 0.08617037 0 1.7362 0.0916 0 1.714289 0.08582222 0 1.699578 0.06991112 0 1.6942 0.046 0 1.699282 0.02258515 0 1.714052 0.005081474 0 1.7378 -0.001799941 0 1.751437 -6.51852e-4 0 1.762896 0.002851843 0 1.7736 0.00879997 0 1.7124 0.05399996 0 1.716719 0.06606668 0 1.724815 0.07359999 0 1.7366 0.0762 0 1.747511 0.07346665 0 1.754689 0.06579995 0 1.7576 0.05399996 0 1.6182 0.08419996 0 1.609045 0.08834069 0 1.600289 0.09079259 0 1.5918 0.0916 0 1.576126 0.08865183 0 1.565874 0.08028149 0 1.5622 0.0672 0 1.573089 0.04799997 0 1.593311 0.03533333 0 1.6042 0.02399998 0 1.602378 0.01859998 0 1.597622 0.01519995 0 1.591 0.01379996 0 1.582756 0.01508146 0 1.572778 0.01898515 0 1.5616 0.02559995 0 1.5616 0.006399989 0 1.5724 0.001607358 0 1.5824 -0.001007378 0 1.5928 -0.001799941 0 1.60803 0.001533329 0 1.618504 0.0107333 0 1.6224 0.02459996 0 1.620452 0.03304439 0 1.614015 0.04095554 0 1.6022 0.04979997 0 1.589526 0.05766665 0 1.582541 0.06339997 0 1.5804 0.06779998 0 1.581859 0.07205927 0 1.585941 0.07494074 0 1.5922 0.07599997 0 1.599652 0.07502961 0 1.608482 0.07197034 0 1.6182 0.06659996 0 1.5452 0.02599996 0 1.534837 0.02017778 0 1.52443 0.01648885 0 1.5138 0.01519995 0 1.498948 0.01824444 0 1.488852 0.02728885 0 1.4836 0.04219996 0 1.5468 0.04219996 0 1.541978 0.06976294 0 1.528489 0.08617037 0 1.5078 0.0916 0 1.485889 0.08582222 0 1.471178 0.06991112 0 1.4658 0.046 0 1.470882 0.02258515 0 1.485652 0.005081474 0 1.5094 -0.001799941 0 1.523037 -6.51852e-4 0 1.534496 0.002851843 0 1.5452 0.00879997 0 1.484 0.05399996 0 1.488319 0.06606668 0 1.496415 0.07359999 0 1.5082 0.0762 0 1.519111 0.07346665 0 1.526289 0.06579995 0 1.5292 0.05399996 0 1.4494 0.02599996 0 1.439037 0.02017778 0 1.42863 0.01648885 0 1.418 0.01519995 0 1.403148 0.01824444 0 1.393052 0.02728885 0 1.3878 0.04219996 0 1.451 0.04219996 0 1.446178 0.06976294 0 1.432689 0.08617037 0 1.412 0.0916 0 1.390089 0.08582222 0 1.375378 0.06991112 0 1.37 0.046 0 1.375082 0.02258515 0 1.389852 0.005081474 0 1.4136 -0.001799941 0 1.427237 -6.51852e-4 0 1.438696 0.002851843 0 1.4494 0.00879997 0 1.3882 0.05399996 0 1.392519 0.06606668 0 1.400615 0.07359999 0 1.4124 0.0762 0 1.423311 0.07346665 0 1.430489 0.06579995 0 1.4334 0.05399996 0 1.3488 0.1364 0 1.331 0.1364 0 1.331 0 0 1.3488 0 0 1.2622 0.0916 0 1.238 0.08545923 0 1.221133 0.06914073 0 1.2148 0.04579997 0 1.220956 0.02119255 0 1.237645 0.004407405 0 1.2622 -0.001799941 0 1.2876 0.004229605 0 1.3046 0.020837 0 1.3108 0.04579997 0 1.304467 0.06949627 0 1.287333 0.08563703 0 1.262 0.07559996 0 1.277845 0.07168889 0 1.288622 0.06111109 0 1.2926 0.04559999 0 1.288845 0.02883702 0 1.278289 0.01802963 0 1.262 0.01419997 0 1.246837 0.01817035 0 1.236696 0.02916294 0 1.233 0.04579997 0 1.236785 0.06117033 0 1.247015 0.07169628 0 1.1368 0.002199947 0 1.1432 -8.14814e-5 0 1.149067 -0.001385152 0 1.1548 -0.001799941 0 1.178445 0.004125893 0 1.194489 0.02027404 0 1.2004 0.0442 0 1.194571 0.06917774 0 1.177496 0.08455556 0 1.1498 0.0898 0 1.119 0.0898 0 1.119 -0.046 0 1.1368 -0.046 0 1.1368 0.07379996 0 1.153 0.07379996 0 1.169193 0.07031106 0 1.178941 0.06028884 0 1.1822 0.04439997 0 1.178474 0.02883702 0 1.168393 0.01816296 0 1.1536 0.01419997 0 1.147956 0.01465922 0 1.142311 0.01600736 0 1.1368 0.01819998 0 1.0422 0.0898 0 1.0422 0 0 1.06 0 0 1.06 0.04699999 0 1.062941 0.06099998 0 1.070726 0.07086664 0 1.0818 0.07459998 0 1.086771 0.07347404 0 1.09263 0.0703926 0 1.0984 0.06580001 0 1.1078 0.0812 0 1.100563 0.0870074 0 1.093504 0.09045922 0 1.0864 0.0916 0 1.077926 0.08930367 0 1.069274 0.08202964 0 1.0604 0.06919997 0 1.06 0.06919997 0 1.06 0.0898 0 1.0202 0.02599996 0 1.009837 0.02017778 0 0.9994298 0.01648885 0 0.9888002 0.01519995 0 0.9739483 0.01824444 0 0.963852 0.02728885 0 0.9586002 0.04219996 0 1.0218 0.04219996 0 1.016978 0.06976294 0 1.003489 0.08617037 0 0.9828001 0.0916 0 0.9608891 0.08582222 0 0.946178 0.06991112 0 0.9408001 0.046 0 0.9458816 0.02258515 0 0.9606519 0.005081474 0 0.9844001 -0.001799941 0 0.9980372 -6.51852e-4 0 1.009496 0.002851843 0 1.0202 0.00879997 0 0.9590001 0.05399996 0 0.9633187 0.06606668 0 0.9714149 0.07359999 0 0.9832001 0.0762 0 0.9941112 0.07346665 0 1.001289 0.06579995 0 1.0042 0.05399996 0 0.8994001 0.1084 0 0.8660001 0.0758 0 0.8660001 0.07379996 0 0.8816001 0.07379996 0 0.8816001 0.02639997 0 0.8848593 0.01188886 0 0.8946075 0.001911103 0 0.9108001 -0.001799941 0 0.9176001 -0.000999987 0 0.9253334 0.001133322 0 0.9324002 0.004199981 0 0.9324002 0.02079999 0 0.9253853 0.01713329 0 0.9186816 0.01493328 0 0.9122001 0.01419997 0 0.9065704 0.01537036 0 0.901563 0.01956295 0 0.8994001 0.02779996 0 0.8994001 0.07379996 0 0.9278001 0.07379996 0 0.9278001 0.0898 0 0.8994001 0.0898 0 0.7960001 0.0898 0 0.7782001 0.0898 0 0.7782001 0 0 0.7960001 0 0 0.7960001 0.06440001 0 0.8038075 0.07194811 0 0.8109927 0.07611852 0 0.8184001 0.07739996 0 0.827763 0.07468146 0 0.8338371 0.06711852 0 0.8360001 0.05559998 0 0.8360001 0 0 0.8538001 0 0 0.8538001 0.05539995 0 0.8496446 0.07571852 0 0.838689 0.08768147 0 0.8232001 0.0916 0 0.8133186 0.08998519 0 0.8041483 0.08534812 0 0.7964001 0.078 0 0.7960001 0.078 0 0.7548001 0.117 0 0.7533408 0.1223259 0 0.749526 0.1261407 0 0.7442001 0.1276 0 0.7388741 0.1261407 0 0.7350593 0.1223259 0 0.7336001 0.117 0 0.7350593 0.1116741 0 0.7388741 0.1078593 0 0.7442001 0.1064 0 0.749526 0.1078593 0 0.7533408 0.1116741 0 0.7530001 0.0898 0 0.7352001 0.0898 0 0.7352001 0 0 0.7530001 0 0 0.6544001 0.08419996 0 0.6452445 0.08834069 0 0.6364889 0.09079259 0 0.628 0.0916 0 0.612326 0.08865183 0 0.6020742 0.08028149 0 0.5984001 0.0672 0 0.6092889 0.04799997 0 0.6295112 0.03533333 0 0.6404001 0.02399998 0 0.6385778 0.01859998 0 0.6338223 0.01519995 0 0.6272001 0.01379996 0 0.6189556 0.01508146 0 0.6089778 0.01898515 0 0.5978 0.02559995 0 0.5978 0.006399989 0 0.6086 0.001607358 0 0.6186 -0.001007378 0 0.6290001 -0.001799941 0 0.6442297 0.001533329 0 0.6547037 0.0107333 0 0.6586 0.02459996 0 0.6566519 0.03304439 0 0.6502149 0.04095554 0 0.6384 0.04979997 0 0.6257259 0.05766665 0 0.6187407 0.06339997 0 0.6166 0.06779998 0 0.6180593 0.07205927 0 0.6221408 0.07494074 0 0.6284 0.07599997 0 0.6358519 0.07502961 0 0.6446816 0.07197034 0 0.6544001 0.06659996 0 0.5814 0.02599996 0 0.5710371 0.02017778 0 0.5606296 0.01648885 0 0.55 0.01519995 0 0.5351482 0.01824444 0 0.525052 0.02728885 0 0.5198001 0.04219996 0 0.5830001 0.04219996 0 0.5781778 0.06976294 0 0.5646889 0.08617037 0 0.544 0.0916 0 0.522089 0.08582222 0 0.5073779 0.06991112 0 0.502 0.046 0 0.5070815 0.02258515 0 0.5218519 0.005081474 0 0.5456001 -0.001799941 0 0.5592371 -6.51852e-4 0 0.5706963 0.002851843 0 0.5814 0.00879997 0 0.5202 0.05399996 0 0.5245186 0.06606668 0 0.5326148 0.07359999 0 0.5444 0.0762 0 0.5553112 0.07346665 0 0.5624889 0.06579995 0 0.5654001 0.05399996 0 0.4848001 0.08539998 0 0.4765482 0.0886963 0 0.4682519 0.090837 0 0.4588 0.0916 0 0.4352 0.08562964 0 0.4198667 0.06890368 0 0.4144 0.04319995 0 0.4202667 0.01979994 0 0.4362667 0.003999948 0 0.46 -0.001799941 0 0.4697926 -0.001074016 0 0.4792741 8.07408e-4 0 0.4868 0.003399968 0 0.4868 0.02099996 0 0.4783186 0.01766663 0 0.4705482 0.01566666 0 0.463 0.01499998 0 0.4469407 0.01859259 0 0.4363926 0.0288074 0 0.4326 0.04479998 0 0.4361037 0.06077033 0 0.4456963 0.07136297 0 0.46 0.07519996 0 0.4676297 0.07442963 0 0.4755704 0.07170367 0 0.4848001 0.06639999 0 0.403 0.01599997 0 0.3991852 0.01342219 0 0.3959482 0.01177775 0 0.3936001 0.01119995 0 0.3917407 0.01163703 0 0.3905926 0.01309627 0 0.3902 0.01579999 0 0.3902 0.06199997 0 0.3857926 0.07874071 0 0.3741407 0.08845925 0 0.3576 0.0916 0 0.3456519 0.09025925 0 0.3357481 0.08620738 0 0.3278 0.0794 0 0.3278 0.06 0 0.3368074 0.06837034 0 0.3463926 0.07322961 0 0.3562 0.07480001 0 0.3652 0.07319259 0 0.3706 0.06807404 0 0.3724 0.05899995 0 0.3724 0.05419999 0 0.3566 0.04859995 0 0.3422667 0.04288142 0 0.3307334 0.0343185 0 0.326 0.02019995 0 0.3287704 0.009340703 0 0.3364297 0.001325905 0 0.348 -0.001799941 0 0.3561852 -7.92593e-4 0 0.3642815 0.002259254 0 0.3722 0.007399976 0 0.3747037 0.002170324 0 0.379163 -8.37036e-4 0 0.3858 -0.001799941 0 0.390926 -0.001185178 0 0.3961408 9.85185e-4 0 0.403 0.005199968 0 0.3724 0.01819998 0 0.3674667 0.01423698 0 0.3622667 0.01169627 0 0.3568 0.0108 0 0.3501926 0.0124222 0 0.3456741 0.01684439 0 0.3440001 0.02339994 0 0.3479852 0.03239995 0 0.3582815 0.03899997 0 0.3724 0.04439997 0 0.33 0.1364 0 0.3160963 0.1382815 0 0.3051704 0.1357185 0 0.2966 0.1296 0 0.2904444 0.1217037 0 0.2865556 0.1112296 0 0.2852 0.09639996 0 0.2852 0.0898 0 0.2726 0.0898 0 0.2726 0.07379996 0 0.2852 0.07379996 0 0.2852 0 0 0.303 0 0 0.303 0.07379996 0 0.3192 0.07379996 0 0.3192 0.0898 0 0.303 0.0898 0 0.303 0.09839999 0 0.304726 0.1102889 0 0.3106741 0.1179111 0 0.322 0.1206 0 0.3248296 0.1204518 0 0.3273037 0.1199482 0 0.33 0.119 0 0.2054 0.0898 0 0.2054 0 0 0.2232 0 0 0.2232 0.04699999 0 0.2261407 0.06099998 0 0.2339259 0.07086664 0 0.245 0.07459998 0 0.2499704 0.07347404 0 0.2558296 0.0703926 0 0.2616 0.06580001 0 0.271 0.0812 0 0.263763 0.0870074 0 0.2567037 0.09045922 0 0.2496 0.0916 0 0.2411259 0.08930367 0 0.232474 0.08202964 0 0.2236 0.06919997 0 0.2232 0.06919997 0 0.2232 0.0898 0 0.179 0 0 0.179 0.0898 0 0.1612 0.0898 0 0.1612 0.02559995 0 0.1548519 0.01868885 0 0.1476148 0.01444441 0 0.1398 0.01299995 0 0.1296074 0.01533329 0 0.1234592 0.02206665 0 0.1214 0.03279995 0 0.1214 0.0898 0 0.1036 0.0898 0 0.1036 0.03399997 0 0.1075926 0.01458513 0 0.1184741 0.002414762 0 0.1346 -0.001799941 0 0.143763 -1.55556e-4 0 0.1529704 0.004422187 0 0.1612 0.01139998 0 0.1612 0 0 0.0798 0.1286 0 0.06996291 0.1339333 0 0.05977034 0.1371333 0 0.04939997 0.1382 0 0.02755552 0.1336963 0 0.01317775 0.1211037 0 0.007999956 0.1018 0 0.02329629 0.07360738 0 0.05170369 0.05505925 0 0.06699997 0.03299999 0 0.06462222 0.02516293 0 0.05731111 0.01857036 0 0.04479998 0.01579999 0 0.03173333 0.01808887 0 0.01959997 0.02477777 0 0.00879997 0.0356 0 0.00879997 0.0108 0 0.02048146 0.003711104 0 0.03305184 -4.44445e-4 0 0.04699999 -0.001799941 0 0.06668144 0.003037035 0 0.08018517 0.01609629 0 0.08520001 0.03519999 0 0.06990367 0.06660741 0 0.04149627 0.08445924 0 0.02619999 0.1044 0 0.02899998 0.1128666 0 0.03659999 0.1185333 0 0.0478 0.1206 0 0.05760741 0.119363 0 0.06839257 0.1149703 0 0.0798 0.1064 0</float_array>
          <technique_common>
            <accessor source="#Surfaces_interpolees_entre_points_de_bord___pas_de_terrain_ni_m-mesh-positions-array" count="1718" stride="3">
              <param name="X" type="float"/>
              <param name="Y" type="float"/>
              <param name="Z" type="float"/>
            </accessor>
          </technique_common>
        </source>
        <source id="Surfaces_interpolees_entre_points_de_bord___pas_de_terrain_ni_m-mesh-normals">
          <float_array id="Surfaces_interpolees_entre_points_de_bord___pas_de_terrain_ni_m-mesh-normals-array" count="4866">0 0 1 0 0 1 0 0 1 0 0 1 0 0 1 0 0 1 0 0 1 0 0 1 0 0 1 0 0 1 0 0 1 0 0 1 0 0 1 0 0 1 0 0 1 0 0 1 0 0 1 0 0 1 0 0 1 0 0 1 0 0 1 0 0 1 0 0 1 0 0 1 0 0 1 0 0 1 0 0 1 0 0 1 0 0 1 0 0 1 0 0 1 0 0 1 0 0 1 0 0 1 0 0 1 0 0 1 0 0 1 0 0 1 0 0 1 0 0 1 0 0 1 0 0 1 0 0 1 0 0 1 0 0 1 0 0 1 0 0 1 0 0 1 0 0 1 0 0 1 0 0 1 0 0 1 0 0 1 0 0 1 0 0 1 0 0 1 0 0 1 0 0 1 0 0 1 0 0 1 0 0 1 0 0 1 0 0 1 0 0 1 0 0 1 0 0 1 0 0 1 0 0 1 0 0 1 0 0 1 0 0 1 0 0 1 0 0 1 0 0 1 0 0 1 0 0 1 0 0 1 0 0 1 0 0 1 0 0 1 0 0 1 0 0 1 0 0 1 0 0 1 0 0 1 0 0 1 0 0 1 0 0 1 0 0 1 0 0 1 0 0 1 0 0 1 0 0 1 0 0 1 0 0 1 0 0 1 0 0 1 0 0 1 0 0 1 0 0 1 0 0 1 0 0 1 0 0 1 0 0 1 0 0 1 0 0 1 0 0 1 0 0 1 0 0 1 0 0 1 0 0 1 0 0 1 0 0 1 0 0 1 0 0 1 0 0 1 0 0 1 0 0 1 0 0 1 0 0 1 0 0 1 0 0 1 0 0 1 0 0 1 0 0 1 0 0 1 0 0 1 0 0 1 0 0 1 0 0 1 0 0 1 0 0 1 0 0 1 0 0 1 0 0 1 0 0 1 0 0 1 0 0 1 0 0 1 0 0 1 0 0 1 0 0 1 0 0 1 0 0 1 0 0 1 0 0 1 0 0 1 0 0 1 0 0 1 0 0 1 0 0 1 0 0 1 0 0 1 0 0 1 0 0 1 0 0 1 0 0 1 0 0 1 0 0 1 0 0 1 0 0 1 0 0 1 0 0 1 0 0 1 0 0 1 0 0 1 0 0 1 0 0 1 0 0 1 0 0 1 0 0 1 0 0 1 0 0 1 0 0 1 0 0 1 0 0 1 0 0 1 0 0 1 0 0 1 0 0 1 0 0 1 0 0 1 0 0 1 0 0 1 0 0 1 0 0 1 0 0 1 0 0 1 0 0 1 0 0 1 0 0 1 0 0 1 0 0 1 0 0 1 0 0 1 0 0 1 0 0 1 0 0 1 0 0 1 0 0 1 0 0 1 0 0 1 0 0 1 0 0 1 0 0 1 0 0 1 0 0 1 0 0 1 0 0 1 0 0 1 0 0 1 0 0 1 0 0 1 0 0 1 0 0 1 0 0 1 0 0 1 0 0 1 0 0 1 0 0 1 0 0 1 0 0 1 0 0 1 0 0 1 0 0 1 0 0 1 0 0 1 0 0 1 0 0 1 0 0 1 0 0 1 0 0 1 0 0 1 0 0 1 0 0 1 0 0 1 0 0 1 0 0 1 0 0 1 0 0 1 0 0 1 0 0 1 0 0 1 0 0 1 0 0 1 0 0 1 0 0 1 0 0 1 0 0 1 0 0 1 0 0 1 0 0 1 0 0 1 0 0 1 0 0 1 0 0 1 0 0 1 0 0 1 0 0 1 0 0 1 0 0 1 0 0 1 0 0 1 0 0 1 0 0 1 0 0 1 0 0 1 0 0 1 0 0 1 0 0 1 0 0 1 0 0 1 0 0 1 0 0 1 0 0 1 0 0 1 0 0 1 0 0 1 0 0 1 0 0 1 0 0 1 0 0 1 0 0 1 0 0 1 0 0 1 0 0 1 0 0 1 0 0 1 0 0 1 0 0 1 0 0 1 0 0 1 0 0 1 0 0 1 0 0 1 0 0 1 0 0 1 0 0 1 0 0 1 0 0 1 0 0 1 0 0 1 0 0 1 0 0 1 0 0 1 0 0 1 0 0 1 0 0 1 0 0 1 0 0 1 0 0 1 0 0 1 0 0 1 0 0 1 0 0 1 0 0 1 0 0 1 0 0 1 0 0 1 0 0 1 0 0 1 0 0 1 0 0 1 0 0 1 0 0 1 0 0 1 0 0 1 0 0 1 0 0 1 0 0 1 0 0 1 0 0 1 0 0 1 0 0 1 0 0 1 0 0 1 0 0 1 0 0 1 0 0 1 0 0 1 0 0 1 0 0 1 0 0 1 0 0 1 0 0 1 0 0 1 0 0 1 0 0 1 0 0 1 0 0 1 0 0 1 0 0 1 0 0 1 0 0 1 0 0 1 0 0 1 0 0 1 0 0 1 0 0 1 0 0 1 0 0 1 0 0 1 0 0 1 0 0 1 0 0 1 0 0 1 0 0 1 0 0 1 0 0 1 0 0 1 0 0 1 0 0 1 0 0 1 0 0 1 0 0 1 0 0 1 0 0 1 0 0 1 0 0 1 0 0 1 0 0 1 0 0 1 0 0 1 0 0 1 0 0 1 0 0 1 0 0 1 0 0 1 0 0 1 0 0 1 0 0 1 0 0 1 0 0 1 0 0 1 0 0 1 0 0 1 0 0 1 0 0 1 0 0 1 0 0 1 0 0 1 0 0 1 0 0 1 0 0 1 0 0 1 0 0 1 0 0 1 0 0 1 0 0 1 0 0 1 0 0 1 0 0 1 0 0 1 0 0 1 0 0 1 0 0 1 0 0 1 0 0 1 0 0 1 0 0 1 0 0 1 0 0 1 0 0 1 0 0 1 0 0 1 0 0 1 0 0 1 0 0 1 0 0 1 0 0 1 0 0 1 0 0 1 0 0 1 0 0 1 0 0 1 0 0 1 0 0 1 0 0 1 0 0 1 0 0 1 0 0 1 0 0 1 0 0 1 0 0 1 0 0 1 0 0 1 0 0 1 0 0 1 0 0 1 0 0 1 0 0 1 0 0 1 0 0 1 0 0 1 0 0 1 0 0 1 0 0 1 0 0 1 0 0 1 0 0 1 0 0 1 0 0 1 0 0 1 0 0 1 0 0 1 0 0 1 0 0 1 0 0 1 0 0 1 0 0 1 0 0 1 0 0 1 0 0 1 0 0 1 0 0 1 0 0 1 0 0 1 0 0 1 0 0 1 0 0 1 0 0 1 0 0 1 0 0 1 0 0 1 0 0 1 0 0 1 0 0 1 0 0 1 0 0 1 0 0 1 0 0 1 0 0 1 0 0 1 0 0 1 0 0 1 0 0 1 0 0 1 0 0 1 0 0 1 0 0 1 0 0 1 0 0 1 0 0 1 0 0 1 0 0 1 0 0 1 0 0 1 0 0 1 0 0 1 0 0 1 0 0 1 0 0 1 0 0 1 0 0 1 0 0 1 0 0 1 0 0 1 0 0 1 0 0 1 0 0 1 0 0 1 0 0 1 0 0 1 0 0 1 0 0 1 0 0 1 0 0 1 0 0 1 0 0 1 0 0 1 0 0 1 0 0 1 0 0 1 0 0 1 0 0 1 0 0 1 0 0 1 0 0 1 0 0 1 0 0 1 0 0 1 0 0 1 0 0 1 0 0 1 0 0 1 0 0 1 0 0 1 0 0 1 0 0 1 0 0 1 0 0 1 0 0 1 0 0 1 0 0 1 0 0 1 0 0 1 0 0 1 0 0 1 0 0 1 0 0 1 0 0 1 0 0 1 0 0 1 0 0 1 0 0 1 0 0 1 0 0 1 0 0 1 0 0 1 0 0 1 0 0 1 0 0 1 0 0 1 0 0 1 0 0 1 0 0 1 0 0 1 0 0 1 0 0 1 0 0 1 0 0 1 0 0 1 0 0 1 0 0 1 0 0 1 0 0 1 0 0 1 0 0 1 0 0 1 0 0 1 0 0 1 0 0 1 0 0 1 0 0 1 0 0 1 0 0 1 0 0 1 0 0 1 0 0 1 0 0 1 0 0 1 0 0 1 0 0 1 0 0 1 0 0 1 0 0 1 0 0 1 0 0 1 0 0 1 0 0 1 0 0 1 0 0 1 0 0 1 0 0 1 0 0 1 0 0 1 0 0 1 0 0 1 0 0 1 0 0 1 0 0 1 0 0 1 0 0 1 0 0 1 0 0 1 0 0 1 0 0 1 0 0 1 0 0 1 0 0 1 0 0 1 0 0 1 0 0 1 0 0 1 0 0 1 0 0 1 0 0 1 0 0 1 0 0 1 0 0 1 0 0 1 0 0 1 0 0 1 0 0 1 0 0 1 0 0 1 0 0 1 0 0 1 0 0 1 0 0 1 0 0 1 0 0 1 0 0 1 0 0 1 0 0 1 0 0 1 0 0 1 0 0 1 0 0 1 0 0 1 0 0 1 0 0 1 0 0 1 0 0 1 0 0 1 0 0 1 0 0 1 0 0 1 0 0 1 0 0 1 0 0 1 0 0 1 0 0 1 0 0 1 0 0 1 0 0 1 0 0 1 0 0 1 0 0 1 0 0 1 0 0 1 0 0 1 0 0 1 0 0 1 0 0 1 0 0 1 0 0 1 0 0 1 0 0 1 0 0 1 0 0 1 0 0 1 0 0 1 0 0 1 0 0 1 0 0 1 0 0 1 0 0 1 0 0 1 0 0 1 0 0 1 0 0 1 0 0 1 0 0 1 0 0 1 0 0 1 0 0 1 0 0 1 0 0 1 0 0 1 0 0 1 0 0 1 0 0 1 0 0 1 0 0 1 0 0 1 0 0 1 0 0 1 0 0 1 0 0 1 0 0 1 0 0 1 0 0 1 0 0 1 0 0 1 0 0 1 0 0 1 0 0 1 0 0 1 0 0 1 0 0 1 0 0 1 0 0 1 0 0 1 0 0 1 0 0 1 0 0 1 0 0 1 0 0 1 0 0 1 0 0 1 0 0 1 0 0 1 0 0 1 0 0 1 0 0 1 0 0 1 0 0 1 0 0 1 0 0 1 0 0 1 0 0 1 0 0 1 0 0 1 0 0 1 0 0 1 0 0 1 0 0 1 0 0 1 0 0 1 0 0 1 0 0 1 0 0 1 0 0 1 0 0 1 0 0 1 0 0 1 0 0 1 0 0 1 0 0 1 0 0 1 0 0 1 0 0 1 0 0 1 0 0 1 0 0 1 0 0 1 0 0 1 0 0 1 0 0 1 0 0 1 0 0 1 0 0 1 0 0 1 0 0 1 0 0 1 0 0 1 0 0 1 0 0 1 0 0 1 0 0 1 0 0 1 0 0 1 0 0 1 0 0 1 0 0 1 0 0 1 0 0 1 0 0 1 0 0 1 0 0 1 0 0 1 0 0 1 0 0 1 0 0 1 0 0 1 0 0 1 0 0 1 0 0 1 0 0 1 0 0 1 0 0 1 0 0 1 0 0 1 0 0 1 0 0 1 0 0 1 0 0 1 0 0 1 0 0 1 0 0 1 0 0 1 0 0 1 0 0 1 0 0 1 0 0 1 0 0 1 0 0 1 0 0 1 0 0 1 0 0 1 0 0 1 0 0 1 0 0 1 0 0 1 0 0 1 0 0 1 0 0 1 0 0 1 0 0 1 0 0 1 0 0 1 0 0 1 0 0 1 0 0 1 0 0 1 0 0 1 0 0 1 0 0 1 0 0 1 0 0 1 0 0 1 0 0 1 0 0 1 0 0 1 0 0 1 0 0 1 0 0 1 0 0 1 0 0 1 0 0 1 0 0 1 0 0 1 0 0 1 0 0 1 0 0 1 0 0 1 0 0 1 0 0 1 0 0 1 0 0 1 0 0 1 0 0 1 0 0 1 0 0 1 0 0 1 0 0 1 0 0 1 0 0 1 0 0 1 0 0 1 0 0 1 0 0 1 0 0 1 0 0 1 0 0 1 0 0 1 0 0 1 0 0 1 0 0 1 0 0 1 0 0 1 0 0 1 0 0 1 0 0 1 0 0 1 0 0 1 0 0 1 0 0 1 0 0 1 0 0 1 0 0 1 0 0 1 0 0 1 0 0 1 0 0 1 0 0 1 0 0 1 0 0 1 0 0 1 0 0 1 0 0 1 0 0 1 0 0 1 0 0 1 0 0 1 0 0 1 0 0 1 0 0 1 0 0 1 0 0 1 0 0 1 0 0 1 0 0 1 0 0 1 0 0 1 0 0 1 0 0 1 0 0 1 0 0 1 0 0 1 0 0 1 0 0 1 0 0 1 0 0 1 0 0 1 0 0 1 0 0 1 0 0 1 0 0 1 0 0 1 0 0 1 0 0 1 0 0 1 0 0 1 0 0 1 0 0 1 0 0 1 0 0 1 0 0 1 0 0 1 0 0 1 0 0 1 0 0 1 0 0 1 0 0 1 0 0 1 0 0 1 0 0 1 0 0 1 0 0 1 0 0 1 0 0 1 0 0 1 0 0 1 0 0 1 0 0 1 0 0 1 0 0 1 0 0 1 0 0 1 0 0 1 0 0 1 0 0 1 0 0 1 0 0 1 0 0 1 0 0 1 0 0 1 0 0 1 0 0 1 0 0 1 0 0 1 0 0 1 0 0 1 0 0 1 0 0 1 0 0 1 0 0 1 0 0 1 0 0 1 0 0 1 0 0 1 0 0 1 0 0 1 0 0 1 0 0 1 0 0 1 0 0 1 0 0 1 0 0 1 0 0 1 0 0 1 0 0 1 0 0 1 0 0 1 0 0 1 0 0 1 0 0 1 0 0 1 0 0 1 0 0 1 0 0 1 0 0 1 0 0 1 0 0 1 0 0 1 0 0 1 0 0 1 0 0 1 0 0 1 0 0 1 0 0 1 0 0 1 0 0 1 0 0 1 0 0 1 0 0 1 0 0 1 0 0 1 0 0 1 0 0 1 0 0 1 0 0 1 0 0 1 0 0 1 0 0 1 0 0 1 0 0 1 0 0 1 0 0 1 0 0 1 0 0 1 0 0 1 0 0 1 0 0 1 0 0 1 0 0 1 0 0 1 0 0 1 0 0 1 0 0 1 0 0 1 0 0 1 0 0 1 0 0 1 0 0 1 0 0 1 0 0 1 0 0 1 0 0 1 0 0 1 0 0 1 0 0 1 0 0 1 0 0 1 0 0 1 0 0 1 0 0 1 0 0 1 0 0 1 0 0 1 0 0 1 0 0 1 0 0 1 0 0 1 0 0 1 0 0 1 0 0 1 0 0 1 0 0 1 0 0 1 0 0 1 0 0 1 0 0 1 0 0 1 0 0 1 0 0 1 0 0 1 0 0 1 0 0 1 0 0 1 0 0 1 0 0 1 0 0 1 0 0 1 0 0 1 0 0 1 0 0 1 0 0 1 0 0 1 0 0 1 0 0 1 0 0 1 0 0 1 0 0 1 0 0 1 0 0 1 0 0 1 0 0 1 0 0 1 0 0 1 0 0 1 0 0 1 0 0 1 0 0 1 0 0 1 0 0 1 0 0 1 0 0 1 0 0 1 0 0 1 0 0 1 0 0 1 0 0 1 0 0 1 0 0 1 0 0 1 0 0 1 0 0 1 0 0 1 0 0 1 0 0 1 0 0 1 0 0 1 0 0 1 0 0 1 0 0 1 0 0 1 0 0 1 0 0 1 0 0 1 0 0 1 0 0 1 0 0 1 0 0 1 0 0 1 0 0 1 0 0 1 0 0 1 0 0 1 0 0 1 0 0 1 0 0 1 0 0 1 0 0 1 0 0 1 0 0 1 0 0 1 0 0 1 0 0 1 0 0 1 0 0 1 0 0 1 0 0 1 0 0 1 0 0 1 0 0 1 0 0 1 0 0 1 0 0 1 0 0 1 0 0 1 0 0 1 0 0 1 0 0 1 0 0 1 0 0 1 0 0 1 0 0 1 0 0 1 0 0 1 0 0 1 0 0 1 0 0 1 0 0 1 0 0 1 0 0 1 0 0 1 0 0 1 0 0 1 0 0 1 0 0 1 0 0 1 0 0 1 0 0 1 0 0 1 0 0 1 0 0 1 0 0 1 0 0 1 0 0 1 0 0 1 0 0 1 0 0 1 0 0 1 0 0 1 0 0 1 0 0 1 0 0 1 0 0 1 0 0 1 0 0 1 0 0 1 0 0 1 0 0 1 0 0 1 0 0 1 0 0 1 0 0 1 0 0 1 0 0 1 0 0 1 0 0 1 0 0 1 0 0 1 0 0 1 0 0 1 0 0 1 0 0 1 0 0 1 0 0 1 0 0 1 0 0 1 0 0 1 0 0 1 0 0 1 0 0 1 0 0 1 0 0 1 0 0 1 0 0 1 0 0 1 0 0 1 0 0 1 0 0 1 0 0 1 0 0 1 0 0 1 0 0 1 0 0 1 0 0 1 0 0 1 0 0 1 0 0 1 0 0 1 0 0 1 0 0 1 0 0 1 0 0 1 0 0 1 0 0 1 0 0 1 0 0 1 0 0 1 0 0 1 0 0 1 0 0 1 0 0 1 0 0 1 0 0 1 0 0 1 0 0 1 0 0 1 0 0 1 0 0 1 0 0 1 0 0 1 0 0 1 0 0 1 0 0 1 0 0 1 0 0 1 0 0 1 0 0 1 0 0 1 0 0 1 0 0 1 0 0 1 0 0 1 0 0 1 0 0 1 0 0 1 0 0 1 0 0 1 0 0 1 0 0 1 0 0 1 0 0 1 0 0 1 0 0 1 0 0 1 0 0 1 0 0 1 0 0 1 0 0 1 0 0 1 0 0 1 0 0 1 0 0 1 0 0 1 0 0 1 0 0 1 0 0 1 0 0 1 0 0 1 0 0 1 0 0 1 0 0 1 0 0 1 0 0 1 0 0 1 0 0 1 0 0 1 0 0 1 0 0 1 0 0 1 0 0 1 0 0 1 0 0 1 0 0 1 0 0 1 0 0 1 0 0 1 0 0 1 0 0 1 0 0 1 0 0 1 0 0 1 0 0 1 0 0 1 0 0 1 0 0 1 0 0 1 0 0 1 0 0 1 0 0 1 0 0 1 0 0 1 0 0 1 0 0 1 0 0 1 0 0 1 0 0 1 0 0 1 0 0 1 0 0 1 0 0 1 0 0 1 0 0 1 0 0 1 0 0 1 0 0 1 0 0 1 0 0 1 0 0 1 0 0 1 0 0 1 0 0 1 0 0 1 0 0 1 0 0 1 0 0 1 0 0 1 0 0 1 0 0 1 0 0 1 0 0 1 0 0 1 0 0 1 0 0 1 0 0 1 0 0 1 0 0 1 0 0 1 0 0 1 0 0 1 0 0 1 0 0 1 0 0 1 0 0 1 0 0 1 0 0 1 0 0 1 0 0 1 0 0 1 0 0 1 0 0 1 0 0 1 0 0 1 0 0 1 0 0 1 0 0 1 0 0 1 0 0 1 0 0 1 0 0 1 0 0 1 0 0 1 0 0 1 0 0 1 0 0 1 0 0 1 0 0 1 0 0 1 0 0 1 0 0 1 0 0 1 0 0 1 0 0 1 0 0 1 0 0 1 0 0 1 0 0 1 0 0 1 0 0 1 0 0 1 0 0 1 0 0 1 0 0 1 0 0 1 0 0 1 0 0 1 0 0 1 0 0 1 0 0 1 0 0 1 0 0 1 0 0 1 0 0 1 0 0 1 0 0 1 0 0 1 0 0 1 0 0 1 0 0 1 0 0 1 0 0 1 0 0 1 0 0 1 0 0 1 0 0 1 0 0 1 0 0 1 0 0 1 0 0 1 0 0 1 0 0 1 0 0 1 0 0 1 0 0 1 0 0 1 0 0 1 0 0 1 0 0 1 0 0 1 0 0 1 0 0 1 0 0 1 0 0 1 0 0 1 0 0 1 0 0 1 0 0 1 0 0 1 0 0 1 0 0 1 0 0 1 0 0 1 0 0 1 0 0 1 0 0 1 0 0 1 0 0 1 0 0 1 0 0 1 0 0 1 0 0 1 0 0 1 0 0 1 0 0 1 0 0 1 0 0 1 0 0 1 0 0 1 0 0 1 0 0 1 0 0 1 0 0 1 0 0 1 0 0 1 0 0 1 0 0 1 0 0 1 0 0 1 0 0 1 0 0 1 0 0 1 0 0 1 0 0 1 0 0 1 0 0 1 0 0 1 0 0 1 0 0 1 0 0 1 0 0 1 0 0 1 0 0 1 0 0 1 0 0 1 0 0 1 0 0 1 0 0 1 0 0 1 0 0 1 0 0 1 0 0 1 0 0 1 0 0 1 0 0 1 0 0 1 0 0 1 0 0 1 0 0 1 0 0 1 0 0 1 0 0 1 0 0 1 0 0 1 0 0 1 0 0 1 0 0 1 0 0 1 0 0 1 0 0 1 0 0 1 0 0 1 0 0 1 0 0 1 0 0 1 0 0 1 0 0 1 0 0 1 0 0 1 0 0 1 0 0 1 0 0 1 0 0 1 0 0 1 0 0 1 0 0 1 0 0 1 0 0 1 0 0 1 0 0 1 0 0 1 0 0 1 0 0 1 0 0 1 0 0 1 0 0 1 0 0 1 0 0 1 0 0 1 0 0 1 0 0 1 0 0 1 0 0 1 0 0 1 0 0 1 0 0 1 0 0 1 0 0 1 0 0 1 0 0 1 0 0 1 0 0 1 0 0 1 0 0 1 0 0 1 0 0 1 0 0 1 0 0 1 0 0 1 0 0 1 0 0 1 0 0 1 0 0 1 0 0 1 0 0 1 0 0 1 0 0 1 0 0 1 0 0 1 0 0 1 0 0 1 0 0 1 0 0 1 0 0 1 0 0 1 0 0 1 0 0 1 0 0 1 0 0 1 0 0 1 0 0 1 0 0 1 0 0 1 0 0 1 0 0 1 0 0 1</float_array>
          <technique_common>
            <accessor source="#Surfaces_interpolees_entre_points_de_bord___pas_de_terrain_ni_m-mesh-normals-array" count="1622" stride="3">
              <param name="X" type="float"/>
              <param name="Y" type="float"/>
              <param name="Z" type="float"/>
            </accessor>
          </technique_common>
        </source>
        <source id="Surfaces_interpolees_entre_points_de_bord___pas_de_terrain_ni_m-mesh-map-0">
          <float_array id="Surfaces_interpolees_entre_points_de_bord___pas_de_terrain_ni_m-mesh-map-0-array" count="9732">0.09090906 0 1 0 0 0 0.09090906 0 0.9090909 0 1 0 0.1818181 0 0.9090909 0 0.09090906 0 0.1818181 0 0.8181818 0 0.9090909 0 0.2727273 0 0.8181818 0 0.1818181 0 0.3636364 0 0.8181818 0 0.2727273 0 0.3636364 0 0.7272728 0 0.8181818 0 0.4545454 0 0.7272728 0 0.3636364 0 0.4545454 0 0.6363636 0 0.7272728 0 0.5454546 0 0.6363636 0 0.4545454 0 0.1176471 0 0.05882352 0 0.08823525 0 0.1176471 0 0.02941173 0 0.05882352 0 0.1470588 0 0.02941173 0 0.1176471 0 0.1470588 0 0 0 0.02941173 0 0.1470588 0 0.9411765 0 0 0 0.9411765 0 0.9705882 0 0 0 0.9705882 0 1 0 0 0 0.1764706 0 0.882353 0 0.1470588 0 0.882353 0 0.9117647 0 0.1470588 0 0.9117647 0 0.9411765 0 0.1470588 0 0.1764706 0 0.8529412 0 0.882353 0 0.1764706 0 0.8235294 0 0.8529412 0 0.1764706 0 0.7941176 0 0.8235294 0 0.2058823 0 0.7941176 0 0.1764706 0 0.2058823 0 0.7647059 0 0.7941176 0 0.2058823 0 0.7352941 0 0.7647059 0 0.2058823 0 0.7058824 0 0.7352941 0 0.2352941 0 0.7058824 0 0.2058823 0 0.2352941 0 0.6764706 0 0.7058824 0 0.2647059 0 0.6764706 0 0.2352941 0 0.2647059 0 0.6470589 0 0.6764706 0 0.4705882 0 0.4117647 0 0.4411765 0 0.2647059 0 0.6176471 0 0.6470589 0 0.2941176 0 0.6176471 0 0.2647059 0 0.4705882 0 0.382353 0 0.4117647 0 0.3235294 0 0.6176471 0 0.2941176 0 0.3529412 0 0.6176471 0 0.3235294 0 0.4705882 0 0.3529412 0 0.382353 0 0.4705882 0 0.6176471 0 0.3529412 0 0.4705882 0 0.5882353 0 0.6176471 0 0.5 0 0.5882353 0 0.4705882 0 0.5294118 0 0.5882353 0 0.5 0 0.5294118 0 0.5588235 0 0.5882353 0 0.4230769 0 0.3461539 0 0.3846154 0 0.4230769 0 0.3076923 0 0.3461539 0 0.4615384 0 0.8846154 0 0.4230769 0 0.8846154 0 0.3076923 0 0.4230769 0 0.4615384 0 0.8461539 0 0.8846154 0 0.9230769 0 0.3076923 0 0.8846154 0 0.4615384 0 0.8076923 0 0.8461539 0 0.9615384 0 0.3076923 0 0.9230769 0 0.5 0 0.8076923 0 0.4615384 0 0.9615384 0 0.2692308 0 0.3076923 0 0.5 0 0.7692308 0 0.8076923 0 1 0 0.2692308 0 0.9615384 0 0.5 0 1 0 0.7692308 0 0.5 0 0.2692308 0 1 0 0.5384616 0 0.2307692 0 0.5 0 0.2307692 0 0.2692308 0 0.5 0 0.5384616 0 0.1923077 0 0.2307692 0 0.5384616 0 0.1538462 0 0.1923077 0 0.0384615 0 0.7307692 0 0 0 0.5769231 0 0.1538462 0 0.5384616 0 0.07692307 0 0.7307692 0 0.0384615 0 0.5769231 0 0.1153846 0 0.1538462 0 0.1153846 0 0.7307692 0 0.07692307 0 0.5769231 0 0.7307692 0 0.1153846 0 0.5769231 0 0.6923077 0 0.7307692 0 0.6153846 0 0.6923077 0 0.5769231 0 0.6153846 0 0.6538462 0 0.6923077 0 0.6315789 0 0.5263158 0 0.5789474 0 0.6315789 0 0.4736842 0 0.5263158 0 0.1578947 0 0.05263155 0 0.1052631 0 0.1578947 0 0 0 0.05263155 0 0.6842105 0 0.4736842 0 0.6315789 0 0.6842105 0 0.4210526 0 0.4736842 0 0.2105263 0 0 0 0.1578947 0 0.6842105 0 0.368421 0 0.4210526 0 0.2631579 0 0.9473685 0 0.2105263 0 0.9473685 0 0 0 0.2105263 0 0.6842105 0 0.3157895 0 0.368421 0 0.7368421 0 0.3157895 0 0.6842105 0 0.3157895 0 0.9473685 0 0.2631579 0 0.7368421 0 0.9473685 0 0.3157895 0 0.7368421 0 0.8947368 0 0.9473685 0 1 0 0 0 0.9473685 0 0.7368421 0 0.8421053 0 0.8947368 0 0.7894737 0 0.8421053 0 0.7368421 0 0.04761904 0 1 0 0 0 0.04761904 0 0.952381 0 1 0 0.04761904 0 0.9047619 0 0.952381 0 0.09523808 0 0.9047619 0 0.04761904 0 0.1428571 0 0.9047619 0 0.09523808 0 0.1904762 0 0.8571429 0 0.1428571 0 0.8571429 0 0.9047619 0 0.1428571 0 0.1904762 0 0.8095238 0 0.8571429 0 0.1904762 0 0.7619048 0 0.8095238 0 0.2380952 0 0.7619048 0 0.1904762 0 0.5714286 0 0.4761905 0 0.5238096 0 0.2380952 0 0.7142857 0 0.7619048 0 0.6190477 0 0.4761905 0 0.5714286 0 0.2380952 0 0.6666667 0 0.7142857 0 0.6666667 0 0.4761905 0 0.6190477 0 0.2380952 0 0.4761905 0 0.6666667 0 0.2857143 0 0.4761905 0 0.2380952 0 0.2857143 0 0.4285714 0 0.4761905 0 0.3333333 0 0.4285714 0 0.2857143 0 0.3333333 0 0.3809524 0 0.4285714 0 0.9333333 0 0.8 0 0.8666667 0 0.9333333 0 1 0 0.8 0 0.2666667 0 0.1333333 0 0.2 0 0.2666667 0 0.06666666 0 0.1333333 0 0.3333333 0 0.06666666 0 0.2666667 0 0.4 0 0.06666666 0 0.3333333 0 0.4 0 0 0 0.06666666 0 0.4666666 0 0 0 0.4 0 0.4666666 0 0.7333334 0 0 0 0.5333334 0 0.7333334 0 0.4666666 0 0.5333334 0 0.6666667 0 0.7333334 0 0.6 0 0.6666667 0 0.5333334 0 0.04761904 0 1 0 0 0 0.04761904 0 0.952381 0 1 0 0.04761904 0 0.9047619 0 0.952381 0 0.09523808 0 0.9047619 0 0.04761904 0 0.1428571 0 0.9047619 0 0.09523808 0 0.1904762 0 0.8571429 0 0.1428571 0 0.8571429 0 0.9047619 0 0.1428571 0 0.1904762 0 0.8095238 0 0.8571429 0 0.1904762 0 0.7619048 0 0.8095238 0 0.2380952 0 0.7619048 0 0.1904762 0 0.5714286 0 0.4761905 0 0.5238096 0 0.2380952 0 0.7142857 0 0.7619048 0 0.6190477 0 0.4761905 0 0.5714286 0 0.2380952 0 0.6666667 0 0.7142857 0 0.6666667 0 0.4761905 0 0.6190477 0 0.2380952 0 0.4761905 0 0.6666667 0 0.2857143 0 0.4761905 0 0.2380952 0 0.2857143 0 0.4285714 0 0.4761905 0 0.3333333 0 0.4285714 0 0.2857143 0 0.3333333 0 0.3809524 0 0.4285714 0 0.1176471 0 0.05882352 0 0.08823525 0 0.1176471 0 0.02941173 0 0.05882352 0 0.1470588 0 0.02941173 0 0.1176471 0 0.1470588 0 0 0 0.02941173 0 0.1470588 0 0.9411765 0 0 0 0.9411765 0 0.9705882 0 0 0 0.9705882 0 1 0 0 0 0.1764706 0 0.882353 0 0.1470588 0 0.882353 0 0.9117647 0 0.1470588 0 0.9117647 0 0.9411765 0 0.1470588 0 0.1764706 0 0.8529412 0 0.882353 0 0.1764706 0 0.8235294 0 0.8529412 0 0.1764706 0 0.7941176 0 0.8235294 0 0.2058823 0 0.7941176 0 0.1764706 0 0.2058823 0 0.7647059 0 0.7941176 0 0.2058823 0 0.7352941 0 0.7647059 0 0.2058823 0 0.7058824 0 0.7352941 0 0.2352941 0 0.7058824 0 0.2058823 0 0.2352941 0 0.6764706 0 0.7058824 0 0.2647059 0 0.6764706 0 0.2352941 0 0.2647059 0 0.6470589 0 0.6764706 0 0.4705882 0 0.4117647 0 0.4411765 0 0.2647059 0 0.6176471 0 0.6470589 0 0.2941176 0 0.6176471 0 0.2647059 0 0.4705882 0 0.382353 0 0.4117647 0 0.3235294 0 0.6176471 0 0.2941176 0 0.3529412 0 0.6176471 0 0.3235294 0 0.4705882 0 0.3529412 0 0.382353 0 0.4705882 0 0.6176471 0 0.3529412 0 0.4705882 0 0.5882353 0 0.6176471 0 0.5 0 0.5882353 0 0.4705882 0 0.5294118 0 0.5882353 0 0.5 0 0.5294118 0 0.5588235 0 0.5882353 0 0.4230769 0 0.3461539 0 0.3846154 0 0.4230769 0 0.3076923 0 0.3461539 0 0.4615384 0 0.8846154 0 0.4230769 0 0.8846154 0 0.3076923 0 0.4230769 0 0.4615384 0 0.8461539 0 0.8846154 0 0.9230769 0 0.3076923 0 0.8846154 0 0.4615384 0 0.8076923 0 0.8461539 0 0.9615384 0 0.3076923 0 0.9230769 0 0.5 0 0.8076923 0 0.4615384 0 0.9615384 0 0.2692308 0 0.3076923 0 0.5 0 0.7692308 0 0.8076923 0 1 0 0.2692308 0 0.9615384 0 0.5 0 1 0 0.7692308 0 0.5 0 0.2692308 0 1 0 0.5384616 0 0.2307692 0 0.5 0 0.2307692 0 0.2692308 0 0.5 0 0.5384616 0 0.1923077 0 0.2307692 0 0.5384616 0 0.1538462 0 0.1923077 0 0.0384615 0 0.7307692 0 0 0 0.5769231 0 0.1538462 0 0.5384616 0 0.07692307 0 0.7307692 0 0.0384615 0 0.5769231 0 0.1153846 0 0.1538462 0 0.1153846 0 0.7307692 0 0.07692307 0 0.5769231 0 0.7307692 0 0.1153846 0 0.5769231 0 0.6923077 0 0.7307692 0 0.6153846 0 0.6923077 0 0.5769231 0 0.6153846 0 0.6538462 0 0.6923077 0 0.7777778 0 0.6666667 0 0.7222222 0 0.7777778 0 0.6111111 0 0.6666667 0 0.05555552 0 1 0 0 0 0.05555552 0 0.9444444 0 1 0 0.8333333 0 0.6111111 0 0.7777778 0 0.8333333 0 0.5555556 0 0.6111111 0 0.8888889 0 0.5555556 0 0.8333333 0 0.8888889 0 0.3333333 0 0.5555556 0 0.3333333 0 0.3888889 0 0.5555556 0 0.3888889 0 0.4444444 0 0.5555556 0 0.4444444 0 0.5 0 0.5555556 0 0.8888889 0 0.2777778 0 0.3333333 0 0.8888889 0 0.2222222 0 0.2777778 0 0.05555552 0 0.8888889 0 0.9444444 0 0.05555552 0 0.2222222 0 0.8888889 0 0.05555552 0 0.1666666 0 0.2222222 0 0.05555552 0 0.1111111 0 0.1666666 0 0.1176471 0 0.05882352 0 0.08823525 0 0.1176471 0 0.02941173 0 0.05882352 0 0.1470588 0 0.02941173 0 0.1176471 0 0.1470588 0 0 0 0.02941173 0 0.1470588 0 0.9411765 0 0 0 0.9411765 0 0.9705882 0 0 0 0.9705882 0 1 0 0 0 0.1764706 0 0.882353 0 0.1470588 0 0.882353 0 0.9117647 0 0.1470588 0 0.9117647 0 0.9411765 0 0.1470588 0 0.1764706 0 0.8529412 0 0.882353 0 0.1764706 0 0.8235294 0 0.8529412 0 0.1764706 0 0.7941176 0 0.8235294 0 0.2058823 0 0.7941176 0 0.1764706 0 0.2058823 0 0.7647059 0 0.7941176 0 0.2058823 0 0.7352941 0 0.7647059 0 0.2058823 0 0.7058824 0 0.7352941 0 0.2352941 0 0.7058824 0 0.2058823 0 0.2352941 0 0.6764706 0 0.7058824 0 0.2647059 0 0.6764706 0 0.2352941 0 0.2647059 0 0.6470589 0 0.6764706 0 0.4705882 0 0.4117647 0 0.4411765 0 0.2647059 0 0.6176471 0 0.6470589 0 0.2941176 0 0.6176471 0 0.2647059 0 0.4705882 0 0.382353 0 0.4117647 0 0.3235294 0 0.6176471 0 0.2941176 0 0.3529412 0 0.6176471 0 0.3235294 0 0.4705882 0 0.3529412 0 0.382353 0 0.4705882 0 0.6176471 0 0.3529412 0 0.4705882 0 0.5882353 0 0.6176471 0 0.5 0 0.5882353 0 0.4705882 0 0.5294118 0 0.5882353 0 0.5 0 0.5294118 0 0.5588235 0 0.5882353 0 0.4230769 0 0.3461539 0 0.3846154 0 0.4230769 0 0.3076923 0 0.3461539 0 0.4615384 0 0.8846154 0 0.4230769 0 0.8846154 0 0.3076923 0 0.4230769 0 0.4615384 0 0.8461539 0 0.8846154 0 0.9230769 0 0.3076923 0 0.8846154 0 0.4615384 0 0.8076923 0 0.8461539 0 0.9615384 0 0.3076923 0 0.9230769 0 0.5 0 0.8076923 0 0.4615384 0 0.9615384 0 0.2692308 0 0.3076923 0 0.5 0 0.7692308 0 0.8076923 0 1 0 0.2692308 0 0.9615384 0 0.5 0 1 0 0.7692308 0 0.5 0 0.2692308 0 1 0 0.5384616 0 0.2307692 0 0.5 0 0.2307692 0 0.2692308 0 0.5 0 0.5384616 0 0.1923077 0 0.2307692 0 0.5384616 0 0.1538462 0 0.1923077 0 0.0384615 0 0.7307692 0 0 0 0.5769231 0 0.1538462 0 0.5384616 0 0.07692307 0 0.7307692 0 0.0384615 0 0.5769231 0 0.1153846 0 0.1538462 0 0.1153846 0 0.7307692 0 0.07692307 0 0.5769231 0 0.7307692 0 0.1153846 0 0.5769231 0 0.6923077 0 0.7307692 0 0.6153846 0 0.6923077 0 0.5769231 0 0.6153846 0 0.6538462 0 0.6923077 0 0.1 0 0 0 0.04999995 0 0.1 0 1 0 0 0 0.85 0 0.75 0 0.8 0 0.9 0 0.75 0 0.85 0 0.9 0 0.7 0 0.75 0 0.95 0 0.35 0 0.9 0 0.35 0 0.7 0 0.9 0 0.1 0 0.95 0 1 0 0.1 0 0.2 0 0.95 0 0.2 0 0.25 0 0.95 0 0.25 0 0.3 0 0.95 0 0.3 0 0.35 0 0.95 0 0.4 0 0.7 0 0.35 0 0.4 0 0.65 0 0.7 0 0.45 0 0.65 0 0.4 0 0.5 0 0.65 0 0.45 0 0.1 0 0.15 0 0.2 0 0.55 0 0.65 0 0.5 0 0.55 0 0.6 0 0.65 0 0.16 0 0.07999998 0 0.12 0 0.16 0 0.03999996 0 0.07999998 0 0.16 0 0 0 0.03999996 0 0.2 0 0 0 0.16 0 0.2 0 0.88 0 0 0 0.88 0 0.92 0 0 0 0.92 0 0.96 0 0 0 0.96 0 1 0 0 0 0.2 0 0.84 0 0.88 0 0.2 0 0.8 0 0.84 0 0.24 0 0.8 0 0.2 0 0.24 0 0.76 0 0.8 0 0.24 0 0.72 0 0.76 0 0.28 0 0.72 0 0.24 0 0.28 0 0.68 0 0.72 0 0.56 0 0.48 0 0.52 0 0.32 0 0.68 0 0.28 0 0.32 0 0.64 0 0.68 0 0.6 0 0.48 0 0.56 0 0.64 0 0.48 0 0.6 0 0.32 0 0.48 0 0.64 0 0.36 0 0.48 0 0.32 0 0.36 0 0.44 0 0.48 0 0.36 0 0.4 0 0.44 0 0.7777778 0 0.6666667 0 0.7222222 0 0.7777778 0 0.6111111 0 0.6666667 0 0.05555552 0 1 0 0 0 0.05555552 0 0.9444444 0 1 0 0.8333333 0 0.6111111 0 0.7777778 0 0.8333333 0 0.5555556 0 0.6111111 0 0.8888889 0 0.5555556 0 0.8333333 0 0.8888889 0 0.3333333 0 0.5555556 0 0.3333333 0 0.3888889 0 0.5555556 0 0.3888889 0 0.4444444 0 0.5555556 0 0.4444444 0 0.5 0 0.5555556 0 0.8888889 0 0.2777778 0 0.3333333 0 0.8888889 0 0.2222222 0 0.2777778 0 0.05555552 0 0.8888889 0 0.9444444 0 0.05555552 0 0.2222222 0 0.8888889 0 0.05555552 0 0.1666666 0 0.2222222 0 0.05555552 0 0.1111111 0 0.1666666 0 0.2340425 0 0.1914893 0 0.2127659 0 0.2553191 0 0.1914893 0 0.2340425 0 0.2553191 0 0.1702128 0 0.1914893 0 0.2765957 0 0.1702128 0 0.2553191 0 0.2978723 0 0.3191489 0 0.2765957 0 0.3191489 0 0.3404255 0 0.2765957 0 0.3404255 0 0.3617021 0 0.2765957 0 0.3617021 0 0.1702128 0 0.2765957 0 0.3617021 0 0.3829787 0 0.1702128 0 0.3829787 0 0.1489362 0 0.1702128 0 0.4042553 0 0.1489362 0 0.3829787 0 0.4255319 0 0.1489362 0 0.4042553 0 0.4255319 0 0.1276596 0 0.1489362 0 0.4468085 0 0.1276596 0 0.4255319 0 0.4680851 0 1 0 0.4468085 0 1 0 0.1276596 0 0.4468085 0 0.4893617 0 1 0 0.4680851 0 0.4893617 0 0.9787234 0 1 0 0.8085107 0 0.1276596 0 1 0 0.5106383 0 0.9787234 0 0.4893617 0 0.5106383 0 0.9574468 0 0.9787234 0 0.5319149 0 0.9574468 0 0.5106383 0 0.5319149 0 0.9361702 0 0.9574468 0 0.5319149 0 0.9148936 0 0.9361702 0 0.5531915 0 0.9148936 0 0.5319149 0 0.8297873 0 0.1276596 0 0.8085107 0 0.5531915 0 0.893617 0 0.9148936 0 0.02127659 0 0.7872341 0 0 0 0.8297873 0 0.106383 0 0.1276596 0 0.8510639 0 0.106383 0 0.8297873 0 0.04255318 0 0.7872341 0 0.02127659 0 0.8510639 0 0.08510637 0 0.106383 0 0.5531915 0 0.8723405 0 0.893617 0 0.06382977 0 0.7872341 0 0.04255318 0 0.8723405 0 0.08510637 0 0.8510639 0 0.8723405 0 0.06382977 0 0.08510637 0 0.8723405 0 0.7872341 0 0.06382977 0 0.5531915 0 0.6595745 0 0.8723405 0 0.6595745 0 0.7872341 0 0.8723405 0 0.5744681 0 0.6595745 0 0.5531915 0 0.5744681 0 0.6382979 0 0.6595745 0 0.6808511 0 0.7872341 0 0.6595745 0 0.6808511 0 0.7659575 0 0.7872341 0 0.5744681 0 0.6170213 0 0.6382979 0 0.7021276 0 0.7659575 0 0.6808511 0 0.5957447 0 0.6170213 0 0.5744681 0 0.7021276 0 0.7446808 0 0.7659575 0 0.7234042 0 0.7446808 0 0.7021276 0 0.9117647 0 0.8529412 0 0.882353 0 0.7352941 0 0.6764706 0 0.7058824 0 0.9411765 0 0.8529412 0 0.9117647 0 0.02941173 0 1 0 0 0 0.02941173 0 0.9705882 0 1 0 0.9411765 0 0.8235294 0 0.8529412 0 0.7647059 0 0.6764706 0 0.7352941 0 0.7647059 0 0.6470589 0 0.6764706 0 0.9705882 0 0.8235294 0 0.9411765 0 0.9705882 0 0.7941176 0 0.8235294 0 0.7941176 0 0.4411765 0 0.7647059 0 0.4411765 0 0.6470589 0 0.7647059 0 0.02941173 0 0.08823525 0 0.9705882 0 0.08823525 0 0.1176471 0 0.9705882 0 0.1176471 0 0.1470588 0 0.9705882 0 0.1470588 0 0.1764706 0 0.9705882 0 0.1764706 0 0.7941176 0 0.9705882 0 0.2058823 0 0.7941176 0 0.1764706 0 0.7941176 0 0.4117647 0 0.4411765 0 0.4705882 0 0.6470589 0 0.4411765 0 0.2058823 0 0.4117647 0 0.7941176 0 0.2058823 0 0.382353 0 0.4117647 0 0.4705882 0 0.6176471 0 0.6470589 0 0.2352941 0 0.382353 0 0.2058823 0 0.5 0 0.6176471 0 0.4705882 0 0.2352941 0 0.3529412 0 0.382353 0 0.2647059 0 0.3529412 0 0.2352941 0 0.5294118 0 0.6176471 0 0.5 0 0.02941173 0 0.05882352 0 0.08823525 0 0.2647059 0 0.3235294 0 0.3529412 0 0.5294118 0 0.5882353 0 0.6176471 0 0.2941176 0 0.3235294 0 0.2647059 0 0.5588235 0 0.5882353 0 0.5294118 0 0.9333333 0 0.8 0 0.8666667 0 0.9333333 0 1 0 0.8 0 0.2666667 0 0.1333333 0 0.2 0 0.2666667 0 0.06666666 0 0.1333333 0 0.3333333 0 0.06666666 0 0.2666667 0 0.4 0 0.06666666 0 0.3333333 0 0.4 0 0 0 0.06666666 0 0.4666666 0 0 0 0.4 0 0.4666666 0 0.7333334 0 0 0 0.5333334 0 0.7333334 0 0.4666666 0 0.5333334 0 0.6666667 0 0.7333334 0 0.6 0 0.6666667 0 0.5333334 0 0.85 0 0.75 0 0.8 0 0.9 0 0.75 0 0.85 0 0.1 0 0 0 0.04999995 0 0.1 0 1 0 0 0 0.9 0 0.7 0 0.75 0 0.95 0 0.35 0 0.9 0 0.35 0 0.7 0 0.9 0 0.1 0 0.95 0 1 0 0.1 0 0.2 0 0.95 0 0.2 0 0.25 0 0.95 0 0.25 0 0.3 0 0.95 0 0.3 0 0.35 0 0.95 0 0.4 0 0.7 0 0.35 0 0.4 0 0.65 0 0.7 0 0.45 0 0.65 0 0.4 0 0.5 0 0.65 0 0.45 0 0.1 0 0.15 0 0.2 0 0.55 0 0.65 0 0.5 0 0.55 0 0.6 0 0.65 0 0.85 0 0.75 0 0.8 0 0.9 0 0.75 0 0.85 0 0.1 0 0 0 0.04999995 0 0.1 0 1 0 0 0 0.9 0 0.7 0 0.75 0 0.95 0 0.35 0 0.9 0 0.35 0 0.7 0 0.9 0 0.1 0 0.95 0 1 0 0.1 0 0.2 0 0.95 0 0.2 0 0.25 0 0.95 0 0.25 0 0.3 0 0.95 0 0.3 0 0.35 0 0.95 0 0.4 0 0.7 0 0.35 0 0.4 0 0.65 0 0.7 0 0.45 0 0.65 0 0.4 0 0.5 0 0.65 0 0.45 0 0.1 0 0.15 0 0.2 0 0.55 0 0.65 0 0.5 0 0.55 0 0.6 0 0.65 0 0.9333333 0 0.8 0 0.8666667 0 0.9333333 0 1 0 0.8 0 0.2666667 0 0.1333333 0 0.2 0 0.2666667 0 0.06666666 0 0.1333333 0 0.3333333 0 0.06666666 0 0.2666667 0 0.4 0 0.06666666 0 0.3333333 0 0.4 0 0 0 0.06666666 0 0.4666666 0 0 0 0.4 0 0.4666666 0 0.7333334 0 0 0 0.5333334 0 0.7333334 0 0.4666666 0 0.5333334 0 0.6666667 0 0.7333334 0 0.6 0 0.6666667 0 0.5333334 0 0.2340425 0 0.1914893 0 0.2127659 0 0.2553191 0 0.1914893 0 0.2340425 0 0.2553191 0 0.1702128 0 0.1914893 0 0.2765957 0 0.1702128 0 0.2553191 0 0.2978723 0 0.3191489 0 0.2765957 0 0.3191489 0 0.3404255 0 0.2765957 0 0.3404255 0 0.3617021 0 0.2765957 0 0.3617021 0 0.1702128 0 0.2765957 0 0.3617021 0 0.3829787 0 0.1702128 0 0.3829787 0 0.1489362 0 0.1702128 0 0.4042553 0 0.1489362 0 0.3829787 0 0.4255319 0 0.1489362 0 0.4042553 0 0.4255319 0 0.1276596 0 0.1489362 0 0.4468085 0 0.1276596 0 0.4255319 0 0.4680851 0 1 0 0.4468085 0 1 0 0.1276596 0 0.4468085 0 0.4893617 0 1 0 0.4680851 0 0.4893617 0 0.9787234 0 1 0 0.8085107 0 0.1276596 0 1 0 0.5106383 0 0.9787234 0 0.4893617 0 0.5106383 0 0.9574468 0 0.9787234 0 0.5319149 0 0.9574468 0 0.5106383 0 0.5319149 0 0.9361702 0 0.9574468 0 0.5319149 0 0.9148936 0 0.9361702 0 0.5531915 0 0.9148936 0 0.5319149 0 0.8297873 0 0.1276596 0 0.8085107 0 0.5531915 0 0.893617 0 0.9148936 0 0.02127659 0 0.7872341 0 0 0 0.8297873 0 0.106383 0 0.1276596 0 0.8510639 0 0.106383 0 0.8297873 0 0.04255318 0 0.7872341 0 0.02127659 0 0.8510639 0 0.08510637 0 0.106383 0 0.5531915 0 0.8723405 0 0.893617 0 0.06382977 0 0.7872341 0 0.04255318 0 0.8723405 0 0.08510637 0 0.8510639 0 0.8723405 0 0.06382977 0 0.08510637 0 0.8723405 0 0.7872341 0 0.06382977 0 0.5531915 0 0.6595745 0 0.8723405 0 0.6595745 0 0.7872341 0 0.8723405 0 0.5744681 0 0.6595745 0 0.5531915 0 0.5744681 0 0.6382979 0 0.6595745 0 0.6808511 0 0.7872341 0 0.6595745 0 0.6808511 0 0.7659575 0 0.7872341 0 0.5744681 0 0.6170213 0 0.6382979 0 0.7021276 0 0.7659575 0 0.6808511 0 0.5957447 0 0.6170213 0 0.5744681 0 0.7021276 0 0.7446808 0 0.7659575 0 0.7234042 0 0.7446808 0 0.7021276 0 0.7777778 0 0.6666667 0 0.7222222 0 0.7777778 0 0.6111111 0 0.6666667 0 0.05555552 0 1 0 0 0 0.05555552 0 0.9444444 0 1 0 0.8333333 0 0.6111111 0 0.7777778 0 0.8333333 0 0.5555556 0 0.6111111 0 0.8888889 0 0.5555556 0 0.8333333 0 0.8888889 0 0.3333333 0 0.5555556 0 0.3333333 0 0.3888889 0 0.5555556 0 0.3888889 0 0.4444444 0 0.5555556 0 0.4444444 0 0.5 0 0.5555556 0 0.8888889 0 0.2777778 0 0.3333333 0 0.8888889 0 0.2222222 0 0.2777778 0 0.05555552 0 0.8888889 0 0.9444444 0 0.05555552 0 0.2222222 0 0.8888889 0 0.05555552 0 0.1666666 0 0.2222222 0 0.05555552 0 0.1111111 0 0.1666666 0 0.7777778 0 0.6666667 0 0.7222222 0 0.7777778 0 0.6111111 0 0.6666667 0 0.05555552 0 1 0 0 0 0.05555552 0 0.9444444 0 1 0 0.8333333 0 0.6111111 0 0.7777778 0 0.8333333 0 0.5555556 0 0.6111111 0 0.8888889 0 0.5555556 0 0.8333333 0 0.8888889 0 0.3333333 0 0.5555556 0 0.3333333 0 0.3888889 0 0.5555556 0 0.3888889 0 0.4444444 0 0.5555556 0 0.4444444 0 0.5 0 0.5555556 0 0.8888889 0 0.2777778 0 0.3333333 0 0.8888889 0 0.2222222 0 0.2777778 0 0.05555552 0 0.8888889 0 0.9444444 0 0.05555552 0 0.2222222 0 0.8888889 0 0.05555552 0 0.1666666 0 0.2222222 0 0.05555552 0 0.1111111 0 0.1666666 0 0.4230769 0 0.3461539 0 0.3846154 0 0.4230769 0 0.3076923 0 0.3461539 0 0.4615384 0 0.8846154 0 0.4230769 0 0.8846154 0 0.3076923 0 0.4230769 0 0.4615384 0 0.8461539 0 0.8846154 0 0.9230769 0 0.3076923 0 0.8846154 0 0.4615384 0 0.8076923 0 0.8461539 0 0.9615384 0 0.3076923 0 0.9230769 0 0.5 0 0.8076923 0 0.4615384 0 0.9615384 0 0.2692308 0 0.3076923 0 0.5 0 0.7692308 0 0.8076923 0 1 0 0.2692308 0 0.9615384 0 0.5 0 1 0 0.7692308 0 0.5 0 0.2692308 0 1 0 0.5384616 0 0.2307692 0 0.5 0 0.2307692 0 0.2692308 0 0.5 0 0.5384616 0 0.1923077 0 0.2307692 0 0.5384616 0 0.1538462 0 0.1923077 0 0.0384615 0 0.7307692 0 0 0 0.5769231 0 0.1538462 0 0.5384616 0 0.07692307 0 0.7307692 0 0.0384615 0 0.5769231 0 0.1153846 0 0.1538462 0 0.1153846 0 0.7307692 0 0.07692307 0 0.5769231 0 0.7307692 0 0.1153846 0 0.5769231 0 0.6923077 0 0.7307692 0 0.6153846 0 0.6923077 0 0.5769231 0 0.6153846 0 0.6538462 0 0.6923077 0 0.04761904 0 1 0 0 0 0.04761904 0 0.952381 0 1 0 0.04761904 0 0.9047619 0 0.952381 0 0.09523808 0 0.9047619 0 0.04761904 0 0.1428571 0 0.9047619 0 0.09523808 0 0.1904762 0 0.8571429 0 0.1428571 0 0.8571429 0 0.9047619 0 0.1428571 0 0.1904762 0 0.8095238 0 0.8571429 0 0.1904762 0 0.7619048 0 0.8095238 0 0.2380952 0 0.7619048 0 0.1904762 0 0.5714286 0 0.4761905 0 0.5238096 0 0.2380952 0 0.7142857 0 0.7619048 0 0.6190477 0 0.4761905 0 0.5714286 0 0.2380952 0 0.6666667 0 0.7142857 0 0.6666667 0 0.4761905 0 0.6190477 0 0.2380952 0 0.4761905 0 0.6666667 0 0.2857143 0 0.4761905 0 0.2380952 0 0.2857143 0 0.4285714 0 0.4761905 0 0.3333333 0 0.4285714 0 0.2857143 0 0.3333333 0 0.3809524 0 0.4285714 0 0.4230769 0 0.3461539 0 0.3846154 0 0.4230769 0 0.3076923 0 0.3461539 0 0.4615384 0 0.8846154 0 0.4230769 0 0.8846154 0 0.3076923 0 0.4230769 0 0.4615384 0 0.8461539 0 0.8846154 0 0.9230769 0 0.3076923 0 0.8846154 0 0.4615384 0 0.8076923 0 0.8461539 0 0.9615384 0 0.3076923 0 0.9230769 0 0.5 0 0.8076923 0 0.4615384 0 0.9615384 0 0.2692308 0 0.3076923 0 0.5 0 0.7692308 0 0.8076923 0 1 0 0.2692308 0 0.9615384 0 0.5 0 1 0 0.7692308 0 0.5 0 0.2692308 0 1 0 0.5384616 0 0.2307692 0 0.5 0 0.2307692 0 0.2692308 0 0.5 0 0.5384616 0 0.1923077 0 0.2307692 0 0.5384616 0 0.1538462 0 0.1923077 0 0.0384615 0 0.7307692 0 0 0 0.5769231 0 0.1538462 0 0.5384616 0 0.07692307 0 0.7307692 0 0.0384615 0 0.5769231 0 0.1153846 0 0.1538462 0 0.1153846 0 0.7307692 0 0.07692307 0 0.5769231 0 0.7307692 0 0.1153846 0 0.5769231 0 0.6923077 0 0.7307692 0 0.6153846 0 0.6923077 0 0.5769231 0 0.6153846 0 0.6538462 0 0.6923077 0 0.0869565 0 0 0 0.04347825 0 0.0869565 0 0.5217391 0 0 0 0.2608696 0 0.173913 0 0.2173913 0 0.2608696 0 0.1304348 0 0.173913 0 0.2608696 0 0.0869565 0 0.1304348 0 0.2608696 0 0.9565218 0 0.0869565 0 0.9565218 0 1 0 0.0869565 0 1 0 0.5217391 0 0.0869565 0 0.3043478 0 0.8695652 0 0.2608696 0 0.8695652 0 0.9130435 0 0.2608696 0 0.9130435 0 0.9565218 0 0.2608696 0 0.3043478 0 0.8260869 0 0.8695652 0 0.5652174 0 0.5217391 0 1 0 0.3043478 0 0.7826087 0 0.8260869 0 0.3478261 0 0.7826087 0 0.3043478 0 0.3478261 0 0.7391304 0 0.7826087 0 0.3913043 0 0.7391304 0 0.3478261 0 0.3913043 0 0.6956522 0 0.7391304 0 0.3913043 0 0.6521739 0 0.6956522 0 0.4347826 0 0.6521739 0 0.3913043 0 0.4347826 0 0.6086956 0 0.6521739 0 0.4347826 0 0.5652174 0 0.6086956 0 0.4347826 0 0.5217391 0 0.5652174 0 0.4782609 0 0.5217391 0 0.4347826 0 0.1176471 0 0.05882352 0 0.08823525 0 0.1176471 0 0.02941173 0 0.05882352 0 0.1470588 0 0.02941173 0 0.1176471 0 0.1470588 0 0 0 0.02941173 0 0.1470588 0 0.9411765 0 0 0 0.9411765 0 0.9705882 0 0 0 0.9705882 0 1 0 0 0 0.1764706 0 0.882353 0 0.1470588 0 0.882353 0 0.9117647 0 0.1470588 0 0.9117647 0 0.9411765 0 0.1470588 0 0.1764706 0 0.8529412 0 0.882353 0 0.1764706 0 0.8235294 0 0.8529412 0 0.1764706 0 0.7941176 0 0.8235294 0 0.2058823 0 0.7941176 0 0.1764706 0 0.2058823 0 0.7647059 0 0.7941176 0 0.2058823 0 0.7352941 0 0.7647059 0 0.2058823 0 0.7058824 0 0.7352941 0 0.2352941 0 0.7058824 0 0.2058823 0 0.2352941 0 0.6764706 0 0.7058824 0 0.2647059 0 0.6764706 0 0.2352941 0 0.2647059 0 0.6470589 0 0.6764706 0 0.4705882 0 0.4117647 0 0.4411765 0 0.2647059 0 0.6176471 0 0.6470589 0 0.2941176 0 0.6176471 0 0.2647059 0 0.4705882 0 0.382353 0 0.4117647 0 0.3235294 0 0.6176471 0 0.2941176 0 0.3529412 0 0.6176471 0 0.3235294 0 0.4705882 0 0.3529412 0 0.382353 0 0.4705882 0 0.6176471 0 0.3529412 0 0.4705882 0 0.5882353 0 0.6176471 0 0.5 0 0.5882353 0 0.4705882 0 0.5294118 0 0.5882353 0 0.5 0 0.5294118 0 0.5588235 0 0.5882353 0 0.2340425 0 0.1914893 0 0.2127659 0 0.2553191 0 0.1914893 0 0.2340425 0 0.2553191 0 0.1702128 0 0.1914893 0 0.2765957 0 0.1702128 0 0.2553191 0 0.2978723 0 0.3191489 0 0.2765957 0 0.3191489 0 0.3404255 0 0.2765957 0 0.3404255 0 0.3617021 0 0.2765957 0 0.3617021 0 0.1702128 0 0.2765957 0 0.3617021 0 0.3829787 0 0.1702128 0 0.3829787 0 0.1489362 0 0.1702128 0 0.4042553 0 0.1489362 0 0.3829787 0 0.4255319 0 0.1489362 0 0.4042553 0 0.4255319 0 0.1276596 0 0.1489362 0 0.4468085 0 0.1276596 0 0.4255319 0 0.4680851 0 1 0 0.4468085 0 1 0 0.1276596 0 0.4468085 0 0.4893617 0 1 0 0.4680851 0 0.4893617 0 0.9787234 0 1 0 0.8085107 0 0.1276596 0 1 0 0.5106383 0 0.9787234 0 0.4893617 0 0.5106383 0 0.9574468 0 0.9787234 0 0.5319149 0 0.9574468 0 0.5106383 0 0.5319149 0 0.9361702 0 0.9574468 0 0.5319149 0 0.9148936 0 0.9361702 0 0.5531915 0 0.9148936 0 0.5319149 0 0.8297873 0 0.1276596 0 0.8085107 0 0.5531915 0 0.893617 0 0.9148936 0 0.02127659 0 0.7872341 0 0 0 0.8297873 0 0.106383 0 0.1276596 0 0.8510639 0 0.106383 0 0.8297873 0 0.04255318 0 0.7872341 0 0.02127659 0 0.8510639 0 0.08510637 0 0.106383 0 0.5531915 0 0.8723405 0 0.893617 0 0.06382977 0 0.7872341 0 0.04255318 0 0.8723405 0 0.08510637 0 0.8510639 0 0.8723405 0 0.06382977 0 0.08510637 0 0.8723405 0 0.7872341 0 0.06382977 0 0.5531915 0 0.6595745 0 0.8723405 0 0.6595745 0 0.7872341 0 0.8723405 0 0.5744681 0 0.6595745 0 0.5531915 0 0.5744681 0 0.6382979 0 0.6595745 0 0.6808511 0 0.7872341 0 0.6595745 0 0.6808511 0 0.7659575 0 0.7872341 0 0.5744681 0 0.6170213 0 0.6382979 0 0.7021276 0 0.7659575 0 0.6808511 0 0.5957447 0 0.6170213 0 0.5744681 0 0.7021276 0 0.7446808 0 0.7659575 0 0.7234042 0 0.7446808 0 0.7021276 0 0.4782609 0 0.5652174 0 0.4347826 0 0.5652174 0 0.3913043 0 0.4347826 0 0.5652174 0 0.3478261 0 0.3913043 0 0.5652174 0 0.6086956 0 0.3478261 0 0.6086956 0 0.3043478 0 0.3478261 0 0.4782609 0 1 0 0.5652174 0 0.6521739 0 0.3043478 0 0.6086956 0 0.6956522 0 0.3043478 0 0.6521739 0 0.6956522 0 0.2608696 0 0.3043478 0 0.7391304 0 0.2608696 0 0.6956522 0 0.7826087 0 0.2608696 0 0.7391304 0 0.7826087 0 0.2173913 0 0.2608696 0 0.8260869 0 0.2173913 0 0.7826087 0 0.8260869 0 0.173913 0 0.2173913 0 0.4782609 0 0 0 1 0 0 0 0.9565218 0 1 0 0.8695652 0 0.173913 0 0.8260869 0 0 0 0.9130435 0 0.9565218 0 0 0 0.8695652 0 0.9130435 0 0 0 0.173913 0 0.8695652 0 0 0 0.1304348 0 0.173913 0 0.4782609 0 0.5217391 0 0 0 0.04347825 0 0.1304348 0 0 0 0.0869565 0 0.1304348 0 0.04347825 0 0.5652174 0 1 0 0.5217391 0 0.5652174 0 0.9565218 0 1 0 0.6086956 0 0.9565218 0 0.5652174 0 0.6086956 0 0.9130435 0 0.9565218 0 0.6521739 0 0.9130435 0 0.6086956 0 0.6956522 0 0.9130435 0 0.6521739 0 0.6956522 0 0.8695652 0 0.9130435 0 0.6956522 0 0.8260869 0 0.8695652 0 0.7391304 0 0.8260869 0 0.6956522 0 0.7391304 0 0.7826087 0 0.8260869 0 0.04347825 0 0.4782609 0 0 0 0.04347825 0 0.4347826 0 0.4782609 0 0.0869565 0 0.4347826 0 0.04347825 0 0.0869565 0 0.3913043 0 0.4347826 0 0.1304348 0 0.3913043 0 0.0869565 0 0.173913 0 0.3913043 0 0.1304348 0 0.173913 0 0.3478261 0 0.3913043 0 0.2173913 0 0.3478261 0 0.173913 0 0.2173913 0 0.3043478 0 0.3478261 0 0.2608696 0 0.3043478 0 0.2173913 0 0.0869565 0 0 0 0.04347825 0 0.0869565 0 0.5217391 0 0 0 0.2608696 0 0.173913 0 0.2173913 0 0.2608696 0 0.1304348 0 0.173913 0 0.2608696 0 0.0869565 0 0.1304348 0 0.2608696 0 0.9565218 0 0.0869565 0 0.9565218 0 1 0 0.0869565 0 1 0 0.5217391 0 0.0869565 0 0.3043478 0 0.8695652 0 0.2608696 0 0.8695652 0 0.9130435 0 0.2608696 0 0.9130435 0 0.9565218 0 0.2608696 0 0.3043478 0 0.8260869 0 0.8695652 0 0.5652174 0 0.5217391 0 1 0 0.3043478 0 0.7826087 0 0.8260869 0 0.3478261 0 0.7826087 0 0.3043478 0 0.3478261 0 0.7391304 0 0.7826087 0 0.3913043 0 0.7391304 0 0.3478261 0 0.3913043 0 0.6956522 0 0.7391304 0 0.3913043 0 0.6521739 0 0.6956522 0 0.4347826 0 0.6521739 0 0.3913043 0 0.4347826 0 0.6086956 0 0.6521739 0 0.4347826 0 0.5652174 0 0.6086956 0 0.4347826 0 0.5217391 0 0.5652174 0 0.4782609 0 0.5217391 0 0.4347826 0 0.7777778 0 0.6666667 0 0.7222222 0 0.7777778 0 0.6111111 0 0.6666667 0 0.05555552 0 1 0 0 0 0.05555552 0 0.9444444 0 1 0 0.8333333 0 0.6111111 0 0.7777778 0 0.8333333 0 0.5555556 0 0.6111111 0 0.8888889 0 0.5555556 0 0.8333333 0 0.8888889 0 0.3333333 0 0.5555556 0 0.3333333 0 0.3888889 0 0.5555556 0 0.3888889 0 0.4444444 0 0.5555556 0 0.4444444 0 0.5 0 0.5555556 0 0.8888889 0 0.2777778 0 0.3333333 0 0.8888889 0 0.2222222 0 0.2777778 0 0.05555552 0 0.8888889 0 0.9444444 0 0.05555552 0 0.2222222 0 0.8888889 0 0.05555552 0 0.1666666 0 0.2222222 0 0.05555552 0 0.1111111 0 0.1666666 0 0.04347825 0 0.4782609 0 0 0 0.04347825 0 0.4347826 0 0.4782609 0 0.0869565 0 0.5217391 0 0.04347825 0 0.5217391 0 0.4347826 0 0.04347825 0 0.0869565 0 1 0 0.5217391 0 0.5652174 0 0.4347826 0 0.5217391 0 0.0869565 0 0.9565218 0 1 0 0.6086956 0 0.4347826 0 0.5652174 0 0.6086956 0 0.3913043 0 0.4347826 0 0.1304348 0 0.9565218 0 0.0869565 0 0.1304348 0 0.9130435 0 0.9565218 0 0.6521739 0 0.3913043 0 0.6086956 0 0.173913 0 0.9130435 0 0.1304348 0 0.173913 0 0.8695652 0 0.9130435 0 0.6521739 0 0.3478261 0 0.3913043 0 0.6956522 0 0.3478261 0 0.6521739 0 0.173913 0 0.8260869 0 0.8695652 0 0.7391304 0 0.3478261 0 0.6956522 0 0.2173913 0 0.8260869 0 0.173913 0 0.7391304 0 0.3043478 0 0.3478261 0 0.2173913 0 0.7826087 0 0.8260869 0 0.7826087 0 0.3043478 0 0.7391304 0 0.2173913 0 0.3043478 0 0.7826087 0 0.2608696 0 0.3043478 0 0.2173913 0 0.07407402 0 0 0 0.03703701 0 0.07407402 0 0.5185185 0 0 0 0.4444444 0 0.3703703 0 0.4074074 0 0.4814815 0 0.3703703 0 0.4444444 0 0.5185185 0 0.3703703 0 0.4814815 0 0.5185185 0 0.3333333 0 0.3703703 0 0.07407402 0 0.5555556 0 0.5185185 0 0.5555556 0 0.5925926 0 0.5185185 0 0.5925926 0 0.6296296 0 0.5185185 0 0.6296296 0 0.6666667 0 0.5185185 0 0.6666667 0 0.3333333 0 0.5185185 0 0.7037037 0 0.3333333 0 0.6666667 0 0.7407407 0 0.3333333 0 0.7037037 0 0.7407407 0 0.2962963 0 0.3333333 0 0.07407402 0 1 0 0.5555556 0 0.7777778 0 0.2962963 0 0.7407407 0 0.7777778 0 0.2592592 0 0.2962963 0 0.8148148 0 0.2592592 0 0.7777778 0 0.8518519 0 0.2592592 0 0.8148148 0 0.8518519 0 0.2222222 0 0.2592592 0 0.8888889 0 0.2222222 0 0.8518519 0 0.07407402 0 0.962963 0 1 0 0.07407402 0 0.9259259 0 0.962963 0 0.07407402 0 0.8888889 0 0.9259259 0 0.07407402 0 0.2222222 0 0.8888889 0 0.1111111 0 0.2222222 0 0.07407402 0 0.1111111 0 0.1851851 0 0.2222222 0 0.1481481 0 0.1851851 0 0.1111111 0 0.4230769 0 0.3461539 0 0.3846154 0 0.4230769 0 0.3076923 0 0.3461539 0 0.4615384 0 0.8846154 0 0.4230769 0 0.8846154 0 0.3076923 0 0.4230769 0 0.4615384 0 0.8461539 0 0.8846154 0 0.9230769 0 0.3076923 0 0.8846154 0 0.4615384 0 0.8076923 0 0.8461539 0 0.9615384 0 0.3076923 0 0.9230769 0 0.5 0 0.8076923 0 0.4615384 0 0.9615384 0 0.2692308 0 0.3076923 0 0.5 0 0.7692308 0 0.8076923 0 1 0 0.2692308 0 0.9615384 0 0.5 0 1 0 0.7692308 0 0.5 0 0.2692308 0 1 0 0.5384616 0 0.2307692 0 0.5 0 0.2307692 0 0.2692308 0 0.5 0 0.5384616 0 0.1923077 0 0.2307692 0 0.5384616 0 0.1538462 0 0.1923077 0 0.0384615 0 0.7307692 0 0 0 0.5769231 0 0.1538462 0 0.5384616 0 0.07692307 0 0.7307692 0 0.0384615 0 0.5769231 0 0.1153846 0 0.1538462 0 0.1153846 0 0.7307692 0 0.07692307 0 0.5769231 0 0.7307692 0 0.1153846 0 0.5769231 0 0.6923077 0 0.7307692 0 0.6153846 0 0.6923077 0 0.5769231 0 0.6153846 0 0.6538462 0 0.6923077 0 0.0869565 0 0 0 0.04347825 0 0.0869565 0 0.5217391 0 0 0 0.2608696 0 0.173913 0 0.2173913 0 0.2608696 0 0.1304348 0 0.173913 0 0.2608696 0 0.0869565 0 0.1304348 0 0.2608696 0 0.9565218 0 0.0869565 0 0.9565218 0 1 0 0.0869565 0 1 0 0.5217391 0 0.0869565 0 0.3043478 0 0.8695652 0 0.2608696 0 0.8695652 0 0.9130435 0 0.2608696 0 0.9130435 0 0.9565218 0 0.2608696 0 0.3043478 0 0.8260869 0 0.8695652 0 0.5652174 0 0.5217391 0 1 0 0.3043478 0 0.7826087 0 0.8260869 0 0.3478261 0 0.7826087 0 0.3043478 0 0.3478261 0 0.7391304 0 0.7826087 0 0.3913043 0 0.7391304 0 0.3478261 0 0.3913043 0 0.6956522 0 0.7391304 0 0.3913043 0 0.6521739 0 0.6956522 0 0.4347826 0 0.6521739 0 0.3913043 0 0.4347826 0 0.6086956 0 0.6521739 0 0.4347826 0 0.5652174 0 0.6086956 0 0.4347826 0 0.5217391 0 0.5652174 0 0.4782609 0 0.5217391 0 0.4347826 0 0.1176471 0 0.05882352 0 0.08823525 0 0.1176471 0 0.02941173 0 0.05882352 0 0.1470588 0 0.02941173 0 0.1176471 0 0.1470588 0 0 0 0.02941173 0 0.1470588 0 0.9411765 0 0 0 0.9411765 0 0.9705882 0 0 0 0.9705882 0 1 0 0 0 0.1764706 0 0.882353 0 0.1470588 0 0.882353 0 0.9117647 0 0.1470588 0 0.9117647 0 0.9411765 0 0.1470588 0 0.1764706 0 0.8529412 0 0.882353 0 0.1764706 0 0.8235294 0 0.8529412 0 0.1764706 0 0.7941176 0 0.8235294 0 0.2058823 0 0.7941176 0 0.1764706 0 0.2058823 0 0.7647059 0 0.7941176 0 0.2058823 0 0.7352941 0 0.7647059 0 0.2058823 0 0.7058824 0 0.7352941 0 0.2352941 0 0.7058824 0 0.2058823 0 0.2352941 0 0.6764706 0 0.7058824 0 0.2647059 0 0.6764706 0 0.2352941 0 0.2647059 0 0.6470589 0 0.6764706 0 0.4705882 0 0.4117647 0 0.4411765 0 0.2647059 0 0.6176471 0 0.6470589 0 0.2941176 0 0.6176471 0 0.2647059 0 0.4705882 0 0.382353 0 0.4117647 0 0.3235294 0 0.6176471 0 0.2941176 0 0.3529412 0 0.6176471 0 0.3235294 0 0.4705882 0 0.3529412 0 0.382353 0 0.4705882 0 0.6176471 0 0.3529412 0 0.4705882 0 0.5882353 0 0.6176471 0 0.5 0 0.5882353 0 0.4705882 0 0.5294118 0 0.5882353 0 0.5 0 0.5294118 0 0.5588235 0 0.5882353 0 0.04761904 0 1 0 0 0 0.04761904 0 0.952381 0 1 0 0.04761904 0 0.9047619 0 0.952381 0 0.09523808 0 0.9047619 0 0.04761904 0 0.1428571 0 0.9047619 0 0.09523808 0 0.1904762 0 0.8571429 0 0.1428571 0 0.8571429 0 0.9047619 0 0.1428571 0 0.1904762 0 0.8095238 0 0.8571429 0 0.1904762 0 0.7619048 0 0.8095238 0 0.2380952 0 0.7619048 0 0.1904762 0 0.5714286 0 0.4761905 0 0.5238096 0 0.2380952 0 0.7142857 0 0.7619048 0 0.6190477 0 0.4761905 0 0.5714286 0 0.2380952 0 0.6666667 0 0.7142857 0 0.6666667 0 0.4761905 0 0.6190477 0 0.2380952 0 0.4761905 0 0.6666667 0 0.2857143 0 0.4761905 0 0.2380952 0 0.2857143 0 0.4285714 0 0.4761905 0 0.3333333 0 0.4285714 0 0.2857143 0 0.3333333 0 0.3809524 0 0.4285714 0 0.85 0 0.75 0 0.8 0 0.9 0 0.75 0 0.85 0 0.1 0 0 0 0.04999995 0 0.1 0 1 0 0 0 0.9 0 0.7 0 0.75 0 0.95 0 0.35 0 0.9 0 0.35 0 0.7 0 0.9 0 0.1 0 0.95 0 1 0 0.1 0 0.2 0 0.95 0 0.2 0 0.25 0 0.95 0 0.25 0 0.3 0 0.95 0 0.3 0 0.35 0 0.95 0 0.4 0 0.7 0 0.35 0 0.4 0 0.65 0 0.7 0 0.45 0 0.65 0 0.4 0 0.5 0 0.65 0 0.45 0 0.1 0 0.15 0 0.2 0 0.55 0 0.65 0 0.5 0 0.55 0 0.6 0 0.65 0 0.9333333 0 0.8 0 0.8666667 0 0.9333333 0 1 0 0.8 0 0.2666667 0 0.1333333 0 0.2 0 0.2666667 0 0.06666666 0 0.1333333 0 0.3333333 0 0.06666666 0 0.2666667 0 0.4 0 0.06666666 0 0.3333333 0 0.4 0 0 0 0.06666666 0 0.4666666 0 0 0 0.4 0 0.4666666 0 0.7333334 0 0 0 0.5333334 0 0.7333334 0 0.4666666 0 0.5333334 0 0.6666667 0 0.7333334 0 0.6 0 0.6666667 0 0.5333334 0 0.04347825 0 0.4782609 0 0 0 0.04347825 0 0.4347826 0 0.4782609 0 0.0869565 0 0.5217391 0 0.04347825 0 0.5217391 0 0.4347826 0 0.04347825 0 0.0869565 0 1 0 0.5217391 0 0.5652174 0 0.4347826 0 0.5217391 0 0.0869565 0 0.9565218 0 1 0 0.6086956 0 0.4347826 0 0.5652174 0 0.6086956 0 0.3913043 0 0.4347826 0 0.1304348 0 0.9565218 0 0.0869565 0 0.1304348 0 0.9130435 0 0.9565218 0 0.6521739 0 0.3913043 0 0.6086956 0 0.173913 0 0.9130435 0 0.1304348 0 0.173913 0 0.8695652 0 0.9130435 0 0.6521739 0 0.3478261 0 0.3913043 0 0.6956522 0 0.3478261 0 0.6521739 0 0.173913 0 0.8260869 0 0.8695652 0 0.7391304 0 0.3478261 0 0.6956522 0 0.2173913 0 0.8260869 0 0.173913 0 0.7391304 0 0.3043478 0 0.3478261 0 0.2173913 0 0.7826087 0 0.8260869 0 0.7826087 0 0.3043478 0 0.7391304 0 0.2173913 0 0.3043478 0 0.7826087 0 0.2608696 0 0.3043478 0 0.2173913 0 0.4782609 0 0.5652174 0 0.4347826 0 0.5652174 0 0.3913043 0 0.4347826 0 0.5652174 0 0.3478261 0 0.3913043 0 0.5652174 0 0.6086956 0 0.3478261 0 0.6086956 0 0.3043478 0 0.3478261 0 0.4782609 0 1 0 0.5652174 0 0.6521739 0 0.3043478 0 0.6086956 0 0.6956522 0 0.3043478 0 0.6521739 0 0.6956522 0 0.2608696 0 0.3043478 0 0.7391304 0 0.2608696 0 0.6956522 0 0.7826087 0 0.2608696 0 0.7391304 0 0.7826087 0 0.2173913 0 0.2608696 0 0.8260869 0 0.2173913 0 0.7826087 0 0.8260869 0 0.173913 0 0.2173913 0 0.4782609 0 0 0 1 0 0 0 0.9565218 0 1 0 0.8695652 0 0.173913 0 0.8260869 0 0 0 0.9130435 0 0.9565218 0 0 0 0.8695652 0 0.9130435 0 0 0 0.173913 0 0.8695652 0 0 0 0.1304348 0 0.173913 0 0.4782609 0 0.5217391 0 0 0 0.04347825 0 0.1304348 0 0 0 0.0869565 0 0.1304348 0 0.04347825 0 0.4230769 0 0.3461539 0 0.3846154 0 0.4230769 0 0.3076923 0 0.3461539 0 0.4615384 0 0.8846154 0 0.4230769 0 0.8846154 0 0.3076923 0 0.4230769 0 0.4615384 0 0.8461539 0 0.8846154 0 0.9230769 0 0.3076923 0 0.8846154 0 0.4615384 0 0.8076923 0 0.8461539 0 0.9615384 0 0.3076923 0 0.9230769 0 0.5 0 0.8076923 0 0.4615384 0 0.9615384 0 0.2692308 0 0.3076923 0 0.5 0 0.7692308 0 0.8076923 0 1 0 0.2692308 0 0.9615384 0 0.5 0 1 0 0.7692308 0 0.5 0 0.2692308 0 1 0 0.5384616 0 0.2307692 0 0.5 0 0.2307692 0 0.2692308 0 0.5 0 0.5384616 0 0.1923077 0 0.2307692 0 0.5384616 0 0.1538462 0 0.1923077 0 0.0384615 0 0.7307692 0 0 0 0.5769231 0 0.1538462 0 0.5384616 0 0.07692307 0 0.7307692 0 0.0384615 0 0.5769231 0 0.1153846 0 0.1538462 0 0.1153846 0 0.7307692 0 0.07692307 0 0.5769231 0 0.7307692 0 0.1153846 0 0.5769231 0 0.6923077 0 0.7307692 0 0.6153846 0 0.6923077 0 0.5769231 0 0.6153846 0 0.6538462 0 0.6923077 0 0.7777778 0 0.6666667 0 0.7222222 0 0.7777778 0 0.6111111 0 0.6666667 0 0.05555552 0 1 0 0 0 0.05555552 0 0.9444444 0 1 0 0.8333333 0 0.6111111 0 0.7777778 0 0.8333333 0 0.5555556 0 0.6111111 0 0.8888889 0 0.5555556 0 0.8333333 0 0.8888889 0 0.3333333 0 0.5555556 0 0.3333333 0 0.3888889 0 0.5555556 0 0.3888889 0 0.4444444 0 0.5555556 0 0.4444444 0 0.5 0 0.5555556 0 0.8888889 0 0.2777778 0 0.3333333 0 0.8888889 0 0.2222222 0 0.2777778 0 0.05555552 0 0.8888889 0 0.9444444 0 0.05555552 0 0.2222222 0 0.8888889 0 0.05555552 0 0.1666666 0 0.2222222 0 0.05555552 0 0.1111111 0 0.1666666 0 0.04761904 0 1 0 0 0 0.04761904 0 0.952381 0 1 0 0.04761904 0 0.9047619 0 0.952381 0 0.09523808 0 0.9047619 0 0.04761904 0 0.1428571 0 0.9047619 0 0.09523808 0 0.1904762 0 0.8571429 0 0.1428571 0 0.8571429 0 0.9047619 0 0.1428571 0 0.1904762 0 0.8095238 0 0.8571429 0 0.1904762 0 0.7619048 0 0.8095238 0 0.2380952 0 0.7619048 0 0.1904762 0 0.5714286 0 0.4761905 0 0.5238096 0 0.2380952 0 0.7142857 0 0.7619048 0 0.6190477 0 0.4761905 0 0.5714286 0 0.2380952 0 0.6666667 0 0.7142857 0 0.6666667 0 0.4761905 0 0.6190477 0 0.2380952 0 0.4761905 0 0.6666667 0 0.2857143 0 0.4761905 0 0.2380952 0 0.2857143 0 0.4285714 0 0.4761905 0 0.3333333 0 0.4285714 0 0.2857143 0 0.3333333 0 0.3809524 0 0.4285714 0 0.85 0 0.75 0 0.8 0 0.9 0 0.75 0 0.85 0 0.1 0 0 0 0.04999995 0 0.1 0 1 0 0 0 0.9 0 0.7 0 0.75 0 0.95 0 0.35 0 0.9 0 0.35 0 0.7 0 0.9 0 0.1 0 0.95 0 1 0 0.1 0 0.2 0 0.95 0 0.2 0 0.25 0 0.95 0 0.25 0 0.3 0 0.95 0 0.3 0 0.35 0 0.95 0 0.4 0 0.7 0 0.35 0 0.4 0 0.65 0 0.7 0 0.45 0 0.65 0 0.4 0 0.5 0 0.65 0 0.45 0 0.1 0 0.15 0 0.2 0 0.55 0 0.65 0 0.5 0 0.55 0 0.6 0 0.65 0 0.4230769 0 0.3461539 0 0.3846154 0 0.4230769 0 0.3076923 0 0.3461539 0 0.4615384 0 0.8846154 0 0.4230769 0 0.8846154 0 0.3076923 0 0.4230769 0 0.4615384 0 0.8461539 0 0.8846154 0 0.9230769 0 0.3076923 0 0.8846154 0 0.4615384 0 0.8076923 0 0.8461539 0 0.9615384 0 0.3076923 0 0.9230769 0 0.5 0 0.8076923 0 0.4615384 0 0.9615384 0 0.2692308 0 0.3076923 0 0.5 0 0.7692308 0 0.8076923 0 1 0 0.2692308 0 0.9615384 0 0.5 0 1 0 0.7692308 0 0.5 0 0.2692308 0 1 0 0.5384616 0 0.2307692 0 0.5 0 0.2307692 0 0.2692308 0 0.5 0 0.5384616 0 0.1923077 0 0.2307692 0 0.5384616 0 0.1538462 0 0.1923077 0 0.0384615 0 0.7307692 0 0 0 0.5769231 0 0.1538462 0 0.5384616 0 0.07692307 0 0.7307692 0 0.0384615 0 0.5769231 0 0.1153846 0 0.1538462 0 0.1153846 0 0.7307692 0 0.07692307 0 0.5769231 0 0.7307692 0 0.1153846 0 0.5769231 0 0.6923077 0 0.7307692 0 0.6153846 0 0.6923077 0 0.5769231 0 0.6153846 0 0.6538462 0 0.6923077 0 0.1176471 0 0.05882352 0 0.08823525 0 0.1176471 0 0.02941173 0 0.05882352 0 0.1470588 0 0.02941173 0 0.1176471 0 0.1470588 0 0 0 0.02941173 0 0.1470588 0 0.9411765 0 0 0 0.9411765 0 0.9705882 0 0 0 0.9705882 0 1 0 0 0 0.1764706 0 0.882353 0 0.1470588 0 0.882353 0 0.9117647 0 0.1470588 0 0.9117647 0 0.9411765 0 0.1470588 0 0.1764706 0 0.8529412 0 0.882353 0 0.1764706 0 0.8235294 0 0.8529412 0 0.1764706 0 0.7941176 0 0.8235294 0 0.2058823 0 0.7941176 0 0.1764706 0 0.2058823 0 0.7647059 0 0.7941176 0 0.2058823 0 0.7352941 0 0.7647059 0 0.2058823 0 0.7058824 0 0.7352941 0 0.2352941 0 0.7058824 0 0.2058823 0 0.2352941 0 0.6764706 0 0.7058824 0 0.2647059 0 0.6764706 0 0.2352941 0 0.2647059 0 0.6470589 0 0.6764706 0 0.4705882 0 0.4117647 0 0.4411765 0 0.2647059 0 0.6176471 0 0.6470589 0 0.2941176 0 0.6176471 0 0.2647059 0 0.4705882 0 0.382353 0 0.4117647 0 0.3235294 0 0.6176471 0 0.2941176 0 0.3529412 0 0.6176471 0 0.3235294 0 0.4705882 0 0.3529412 0 0.382353 0 0.4705882 0 0.6176471 0 0.3529412 0 0.4705882 0 0.5882353 0 0.6176471 0 0.5 0 0.5882353 0 0.4705882 0 0.5294118 0 0.5882353 0 0.5 0 0.5294118 0 0.5588235 0 0.5882353 0 0.4230769 0 0.3461539 0 0.3846154 0 0.4230769 0 0.3076923 0 0.3461539 0 0.4615384 0 0.8846154 0 0.4230769 0 0.8846154 0 0.3076923 0 0.4230769 0 0.4615384 0 0.8461539 0 0.8846154 0 0.9230769 0 0.3076923 0 0.8846154 0 0.4615384 0 0.8076923 0 0.8461539 0 0.9615384 0 0.3076923 0 0.9230769 0 0.5 0 0.8076923 0 0.4615384 0 0.9615384 0 0.2692308 0 0.3076923 0 0.5 0 0.7692308 0 0.8076923 0 1 0 0.2692308 0 0.9615384 0 0.5 0 1 0 0.7692308 0 0.5 0 0.2692308 0 1 0 0.5384616 0 0.2307692 0 0.5 0 0.2307692 0 0.2692308 0 0.5 0 0.5384616 0 0.1923077 0 0.2307692 0 0.5384616 0 0.1538462 0 0.1923077 0 0.0384615 0 0.7307692 0 0 0 0.5769231 0 0.1538462 0 0.5384616 0 0.07692307 0 0.7307692 0 0.0384615 0 0.5769231 0 0.1153846 0 0.1538462 0 0.1153846 0 0.7307692 0 0.07692307 0 0.5769231 0 0.7307692 0 0.1153846 0 0.5769231 0 0.6923077 0 0.7307692 0 0.6153846 0 0.6923077 0 0.5769231 0 0.6153846 0 0.6538462 0 0.6923077 0 0.4230769 0 0.3461539 0 0.3846154 0 0.4230769 0 0.3076923 0 0.3461539 0 0.4615384 0 0.8846154 0 0.4230769 0 0.8846154 0 0.3076923 0 0.4230769 0 0.4615384 0 0.8461539 0 0.8846154 0 0.9230769 0 0.3076923 0 0.8846154 0 0.4615384 0 0.8076923 0 0.8461539 0 0.9615384 0 0.3076923 0 0.9230769 0 0.5 0 0.8076923 0 0.4615384 0 0.9615384 0 0.2692308 0 0.3076923 0 0.5 0 0.7692308 0 0.8076923 0 1 0 0.2692308 0 0.9615384 0 0.5 0 1 0 0.7692308 0 0.5 0 0.2692308 0 1 0 0.5384616 0 0.2307692 0 0.5 0 0.2307692 0 0.2692308 0 0.5 0 0.5384616 0 0.1923077 0 0.2307692 0 0.5384616 0 0.1538462 0 0.1923077 0 0.0384615 0 0.7307692 0 0 0 0.5769231 0 0.1538462 0 0.5384616 0 0.07692307 0 0.7307692 0 0.0384615 0 0.5769231 0 0.1153846 0 0.1538462 0 0.1153846 0 0.7307692 0 0.07692307 0 0.5769231 0 0.7307692 0 0.1153846 0 0.5769231 0 0.6923077 0 0.7307692 0 0.6153846 0 0.6923077 0 0.5769231 0 0.6153846 0 0.6538462 0 0.6923077 0 0.6666667 0 0 0 0.3333333 0 0.6666667 0 1 0 0 0 0.04347825 0 0.4782609 0 0 0 0.04347825 0 0.4347826 0 0.4782609 0 0.0869565 0 0.5217391 0 0.04347825 0 0.5217391 0 0.4347826 0 0.04347825 0 0.0869565 0 1 0 0.5217391 0 0.5652174 0 0.4347826 0 0.5217391 0 0.0869565 0 0.9565218 0 1 0 0.6086956 0 0.4347826 0 0.5652174 0 0.6086956 0 0.3913043 0 0.4347826 0 0.1304348 0 0.9565218 0 0.0869565 0 0.1304348 0 0.9130435 0 0.9565218 0 0.6521739 0 0.3913043 0 0.6086956 0 0.173913 0 0.9130435 0 0.1304348 0 0.173913 0 0.8695652 0 0.9130435 0 0.6521739 0 0.3478261 0 0.3913043 0 0.6956522 0 0.3478261 0 0.6521739 0 0.173913 0 0.8260869 0 0.8695652 0 0.7391304 0 0.3478261 0 0.6956522 0 0.2173913 0 0.8260869 0 0.173913 0 0.7391304 0 0.3043478 0 0.3478261 0 0.2173913 0 0.7826087 0 0.8260869 0 0.7826087 0 0.3043478 0 0.7391304 0 0.2173913 0 0.3043478 0 0.7826087 0 0.2608696 0 0.3043478 0 0.2173913 0 0.4782609 0 0.5652174 0 0.4347826 0 0.5652174 0 0.3913043 0 0.4347826 0 0.5652174 0 0.3478261 0 0.3913043 0 0.5652174 0 0.6086956 0 0.3478261 0 0.6086956 0 0.3043478 0 0.3478261 0 0.4782609 0 1 0 0.5652174 0 0.6521739 0 0.3043478 0 0.6086956 0 0.6956522 0 0.3043478 0 0.6521739 0 0.6956522 0 0.2608696 0 0.3043478 0 0.7391304 0 0.2608696 0 0.6956522 0 0.7826087 0 0.2608696 0 0.7391304 0 0.7826087 0 0.2173913 0 0.2608696 0 0.8260869 0 0.2173913 0 0.7826087 0 0.8260869 0 0.173913 0 0.2173913 0 0.4782609 0 0 0 1 0 0 0 0.9565218 0 1 0 0.8695652 0 0.173913 0 0.8260869 0 0 0 0.9130435 0 0.9565218 0 0 0 0.8695652 0 0.9130435 0 0 0 0.173913 0 0.8695652 0 0 0 0.1304348 0 0.173913 0 0.4782609 0 0.5217391 0 0 0 0.04347825 0 0.1304348 0 0 0 0.0869565 0 0.1304348 0 0.04347825 0 0.7777778 0 0.6666667 0 0.7222222 0 0.7777778 0 0.6111111 0 0.6666667 0 0.05555552 0 1 0 0 0 0.05555552 0 0.9444444 0 1 0 0.8333333 0 0.6111111 0 0.7777778 0 0.8333333 0 0.5555556 0 0.6111111 0 0.8888889 0 0.5555556 0 0.8333333 0 0.8888889 0 0.3333333 0 0.5555556 0 0.3333333 0 0.3888889 0 0.5555556 0 0.3888889 0 0.4444444 0 0.5555556 0 0.4444444 0 0.5 0 0.5555556 0 0.8888889 0 0.2777778 0 0.3333333 0 0.8888889 0 0.2222222 0 0.2777778 0 0.05555552 0 0.8888889 0 0.9444444 0 0.05555552 0 0.2222222 0 0.8888889 0 0.05555552 0 0.1666666 0 0.2222222 0 0.05555552 0 0.1111111 0 0.1666666 0 0.4230769 0 0.3461539 0 0.3846154 0 0.4230769 0 0.3076923 0 0.3461539 0 0.4615384 0 0.8846154 0 0.4230769 0 0.8846154 0 0.3076923 0 0.4230769 0 0.4615384 0 0.8461539 0 0.8846154 0 0.9230769 0 0.3076923 0 0.8846154 0 0.4615384 0 0.8076923 0 0.8461539 0 0.9615384 0 0.3076923 0 0.9230769 0 0.5 0 0.8076923 0 0.4615384 0 0.9615384 0 0.2692308 0 0.3076923 0 0.5 0 0.7692308 0 0.8076923 0 1 0 0.2692308 0 0.9615384 0 0.5 0 1 0 0.7692308 0 0.5 0 0.2692308 0 1 0 0.5384616 0 0.2307692 0 0.5 0 0.2307692 0 0.2692308 0 0.5 0 0.5384616 0 0.1923077 0 0.2307692 0 0.5384616 0 0.1538462 0 0.1923077 0 0.0384615 0 0.7307692 0 0 0 0.5769231 0 0.1538462 0 0.5384616 0 0.07692307 0 0.7307692 0 0.0384615 0 0.5769231 0 0.1153846 0 0.1538462 0 0.1153846 0 0.7307692 0 0.07692307 0 0.5769231 0 0.7307692 0 0.1153846 0 0.5769231 0 0.6923077 0 0.7307692 0 0.6153846 0 0.6923077 0 0.5769231 0 0.6153846 0 0.6538462 0 0.6923077 0 0.04761904 0 1 0 0 0 0.04761904 0 0.952381 0 1 0 0.04761904 0 0.9047619 0 0.952381 0 0.09523808 0 0.9047619 0 0.04761904 0 0.1428571 0 0.9047619 0 0.09523808 0 0.1904762 0 0.8571429 0 0.1428571 0 0.8571429 0 0.9047619 0 0.1428571 0 0.1904762 0 0.8095238 0 0.8571429 0 0.1904762 0 0.7619048 0 0.8095238 0 0.2380952 0 0.7619048 0 0.1904762 0 0.5714286 0 0.4761905 0 0.5238096 0 0.2380952 0 0.7142857 0 0.7619048 0 0.6190477 0 0.4761905 0 0.5714286 0 0.2380952 0 0.6666667 0 0.7142857 0 0.6666667 0 0.4761905 0 0.6190477 0 0.2380952 0 0.4761905 0 0.6666667 0 0.2857143 0 0.4761905 0 0.2380952 0 0.2857143 0 0.4285714 0 0.4761905 0 0.3333333 0 0.4285714 0 0.2857143 0 0.3333333 0 0.3809524 0 0.4285714 0 0.85 0 0.75 0 0.8 0 0.9 0 0.75 0 0.85 0 0.1 0 0 0 0.04999995 0 0.1 0 1 0 0 0 0.9 0 0.7 0 0.75 0 0.95 0 0.35 0 0.9 0 0.35 0 0.7 0 0.9 0 0.1 0 0.95 0 1 0 0.1 0 0.2 0 0.95 0 0.2 0 0.25 0 0.95 0 0.25 0 0.3 0 0.95 0 0.3 0 0.35 0 0.95 0 0.4 0 0.7 0 0.35 0 0.4 0 0.65 0 0.7 0 0.45 0 0.65 0 0.4 0 0.5 0 0.65 0 0.45 0 0.1 0 0.15 0 0.2 0 0.55 0 0.65 0 0.5 0 0.55 0 0.6 0 0.65 0 0.9333333 0 0.8 0 0.8666667 0 0.9333333 0 1 0 0.8 0 0.2666667 0 0.1333333 0 0.2 0 0.2666667 0 0.06666666 0 0.1333333 0 0.3333333 0 0.06666666 0 0.2666667 0 0.4 0 0.06666666 0 0.3333333 0 0.4 0 0 0 0.06666666 0 0.4666666 0 0 0 0.4 0 0.4666666 0 0.7333334 0 0 0 0.5333334 0 0.7333334 0 0.4666666 0 0.5333334 0 0.6666667 0 0.7333334 0 0.6 0 0.6666667 0 0.5333334 0 0.1176471 0 0.05882352 0 0.08823525 0 0.1176471 0 0.02941173 0 0.05882352 0 0.1470588 0 0.02941173 0 0.1176471 0 0.1470588 0 0 0 0.02941173 0 0.1470588 0 0.9411765 0 0 0 0.9411765 0 0.9705882 0 0 0 0.9705882 0 1 0 0 0 0.1764706 0 0.882353 0 0.1470588 0 0.882353 0 0.9117647 0 0.1470588 0 0.9117647 0 0.9411765 0 0.1470588 0 0.1764706 0 0.8529412 0 0.882353 0 0.1764706 0 0.8235294 0 0.8529412 0 0.1764706 0 0.7941176 0 0.8235294 0 0.2058823 0 0.7941176 0 0.1764706 0 0.2058823 0 0.7647059 0 0.7941176 0 0.2058823 0 0.7352941 0 0.7647059 0 0.2058823 0 0.7058824 0 0.7352941 0 0.2352941 0 0.7058824 0 0.2058823 0 0.2352941 0 0.6764706 0 0.7058824 0 0.2647059 0 0.6764706 0 0.2352941 0 0.2647059 0 0.6470589 0 0.6764706 0 0.4705882 0 0.4117647 0 0.4411765 0 0.2647059 0 0.6176471 0 0.6470589 0 0.2941176 0 0.6176471 0 0.2647059 0 0.4705882 0 0.382353 0 0.4117647 0 0.3235294 0 0.6176471 0 0.2941176 0 0.3529412 0 0.6176471 0 0.3235294 0 0.4705882 0 0.3529412 0 0.382353 0 0.4705882 0 0.6176471 0 0.3529412 0 0.4705882 0 0.5882353 0 0.6176471 0 0.5 0 0.5882353 0 0.4705882 0 0.5294118 0 0.5882353 0 0.5 0 0.5294118 0 0.5588235 0 0.5882353 0 0.4230769 0 0.3461539 0 0.3846154 0 0.4230769 0 0.3076923 0 0.3461539 0 0.4615384 0 0.8846154 0 0.4230769 0 0.8846154 0 0.3076923 0 0.4230769 0 0.4615384 0 0.8461539 0 0.8846154 0 0.9230769 0 0.3076923 0 0.8846154 0 0.4615384 0 0.8076923 0 0.8461539 0 0.9615384 0 0.3076923 0 0.9230769 0 0.5 0 0.8076923 0 0.4615384 0 0.9615384 0 0.2692308 0 0.3076923 0 0.5 0 0.7692308 0 0.8076923 0 1 0 0.2692308 0 0.9615384 0 0.5 0 1 0 0.7692308 0 0.5 0 0.2692308 0 1 0 0.5384616 0 0.2307692 0 0.5 0 0.2307692 0 0.2692308 0 0.5 0 0.5384616 0 0.1923077 0 0.2307692 0 0.5384616 0 0.1538462 0 0.1923077 0 0.0384615 0 0.7307692 0 0 0 0.5769231 0 0.1538462 0 0.5384616 0 0.07692307 0 0.7307692 0 0.0384615 0 0.5769231 0 0.1153846 0 0.1538462 0 0.1153846 0 0.7307692 0 0.07692307 0 0.5769231 0 0.7307692 0 0.1153846 0 0.5769231 0 0.6923077 0 0.7307692 0 0.6153846 0 0.6923077 0 0.5769231 0 0.6153846 0 0.6538462 0 0.6923077 0 0.16 0 0.07999998 0 0.12 0 0.16 0 0.03999996 0 0.07999998 0 0.16 0 0 0 0.03999996 0 0.2 0 0 0 0.16 0 0.2 0 0.88 0 0 0 0.88 0 0.92 0 0 0 0.92 0 0.96 0 0 0 0.96 0 1 0 0 0 0.2 0 0.84 0 0.88 0 0.2 0 0.8 0 0.84 0 0.24 0 0.8 0 0.2 0 0.24 0 0.76 0 0.8 0 0.24 0 0.72 0 0.76 0 0.28 0 0.72 0 0.24 0 0.28 0 0.68 0 0.72 0 0.56 0 0.48 0 0.52 0 0.32 0 0.68 0 0.28 0 0.32 0 0.64 0 0.68 0 0.6 0 0.48 0 0.56 0 0.64 0 0.48 0 0.6 0 0.32 0 0.48 0 0.64 0 0.36 0 0.48 0 0.32 0 0.36 0 0.44 0 0.48 0 0.36 0 0.4 0 0.44 0 0.2340425 0 0.1914893 0 0.2127659 0 0.2553191 0 0.1914893 0 0.2340425 0 0.2553191 0 0.1702128 0 0.1914893 0 0.2765957 0 0.1702128 0 0.2553191 0 0.2978723 0 0.3191489 0 0.2765957 0 0.3191489 0 0.3404255 0 0.2765957 0 0.3404255 0 0.3617021 0 0.2765957 0 0.3617021 0 0.1702128 0 0.2765957 0 0.3617021 0 0.3829787 0 0.1702128 0 0.3829787 0 0.1489362 0 0.1702128 0 0.4042553 0 0.1489362 0 0.3829787 0 0.4255319 0 0.1489362 0 0.4042553 0 0.4255319 0 0.1276596 0 0.1489362 0 0.4468085 0 0.1276596 0 0.4255319 0 0.4680851 0 1 0 0.4468085 0 1 0 0.1276596 0 0.4468085 0 0.4893617 0 1 0 0.4680851 0 0.4893617 0 0.9787234 0 1 0 0.8085107 0 0.1276596 0 1 0 0.5106383 0 0.9787234 0 0.4893617 0 0.5106383 0 0.9574468 0 0.9787234 0 0.5319149 0 0.9574468 0 0.5106383 0 0.5319149 0 0.9361702 0 0.9574468 0 0.5319149 0 0.9148936 0 0.9361702 0 0.5531915 0 0.9148936 0 0.5319149 0 0.8297873 0 0.1276596 0 0.8085107 0 0.5531915 0 0.893617 0 0.9148936 0 0.02127659 0 0.7872341 0 0 0 0.8297873 0 0.106383 0 0.1276596 0 0.8510639 0 0.106383 0 0.8297873 0 0.04255318 0 0.7872341 0 0.02127659 0 0.8510639 0 0.08510637 0 0.106383 0 0.5531915 0 0.8723405 0 0.893617 0 0.06382977 0 0.7872341 0 0.04255318 0 0.8723405 0 0.08510637 0 0.8510639 0 0.8723405 0 0.06382977 0 0.08510637 0 0.8723405 0 0.7872341 0 0.06382977 0 0.5531915 0 0.6595745 0 0.8723405 0 0.6595745 0 0.7872341 0 0.8723405 0 0.5744681 0 0.6595745 0 0.5531915 0 0.5744681 0 0.6382979 0 0.6595745 0 0.6808511 0 0.7872341 0 0.6595745 0 0.6808511 0 0.7659575 0 0.7872341 0 0.5744681 0 0.6170213 0 0.6382979 0 0.7021276 0 0.7659575 0 0.6808511 0 0.5957447 0 0.6170213 0 0.5744681 0 0.7021276 0 0.7446808 0 0.7659575 0 0.7234042 0 0.7446808 0 0.7021276 0 0.0869565 0 0 0 0.04347825 0 0.0869565 0 1 0 0 0 0.1304348 0 0.9565218 0 0.0869565 0 0.9565218 0 1 0 0.0869565 0 0.173913 0 0.8695652 0 0.1304348 0 0.8695652 0 0.9130435 0 0.1304348 0 0.9130435 0 0.9565218 0 0.1304348 0 0.2173913 0 0.8260869 0 0.173913 0 0.8260869 0 0.8695652 0 0.173913 0 0.2173913 0 0.7826087 0 0.8260869 0 0.2608696 0 0.7826087 0 0.2173913 0 0.2608696 0 0.7391304 0 0.7826087 0 0.2608696 0 0.6956522 0 0.7391304 0 0.3043478 0 0.6956522 0 0.2608696 0 0.3913043 0 0.3043478 0 0.3478261 0 0.3913043 0 0.6956522 0 0.3043478 0 0.3913043 0 0.6521739 0 0.6956522 0 0.3913043 0 0.6086956 0 0.6521739 0 0.4347826 0 0.6086956 0 0.3913043 0 0.4782609 0 0.5652174 0 0.4347826 0 0.5652174 0 0.6086956 0 0.4347826 0 0.4782609 0 0.5217391 0 0.5652174 0 0.7777778 0 0.6666667 0 0.7222222 0 0.7777778 0 0.6111111 0 0.6666667 0 0.05555552 0 1 0 0 0 0.05555552 0 0.9444444 0 1 0 0.8333333 0 0.6111111 0 0.7777778 0 0.8333333 0 0.5555556 0 0.6111111 0 0.8888889 0 0.5555556 0 0.8333333 0 0.8888889 0 0.3333333 0 0.5555556 0 0.3333333 0 0.3888889 0 0.5555556 0 0.3888889 0 0.4444444 0 0.5555556 0 0.4444444 0 0.5 0 0.5555556 0 0.8888889 0 0.2777778 0 0.3333333 0 0.8888889 0 0.2222222 0 0.2777778 0 0.05555552 0 0.8888889 0 0.9444444 0 0.05555552 0 0.2222222 0 0.8888889 0 0.05555552 0 0.1666666 0 0.2222222 0 0.05555552 0 0.1111111 0 0.1666666 0 0.6315789 0 0.5263158 0 0.5789474 0 0.6315789 0 0.4736842 0 0.5263158 0 0.1578947 0 0.05263155 0 0.1052631 0 0.1578947 0 0 0 0.05263155 0 0.6842105 0 0.4736842 0 0.6315789 0 0.6842105 0 0.4210526 0 0.4736842 0 0.2105263 0 0 0 0.1578947 0 0.6842105 0 0.368421 0 0.4210526 0 0.2631579 0 0.9473685 0 0.2105263 0 0.9473685 0 0 0 0.2105263 0 0.6842105 0 0.3157895 0 0.368421 0 0.7368421 0 0.3157895 0 0.6842105 0 0.3157895 0 0.9473685 0 0.2631579 0 0.7368421 0 0.9473685 0 0.3157895 0 0.7368421 0 0.8947368 0 0.9473685 0 1 0 0 0 0.9473685 0 0.7368421 0 0.8421053 0 0.8947368 0 0.7894737 0 0.8421053 0 0.7368421 0 0.1290322 0 0.06451612 0 0.09677416 0 0.1290322 0 0.03225803 0 0.06451612 0 0.1290322 0 0 0 0.03225803 0 0.1612903 0 0 0 0.1290322 0 0.1612903 0 0.9032258 0 0 0 0.9032258 0 0.9354839 0 0 0 0.9354839 0 0.9677419 0 0 0 0.9677419 0 1 0 0 0 0.1935483 0 0.8709678 0 0.1612903 0 0.8709678 0 0.9032258 0 0.1612903 0 0.1935483 0 0.8387097 0 0.8709678 0 0.1935483 0 0.8064516 0 0.8387097 0 0.1935483 0 0.7741935 0 0.8064516 0 0.2258064 0 0.7741935 0 0.1935483 0 0.2258064 0 0.7419355 0 0.7741935 0 0.2580645 0 0.7419355 0 0.2258064 0 0.2580645 0 0.7096774 0 0.7419355 0 0.2903226 0 0.7096774 0 0.2580645 0 0.516129 0 0.4516129 0 0.4838709 0 0.2903226 0 0.6774194 0 0.7096774 0 0.3225806 0 0.6774194 0 0.2903226 0 0.3548387 0 0.6774194 0 0.3225806 0 0.516129 0 0.4193548 0 0.4516129 0 0.3870968 0 0.6774194 0 0.3548387 0 0.516129 0 0.3870968 0 0.4193548 0 0.3870968 0 0.6451613 0 0.6774194 0 0.516129 0 0.6451613 0 0.3870968 0 0.5483871 0 0.6451613 0 0.516129 0 0.5806452 0 0.6451613 0 0.5483871 0 0.5806452 0 0.6129032 0 0.6451613 0</float_array>
          <technique_common>
            <accessor source="#Surfaces_interpolees_entre_points_de_bord___pas_de_terrain_ni_m-mesh-map-0-array" count="4866" stride="2">
              <param name="S" type="float"/>
              <param name="T" type="float"/>
            </accessor>
          </technique_common>
        </source>
        <vertices id="Surfaces_interpolees_entre_points_de_bord___pas_de_terrain_ni_m-mesh-vertices">
          <input semantic="POSITION" source="#Surfaces_interpolees_entre_points_de_bord___pas_de_terrain_ni_m-mesh-positions"/>
        </vertices>
        <triangles material="Annotations_NON_METRIQUES_001-material" count="1622">
          <input semantic="VERTEX" source="#Surfaces_interpolees_entre_points_de_bord___pas_de_terrain_ni_m-mesh-vertices" offset="0"/>
          <input semantic="NORMAL" source="#Surfaces_interpolees_entre_points_de_bord___pas_de_terrain_ni_m-mesh-normals" offset="1"/>
          <input semantic="TEXCOORD" source="#Surfaces_interpolees_entre_points_de_bord___pas_de_terrain_ni_m-mesh-map-0" offset="2" set="0"/>
          <p>1 0 0 11 0 1 0 0 2 1 1 3 10 1 4 11 1 5 2 2 6 10 2 7 1 2 8 2 3 9 9 3 10 10 3 11 3 4 12 9 4 13 2 4 14 4 5 15 9 5 16 3 5 17 4 6 18 8 6 19 9 6 20 5 7 21 8 7 22 4 7 23 5 8 24 7 8 25 8 8 26 6 9 27 7 9 28 5 9 29 16 10 30 14 10 31 15 10 32 16 11 33 13 11 34 14 11 35 17 12 36 13 12 37 16 12 38 17 13 39 12 13 40 13 13 41 17 14 42 44 14 43 12 14 44 44 15 45 45 15 46 12 15 47 45 16 48 46 16 49 12 16 50 18 17 51 42 17 52 17 17 53 42 18 54 43 18 55 17 18 56 43 19 57 44 19 58 17 19 59 18 20 60 41 20 61 42 20 62 18 21 63 40 21 64 41 21 65 18 22 66 39 22 67 40 22 68 19 23 69 39 23 70 18 23 71 19 24 72 38 24 73 39 24 74 19 25 75 37 25 76 38 25 77 19 26 78 36 26 79 37 26 80 20 27 81 36 27 82 19 27 83 20 28 84 35 28 85 36 28 86 21 29 87 35 29 88 20 29 89 21 30 90 34 30 91 35 30 92 28 31 93 26 31 94 27 31 95 21 32 96 33 32 97 34 32 98 22 33 99 33 33 100 21 33 101 28 34 102 25 34 103 26 34 104 23 35 105 33 35 106 22 35 107 24 36 108 33 36 109 23 36 110 28 37 111 24 37 112 25 37 113 28 38 114 33 38 115 24 38 116 28 39 117 32 39 118 33 39 119 29 40 120 32 40 121 28 40 122 30 41 123 32 41 124 29 41 125 30 42 126 31 42 127 32 42 128 58 43 129 56 43 130 57 43 131 58 44 132 55 44 133 56 44 134 59 45 135 70 45 136 58 45 137 70 46 138 55 46 139 58 46 140 59 47 141 69 47 142 70 47 143 71 48 144 55 48 145 70 48 146 59 49 147 68 49 148 69 49 149 72 50 150 55 50 151 71 50 152 60 51 153 68 51 154 59 51 155 72 52 156 54 52 157 55 52 158 60 53 159 67 53 160 68 53 161 73 54 162 54 54 163 72 54 164 60 55 165 73 55 166 67 55 167 60 56 168 54 56 169 73 56 170 61 57 171 53 57 172 60 57 173 53 58 174 54 58 175 60 58 176 61 59 177 52 59 178 53 59 179 61 60 180 51 60 181 52 60 182 48 61 183 66 61 184 47 61 185 62 62 186 51 62 187 61 62 188 49 63 189 66 63 190 48 63 191 62 64 192 50 64 193 51 64 194 50 65 195 66 65 196 49 65 197 62 66 198 66 66 199 50 66 200 62 67 201 65 67 202 66 67 203 63 68 204 65 68 205 62 68 206 63 69 207 64 69 208 65 69 209 86 70 210 84 70 211 85 70 212 86 71 213 83 71 214 84 71 215 77 72 216 75 72 217 76 72 218 77 73 219 74 73 220 75 73 221 87 74 222 83 74 223 86 74 224 87 75 225 82 75 226 83 75 227 78 76 228 74 76 229 77 76 230 87 77 231 81 77 232 82 77 233 79 78 234 92 78 235 78 78 236 92 79 237 74 79 238 78 79 239 87 80 240 80 80 241 81 80 242 88 81 243 80 81 244 87 81 245 80 82 246 92 82 247 79 82 248 88 83 249 92 83 250 80 83 251 88 84 252 91 84 253 92 84 254 93 85 255 74 85 256 92 85 257 88 86 258 90 86 259 91 86 260 89 87 261 90 87 262 88 87 263 95 88 264 115 88 265 94 88 266 95 89 267 114 89 268 115 89 269 95 90 270 113 90 271 114 90 272 96 91 273 113 91 274 95 91 275 97 92 276 113 92 277 96 92 278 98 93 279 112 93 280 97 93 281 112 94 282 113 94 283 97 94 284 98 95 285 111 95 286 112 95 287 98 96 288 110 96 289 111 96 290 99 97 291 110 97 292 98 97 293 106 98 294 104 98 295 105 98 296 99 99 297 109 99 298 110 99 299 107 100 300 104 100 301 106 100 302 99 101 303 108 101 304 109 101 305 108 102 306 104 102 307 107 102 308 99 103 309 104 103 310 108 103 311 100 104 312 104 104 313 99 104 314 100 105 315 103 105 316 104 105 317 101 106 318 103 106 319 100 106 320 101 107 321 102 107 322 103 107 323 130 108 324 128 108 325 129 108 326 130 109 327 131 109 328 128 109 329 120 110 330 118 110 331 119 110 332 120 111 333 117 111 334 118 111 335 121 112 336 117 112 337 120 112 338 122 113 339 117 113 340 121 113 341 122 114 342 116 114 343 117 114 344 123 115 345 116 115 346 122 115 347 123 116 348 127 116 349 116 116 350 124 117 351 127 117 352 123 117 353 124 118 354 126 118 355 127 118 356 125 119 357 126 119 358 124 119 359 133 120 360 153 120 361 132 120 362 133 121 363 152 121 364 153 121 365 133 122 366 151 122 367 152 122 368 134 123 369 151 123 370 133 123 371 135 124 372 151 124 373 134 124 374 136 125 375 150 125 376 135 125 377 150 126 378 151 126 379 135 126 380 136 127 381 149 127 382 150 127 383 136 128 384 148 128 385 149 128 386 137 129 387 148 129 388 136 129 389 144 130 390 142 130 391 143 130 392 137 131 393 147 131 394 148 131 395 145 132 396 142 132 397 144 132 398 137 133 399 146 133 400 147 133 401 146 134 402 142 134 403 145 134 404 137 135 405 142 135 406 146 135 407 138 136 408 142 136 409 137 136 410 138 137 411 141 137 412 142 137 413 139 138 414 141 138 415 138 138 416 139 139 417 140 139 418 141 139 419 158 140 420 156 140 421 157 140 422 158 141 423 155 141 424 156 141 425 159 142 426 155 142 427 158 142 428 159 143 429 154 143 430 155 143 431 159 144 432 186 144 433 154 144 434 186 145 435 187 145 436 154 145 437 187 146 438 188 146 439 154 146 440 160 147 441 184 147 442 159 147 443 184 148 444 185 148 445 159 148 446 185 149 447 186 149 448 159 149 449 160 150 450 183 150 451 184 150 452 160 151 453 182 151 454 183 151 455 160 152 456 181 152 457 182 152 458 161 153 459 181 153 460 160 153 461 161 154 462 180 154 463 181 154 464 161 155 465 179 155 466 180 155 467 161 156 468 178 156 469 179 156 470 162 157 471 178 157 472 161 157 473 162 158 474 177 158 475 178 158 476 163 159 477 177 159 478 162 159 479 163 160 480 176 160 481 177 160 482 170 161 483 168 161 484 169 161 485 163 162 486 175 162 487 176 162 488 164 163 489 175 163 490 163 163 491 170 164 492 167 164 493 168 164 494 165 165 495 175 165 496 164 165 497 166 166 498 175 166 499 165 166 500 170 167 501 166 167 502 167 167 503 170 168 504 175 168 505 166 168 506 170 169 507 174 169 508 175 169 509 171 170 510 174 170 511 170 170 512 172 171 513 174 171 514 171 171 515 172 172 516 173 172 517 174 172 518 200 173 519 198 173 520 199 173 521 200 174 522 197 174 523 198 174 524 201 175 525 212 175 526 200 175 527 212 176 528 197 176 529 200 176 530 201 177 531 211 177 532 212 177 533 213 178 534 197 178 535 212 178 536 201 179 537 210 179 538 211 179 539 214 180 540 197 180 541 213 180 542 202 181 543 210 181 544 201 181 545 214 182 546 196 182 547 197 182 548 202 183 549 209 183 550 210 183 551 215 184 552 196 184 553 214 184 554 202 185 555 215 185 556 209 185 557 202 186 558 196 186 559 215 186 560 203 187 561 195 187 562 202 187 563 195 188 564 196 188 565 202 188 566 203 189 567 194 189 568 195 189 569 203 190 570 193 190 571 194 190 572 190 191 573 208 191 574 189 191 575 204 192 576 193 192 577 203 192 578 191 193 579 208 193 580 190 193 581 204 194 582 192 194 583 193 194 584 192 195 585 208 195 586 191 195 587 204 196 588 208 196 589 192 196 590 204 197 591 207 197 592 208 197 593 205 198 594 207 198 595 204 198 596 205 199 597 206 199 598 207 199 599 230 200 600 228 200 601 229 200 602 230 201 603 227 201 604 228 201 605 217 202 606 234 202 607 216 202 608 217 203 609 233 203 610 234 203 611 231 204 612 227 204 613 230 204 614 231 205 615 226 205 616 227 205 617 232 206 618 226 206 619 231 206 620 232 207 621 222 207 622 226 207 623 222 208 624 223 208 625 226 208 626 223 209 627 224 209 628 226 209 629 224 210 630 225 210 631 226 210 632 232 211 633 221 211 634 222 211 635 232 212 636 220 212 637 221 212 638 217 213 639 232 213 640 233 213 641 217 214 642 220 214 643 232 214 644 217 215 645 219 215 646 220 215 647 217 216 648 218 216 649 219 216 650 239 217 651 237 217 652 238 217 653 239 218 654 236 218 655 237 218 656 240 219 657 236 219 658 239 219 659 240 220 660 235 220 661 236 220 662 240 221 663 267 221 664 235 221 665 267 222 666 268 222 667 235 222 668 268 223 669 269 223 670 235 223 671 241 224 672 265 224 673 240 224 674 265 225 675 266 225 676 240 225 677 266 226 678 267 226 679 240 226 680 241 227 681 264 227 682 265 227 683 241 228 684 263 228 685 264 228 686 241 229 687 262 229 688 263 229 689 242 230 690 262 230 691 241 230 692 242 231 693 261 231 694 262 231 695 242 232 696 260 232 697 261 232 698 242 233 699 259 233 700 260 233 701 243 234 702 259 234 703 242 234 704 243 235 705 258 235 706 259 235 707 244 236 708 258 236 709 243 236 710 244 237 711 257 237 712 258 237 713 251 238 714 249 238 715 250 238 716 244 239 717 256 239 718 257 239 719 245 240 720 256 240 721 244 240 722 251 241 723 248 241 724 249 241 725 246 242 726 256 242 727 245 242 728 247 243 729 256 243 730 246 243 731 251 244 732 247 244 733 248 244 734 251 245 735 256 245 736 247 245 737 251 246 738 255 246 739 256 246 740 252 247 741 255 247 742 251 247 743 253 248 744 255 248 745 252 248 746 253 249 747 254 249 748 255 249 749 281 250 750 279 250 751 280 250 752 281 251 753 278 251 754 279 251 755 282 252 756 293 252 757 281 252 758 293 253 759 278 253 760 281 253 761 282 254 762 292 254 763 293 254 764 294 255 765 278 255 766 293 255 767 282 256 768 291 256 769 292 256 770 295 257 771 278 257 772 294 257 773 283 258 774 291 258 775 282 258 776 295 259 777 277 259 778 278 259 779 283 260 780 290 260 781 291 260 782 296 261 783 277 261 784 295 261 785 283 262 786 296 262 787 290 262 788 283 263 789 277 263 790 296 263 791 284 264 792 276 264 793 283 264 794 276 265 795 277 265 796 283 265 797 284 266 798 275 266 799 276 266 800 284 267 801 274 267 802 275 267 803 271 268 804 289 268 805 270 268 806 285 269 807 274 269 808 284 269 809 272 270 810 289 270 811 271 270 812 285 271 813 273 271 814 274 271 815 273 272 816 289 272 817 272 272 818 285 273 819 289 273 820 273 273 821 285 274 822 288 274 823 289 274 824 286 275 825 288 275 826 285 275 827 286 276 828 287 276 829 288 276 830 299 277 831 297 277 832 298 277 833 299 278 834 317 278 835 297 278 836 314 279 837 312 279 838 313 279 839 315 280 840 312 280 841 314 280 842 315 281 843 311 281 844 312 281 845 316 282 846 304 282 847 315 282 848 304 283 849 311 283 850 315 283 851 299 284 852 316 284 853 317 284 854 299 285 855 301 285 856 316 285 857 301 286 858 302 286 859 316 286 860 302 287 861 303 287 862 316 287 863 303 288 864 304 288 865 316 288 866 305 289 867 311 289 868 304 289 869 305 290 870 310 290 871 311 290 872 306 291 873 310 291 874 305 291 875 307 292 876 310 292 877 306 292 878 299 293 879 300 293 880 301 293 881 308 294 882 310 294 883 307 294 884 308 295 885 309 295 886 310 295 887 322 296 888 320 296 889 321 296 890 322 297 891 319 297 892 320 297 893 322 298 894 318 298 895 319 298 896 323 299 897 318 299 898 322 299 899 323 300 900 340 300 901 318 300 902 340 301 903 341 301 904 318 301 905 341 302 906 342 302 907 318 302 908 342 303 909 343 303 910 318 303 911 323 304 912 339 304 913 340 304 914 323 305 915 338 305 916 339 305 917 324 306 918 338 306 919 323 306 920 324 307 921 337 307 922 338 307 923 324 308 924 336 308 925 337 308 926 325 309 927 336 309 928 324 309 929 325 310 930 335 310 931 336 310 932 332 311 933 330 311 934 331 311 935 326 312 936 335 312 937 325 312 938 326 313 939 334 313 940 335 313 941 333 314 942 330 314 943 332 314 944 334 315 945 330 315 946 333 315 947 326 316 948 330 316 949 334 316 950 327 317 951 330 317 952 326 317 953 327 318 954 329 318 955 330 318 956 327 319 957 328 319 958 329 319 959 358 320 960 356 320 961 357 320 962 358 321 963 355 321 964 356 321 965 345 322 966 362 322 967 344 322 968 345 323 969 361 323 970 362 323 971 359 324 972 355 324 973 358 324 974 359 325 975 354 325 976 355 325 977 360 326 978 354 326 979 359 326 980 360 327 981 350 327 982 354 327 983 350 328 984 351 328 985 354 328 986 351 329 987 352 329 988 354 329 989 352 330 990 353 330 991 354 330 992 360 331 993 349 331 994 350 331 995 360 332 996 348 332 997 349 332 998 345 333 999 360 333 1000 361 333 1001 345 334 1002 348 334 1003 360 334 1004 345 335 1005 347 335 1006 348 335 1007 345 336 1008 346 336 1009 347 336 1010 374 337 1011 372 337 1012 373 337 1013 375 338 1014 372 338 1015 374 338 1016 375 339 1017 371 339 1018 372 339 1019 376 340 1020 371 340 1021 375 340 1022 377 341 1023 378 341 1024 376 341 1025 378 342 1026 379 342 1027 376 342 1028 379 343 1029 380 343 1030 376 343 1031 380 344 1032 371 344 1033 376 344 1034 380 345 1035 381 345 1036 371 345 1037 381 346 1038 370 346 1039 371 346 1040 382 347 1041 370 347 1042 381 347 1043 383 348 1044 370 348 1045 382 348 1046 383 349 1047 369 349 1048 370 349 1049 384 350 1050 369 350 1051 383 350 1052 385 351 1053 410 351 1054 384 351 1055 410 352 1056 369 352 1057 384 352 1058 386 353 1059 410 353 1060 385 353 1061 386 354 1062 409 354 1063 410 354 1064 401 355 1065 369 355 1066 410 355 1067 387 356 1068 409 356 1069 386 356 1070 387 357 1071 408 357 1072 409 357 1073 388 358 1074 408 358 1075 387 358 1076 388 359 1077 407 359 1078 408 359 1079 388 360 1080 406 360 1081 407 360 1082 389 361 1083 406 361 1084 388 361 1085 402 362 1086 369 362 1087 401 362 1088 389 363 1089 405 363 1090 406 363 1091 364 364 1092 400 364 1093 363 364 1094 402 365 1095 368 365 1096 369 365 1097 403 366 1098 368 366 1099 402 366 1100 365 367 1101 400 367 1102 364 367 1103 403 368 1104 367 368 1105 368 368 1106 389 369 1107 404 369 1108 405 369 1109 366 370 1110 400 370 1111 365 370 1112 404 371 1113 367 371 1114 403 371 1115 404 372 1116 366 372 1117 367 372 1118 404 373 1119 400 373 1120 366 373 1121 389 374 1122 394 374 1123 404 374 1124 394 375 1125 400 375 1126 404 375 1127 390 376 1128 394 376 1129 389 376 1130 390 377 1131 393 377 1132 394 377 1133 395 378 1134 400 378 1135 394 378 1136 395 379 1137 399 379 1138 400 379 1139 390 380 1140 392 380 1141 393 380 1142 396 381 1143 399 381 1144 395 381 1145 391 382 1146 392 382 1147 390 382 1148 396 383 1149 398 383 1150 399 383 1151 397 384 1152 398 384 1153 396 384 1154 442 385 1155 440 385 1156 441 385 1157 436 386 1158 434 386 1159 435 386 1160 443 387 1161 440 387 1162 442 387 1163 412 388 1164 445 388 1165 411 388 1166 412 389 1167 444 389 1168 445 389 1169 443 390 1170 439 390 1171 440 390 1172 437 391 1173 434 391 1174 436 391 1175 437 392 1176 433 392 1177 434 392 1178 444 393 1179 439 393 1180 443 393 1181 444 394 1182 438 394 1183 439 394 1184 438 395 1185 426 395 1186 437 395 1187 426 396 1188 433 396 1189 437 396 1190 412 397 1191 414 397 1192 444 397 1193 414 398 1194 415 398 1195 444 398 1196 415 399 1197 416 399 1198 444 399 1199 416 400 1200 417 400 1201 444 400 1202 417 401 1203 438 401 1204 444 401 1205 418 402 1206 438 402 1207 417 402 1208 438 403 1209 425 403 1210 426 403 1211 427 404 1212 433 404 1213 426 404 1214 418 405 1215 425 405 1216 438 405 1217 418 406 1218 424 406 1219 425 406 1220 427 407 1221 432 407 1222 433 407 1223 419 408 1224 424 408 1225 418 408 1226 428 409 1227 432 409 1228 427 409 1229 419 410 1230 423 410 1231 424 410 1232 420 411 1233 423 411 1234 419 411 1235 429 412 1236 432 412 1237 428 412 1238 412 413 1239 413 413 1240 414 413 1241 420 414 1242 422 414 1243 423 414 1244 429 415 1245 431 415 1246 432 415 1247 421 416 1248 422 416 1249 420 416 1250 430 417 1251 431 417 1252 429 417 1253 460 418 1254 458 418 1255 459 418 1256 460 419 1257 461 419 1258 458 419 1259 450 420 1260 448 420 1261 449 420 1262 450 421 1263 447 421 1264 448 421 1265 451 422 1266 447 422 1267 450 422 1268 452 423 1269 447 423 1270 451 423 1271 452 424 1272 446 424 1273 447 424 1274 453 425 1275 446 425 1276 452 425 1277 453 426 1278 457 426 1279 446 426 1280 454 427 1281 457 427 1282 453 427 1283 454 428 1284 456 428 1285 457 428 1286 455 429 1287 456 429 1288 454 429 1289 479 430 1290 477 430 1291 478 430 1292 480 431 1293 477 431 1294 479 431 1295 464 432 1296 462 432 1297 463 432 1298 464 433 1299 482 433 1300 462 433 1301 480 434 1302 476 434 1303 477 434 1304 481 435 1305 469 435 1306 480 435 1307 469 436 1308 476 436 1309 480 436 1310 464 437 1311 481 437 1312 482 437 1313 464 438 1314 466 438 1315 481 438 1316 466 439 1317 467 439 1318 481 439 1319 467 440 1320 468 440 1321 481 440 1322 468 441 1323 469 441 1324 481 441 1325 470 442 1326 476 442 1327 469 442 1328 470 443 1329 475 443 1330 476 443 1331 471 444 1332 475 444 1333 470 444 1334 472 445 1335 475 445 1336 471 445 1337 464 446 1338 465 446 1339 466 446 1340 473 447 1341 475 447 1342 472 447 1343 473 448 1344 474 448 1345 475 448 1346 500 449 1347 498 449 1348 499 449 1349 501 450 1350 498 450 1351 500 450 1352 485 451 1353 483 451 1354 484 451 1355 485 452 1356 503 452 1357 483 452 1358 501 453 1359 497 453 1360 498 453 1361 502 454 1362 490 454 1363 501 454 1364 490 455 1365 497 455 1366 501 455 1367 485 456 1368 502 456 1369 503 456 1370 485 457 1371 487 457 1372 502 457 1373 487 458 1374 488 458 1375 502 458 1376 488 459 1377 489 459 1378 502 459 1379 489 460 1380 490 460 1381 502 460 1382 491 461 1383 497 461 1384 490 461 1385 491 462 1386 496 462 1387 497 462 1388 492 463 1389 496 463 1390 491 463 1391 493 464 1392 496 464 1393 492 464 1394 485 465 1395 486 465 1396 487 465 1397 494 466 1398 496 466 1399 493 466 1400 494 467 1401 495 467 1402 496 467 1403 518 468 1404 516 468 1405 517 468 1406 518 469 1407 519 469 1408 516 469 1409 508 470 1410 506 470 1411 507 470 1412 508 471 1413 505 471 1414 506 471 1415 509 472 1416 505 472 1417 508 472 1418 510 473 1419 505 473 1420 509 473 1421 510 474 1422 504 474 1423 505 474 1424 511 475 1425 504 475 1426 510 475 1427 511 476 1428 515 476 1429 504 476 1430 512 477 1431 515 477 1432 511 477 1433 512 478 1434 514 478 1435 515 478 1436 513 479 1437 514 479 1438 512 479 1439 531 480 1440 529 480 1441 530 480 1442 532 481 1443 529 481 1444 531 481 1445 532 482 1446 528 482 1447 529 482 1448 533 483 1449 528 483 1450 532 483 1451 534 484 1452 535 484 1453 533 484 1454 535 485 1455 536 485 1456 533 485 1457 536 486 1458 537 486 1459 533 486 1460 537 487 1461 528 487 1462 533 487 1463 537 488 1464 538 488 1465 528 488 1466 538 489 1467 527 489 1468 528 489 1469 539 490 1470 527 490 1471 538 490 1472 540 491 1473 527 491 1474 539 491 1475 540 492 1476 526 492 1477 527 492 1478 541 493 1479 526 493 1480 540 493 1481 542 494 1482 567 494 1483 541 494 1484 567 495 1485 526 495 1486 541 495 1487 543 496 1488 567 496 1489 542 496 1490 543 497 1491 566 497 1492 567 497 1493 558 498 1494 526 498 1495 567 498 1496 544 499 1497 566 499 1498 543 499 1499 544 500 1500 565 500 1501 566 500 1502 545 501 1503 565 501 1504 544 501 1505 545 502 1506 564 502 1507 565 502 1508 545 503 1509 563 503 1510 564 503 1511 546 504 1512 563 504 1513 545 504 1514 559 505 1515 526 505 1516 558 505 1517 546 506 1518 562 506 1519 563 506 1520 521 507 1521 557 507 1522 520 507 1523 559 508 1524 525 508 1525 526 508 1526 560 509 1527 525 509 1528 559 509 1529 522 510 1530 557 510 1531 521 510 1532 560 511 1533 524 511 1534 525 511 1535 546 512 1536 561 512 1537 562 512 1538 523 513 1539 557 513 1540 522 513 1541 561 514 1542 524 514 1543 560 514 1544 561 515 1545 523 515 1546 524 515 1547 561 516 1548 557 516 1549 523 516 1550 546 517 1551 551 517 1552 561 517 1553 551 518 1554 557 518 1555 561 518 1556 547 519 1557 551 519 1558 546 519 1559 547 520 1560 550 520 1561 551 520 1562 552 521 1563 557 521 1564 551 521 1565 552 522 1566 556 522 1567 557 522 1568 547 523 1569 549 523 1570 550 523 1571 553 524 1572 556 524 1573 552 524 1574 548 525 1575 549 525 1576 547 525 1577 553 526 1578 555 526 1579 556 526 1580 554 527 1581 555 527 1582 553 527 1583 582 528 1584 580 528 1585 581 528 1586 582 529 1587 579 529 1588 580 529 1589 569 530 1590 586 530 1591 568 530 1592 569 531 1593 585 531 1594 586 531 1595 583 532 1596 579 532 1597 582 532 1598 583 533 1599 578 533 1600 579 533 1601 584 534 1602 578 534 1603 583 534 1604 584 535 1605 574 535 1606 578 535 1607 574 536 1608 575 536 1609 578 536 1610 575 537 1611 576 537 1612 578 537 1613 576 538 1614 577 538 1615 578 538 1616 584 539 1617 573 539 1618 574 539 1619 584 540 1620 572 540 1621 573 540 1622 569 541 1623 584 541 1624 585 541 1625 569 542 1626 572 542 1627 584 542 1628 569 543 1629 571 543 1630 572 543 1631 569 544 1632 570 544 1633 571 544 1634 601 545 1635 599 545 1636 600 545 1637 601 546 1638 598 546 1639 599 546 1640 588 547 1641 605 547 1642 587 547 1643 588 548 1644 604 548 1645 605 548 1646 602 549 1647 598 549 1648 601 549 1649 602 550 1650 597 550 1651 598 550 1652 603 551 1653 597 551 1654 602 551 1655 603 552 1656 593 552 1657 597 552 1658 593 553 1659 594 553 1660 597 553 1661 594 554 1662 595 554 1663 597 554 1664 595 555 1665 596 555 1666 597 555 1667 603 556 1668 592 556 1669 593 556 1670 603 557 1671 591 557 1672 592 557 1673 588 558 1674 603 558 1675 604 558 1676 588 559 1677 591 559 1678 603 559 1679 588 560 1680 590 560 1681 591 560 1682 588 561 1683 589 561 1684 590 561 1685 617 562 1686 615 562 1687 616 562 1688 617 563 1689 614 563 1690 615 563 1691 618 564 1692 629 564 1693 617 564 1694 629 565 1695 614 565 1696 617 565 1697 618 566 1698 628 566 1699 629 566 1700 630 567 1701 614 567 1702 629 567 1703 618 568 1704 627 568 1705 628 568 1706 631 569 1707 614 569 1708 630 569 1709 619 570 1710 627 570 1711 618 570 1712 631 571 1713 613 571 1714 614 571 1715 619 572 1716 626 572 1717 627 572 1718 632 573 1719 613 573 1720 631 573 1721 619 574 1722 632 574 1723 626 574 1724 619 575 1725 613 575 1726 632 575 1727 620 576 1728 612 576 1729 619 576 1730 612 577 1731 613 577 1732 619 577 1733 620 578 1734 611 578 1735 612 578 1736 620 579 1737 610 579 1738 611 579 1739 607 580 1740 625 580 1741 606 580 1742 621 581 1743 610 581 1744 620 581 1745 608 582 1746 625 582 1747 607 582 1748 621 583 1749 609 583 1750 610 583 1751 609 584 1752 625 584 1753 608 584 1754 621 585 1755 625 585 1756 609 585 1757 621 586 1758 624 586 1759 625 586 1760 622 587 1761 624 587 1762 621 587 1763 622 588 1764 623 588 1765 624 588 1766 634 589 1767 654 589 1768 633 589 1769 634 590 1770 653 590 1771 654 590 1772 634 591 1773 652 591 1774 653 591 1775 635 592 1776 652 592 1777 634 592 1778 636 593 1779 652 593 1780 635 593 1781 637 594 1782 651 594 1783 636 594 1784 651 595 1785 652 595 1786 636 595 1787 637 596 1788 650 596 1789 651 596 1790 637 597 1791 649 597 1792 650 597 1793 638 598 1794 649 598 1795 637 598 1796 645 599 1797 643 599 1798 644 599 1799 638 600 1800 648 600 1801 649 600 1802 646 601 1803 643 601 1804 645 601 1805 638 602 1806 647 602 1807 648 602 1808 647 603 1809 643 603 1810 646 603 1811 638 604 1812 643 604 1813 647 604 1814 639 605 1815 643 605 1816 638 605 1817 639 606 1818 642 606 1819 643 606 1820 640 607 1821 642 607 1822 639 607 1823 640 608 1824 641 608 1825 642 608 1826 666 609 1827 664 609 1828 665 609 1829 666 610 1830 663 610 1831 664 610 1832 667 611 1833 678 611 1834 666 611 1835 678 612 1836 663 612 1837 666 612 1838 667 613 1839 677 613 1840 678 613 1841 679 614 1842 663 614 1843 678 614 1844 667 615 1845 676 615 1846 677 615 1847 680 616 1848 663 616 1849 679 616 1850 668 617 1851 676 617 1852 667 617 1853 680 618 1854 662 618 1855 663 618 1856 668 619 1857 675 619 1858 676 619 1859 681 620 1860 662 620 1861 680 620 1862 668 621 1863 681 621 1864 675 621 1865 668 622 1866 662 622 1867 681 622 1868 669 623 1869 661 623 1870 668 623 1871 661 624 1872 662 624 1873 668 624 1874 669 625 1875 660 625 1876 661 625 1877 669 626 1878 659 626 1879 660 626 1880 656 627 1881 674 627 1882 655 627 1883 670 628 1884 659 628 1885 669 628 1886 657 629 1887 674 629 1888 656 629 1889 670 630 1890 658 630 1891 659 630 1892 658 631 1893 674 631 1894 657 631 1895 670 632 1896 674 632 1897 658 632 1898 670 633 1899 673 633 1900 674 633 1901 671 634 1902 673 634 1903 670 634 1904 671 635 1905 672 635 1906 673 635 1907 684 636 1908 682 636 1909 683 636 1910 684 637 1911 694 637 1912 682 637 1913 688 638 1914 686 638 1915 687 638 1916 688 639 1917 685 639 1918 686 639 1919 688 640 1920 684 640 1921 685 640 1922 688 641 1923 704 641 1924 684 641 1925 704 642 1926 705 642 1927 684 642 1928 705 643 1929 694 643 1930 684 643 1931 689 644 1932 702 644 1933 688 644 1934 702 645 1935 703 645 1936 688 645 1937 703 646 1938 704 646 1939 688 646 1940 689 647 1941 701 647 1942 702 647 1943 695 648 1944 694 648 1945 705 648 1946 689 649 1947 700 649 1948 701 649 1949 690 650 1950 700 650 1951 689 650 1952 690 651 1953 699 651 1954 700 651 1955 691 652 1956 699 652 1957 690 652 1958 691 653 1959 698 653 1960 699 653 1961 691 654 1962 697 654 1963 698 654 1964 692 655 1965 697 655 1966 691 655 1967 692 656 1968 696 656 1969 697 656 1970 692 657 1971 695 657 1972 696 657 1973 692 658 1974 694 658 1975 695 658 1976 693 659 1977 694 659 1978 692 659 1979 710 660 1980 708 660 1981 709 660 1982 710 661 1983 707 661 1984 708 661 1985 711 662 1986 707 662 1987 710 662 1988 711 663 1989 706 663 1990 707 663 1991 711 664 1992 738 664 1993 706 664 1994 738 665 1995 739 665 1996 706 665 1997 739 666 1998 740 666 1999 706 666 2000 712 667 2001 736 667 2002 711 667 2003 736 668 2004 737 668 2005 711 668 2006 737 669 2007 738 669 2008 711 669 2009 712 670 2010 735 670 2011 736 670 2012 712 671 2013 734 671 2014 735 671 2015 712 672 2016 733 672 2017 734 672 2018 713 673 2019 733 673 2020 712 673 2021 713 674 2022 732 674 2023 733 674 2024 713 675 2025 731 675 2026 732 675 2027 713 676 2028 730 676 2029 731 676 2030 714 677 2031 730 677 2032 713 677 2033 714 678 2034 729 678 2035 730 678 2036 715 679 2037 729 679 2038 714 679 2039 715 680 2040 728 680 2041 729 680 2042 722 681 2043 720 681 2044 721 681 2045 715 682 2046 727 682 2047 728 682 2048 716 683 2049 727 683 2050 715 683 2051 722 684 2052 719 684 2053 720 684 2054 717 685 2055 727 685 2056 716 685 2057 718 686 2058 727 686 2059 717 686 2060 722 687 2061 718 687 2062 719 687 2063 722 688 2064 727 688 2065 718 688 2066 722 689 2067 726 689 2068 727 689 2069 723 690 2070 726 690 2071 722 690 2072 724 691 2073 726 691 2074 723 691 2075 724 692 2076 725 692 2077 726 692 2078 752 693 2079 750 693 2080 751 693 2081 753 694 2082 750 694 2083 752 694 2084 753 695 2085 749 695 2086 750 695 2087 754 696 2088 749 696 2089 753 696 2090 755 697 2091 756 697 2092 754 697 2093 756 698 2094 757 698 2095 754 698 2096 757 699 2097 758 699 2098 754 699 2099 758 700 2100 749 700 2101 754 700 2102 758 701 2103 759 701 2104 749 701 2105 759 702 2106 748 702 2107 749 702 2108 760 703 2109 748 703 2110 759 703 2111 761 704 2112 748 704 2113 760 704 2114 761 705 2115 747 705 2116 748 705 2117 762 706 2118 747 706 2119 761 706 2120 763 707 2121 788 707 2122 762 707 2123 788 708 2124 747 708 2125 762 708 2126 764 709 2127 788 709 2128 763 709 2129 764 710 2130 787 710 2131 788 710 2132 779 711 2133 747 711 2134 788 711 2135 765 712 2136 787 712 2137 764 712 2138 765 713 2139 786 713 2140 787 713 2141 766 714 2142 786 714 2143 765 714 2144 766 715 2145 785 715 2146 786 715 2147 766 716 2148 784 716 2149 785 716 2150 767 717 2151 784 717 2152 766 717 2153 780 718 2154 747 718 2155 779 718 2156 767 719 2157 783 719 2158 784 719 2159 742 720 2160 778 720 2161 741 720 2162 780 721 2163 746 721 2164 747 721 2165 781 722 2166 746 722 2167 780 722 2168 743 723 2169 778 723 2170 742 723 2171 781 724 2172 745 724 2173 746 724 2174 767 725 2175 782 725 2176 783 725 2177 744 726 2178 778 726 2179 743 726 2180 782 727 2181 745 727 2182 781 727 2183 782 728 2184 744 728 2185 745 728 2186 782 729 2187 778 729 2188 744 729 2189 767 730 2190 772 730 2191 782 730 2192 772 731 2193 778 731 2194 782 731 2195 768 732 2196 772 732 2197 767 732 2198 768 733 2199 771 733 2200 772 733 2201 773 734 2202 778 734 2203 772 734 2204 773 735 2205 777 735 2206 778 735 2207 768 736 2208 770 736 2209 771 736 2210 774 737 2211 777 737 2212 773 737 2213 769 738 2214 770 738 2215 768 738 2216 774 739 2217 776 739 2218 777 739 2219 775 740 2220 776 740 2221 774 740 2222 800 741 2223 802 741 2224 799 741 2225 802 742 2226 798 742 2227 799 742 2228 802 743 2229 797 743 2230 798 743 2231 802 744 2232 803 744 2233 797 744 2234 803 745 2235 796 745 2236 797 745 2237 800 746 2238 812 746 2239 802 746 2240 804 747 2241 796 747 2242 803 747 2243 805 748 2244 796 748 2245 804 748 2246 805 749 2247 795 749 2248 796 749 2249 806 750 2250 795 750 2251 805 750 2252 807 751 2253 795 751 2254 806 751 2255 807 752 2256 794 752 2257 795 752 2258 808 753 2259 794 753 2260 807 753 2261 808 754 2262 793 754 2263 794 754 2264 800 755 2265 789 755 2266 812 755 2267 789 756 2268 811 756 2269 812 756 2270 809 757 2271 793 757 2272 808 757 2273 789 758 2274 810 758 2275 811 758 2276 789 759 2277 809 759 2278 810 759 2279 789 760 2280 793 760 2281 809 760 2282 789 761 2283 792 761 2284 793 761 2285 800 762 2286 801 762 2287 789 762 2288 790 763 2289 792 763 2290 789 763 2291 791 764 2292 792 764 2293 790 764 2294 826 765 2295 836 765 2296 825 765 2297 826 766 2298 835 766 2299 836 766 2300 827 767 2301 835 767 2302 826 767 2303 827 768 2304 834 768 2305 835 768 2306 828 769 2307 834 769 2308 827 769 2309 829 770 2310 834 770 2311 828 770 2312 829 771 2313 833 771 2314 834 771 2315 829 772 2316 832 772 2317 833 772 2318 830 773 2319 832 773 2320 829 773 2321 830 774 2322 831 774 2323 832 774 2324 814 775 2325 824 775 2326 813 775 2327 814 776 2328 823 776 2329 824 776 2330 815 777 2331 823 777 2332 814 777 2333 815 778 2334 822 778 2335 823 778 2336 816 779 2337 822 779 2338 815 779 2339 817 780 2340 822 780 2341 816 780 2342 817 781 2343 821 781 2344 822 781 2345 818 782 2346 821 782 2347 817 782 2348 818 783 2349 820 783 2350 821 783 2351 819 784 2352 820 784 2353 818 784 2354 839 785 2355 837 785 2356 838 785 2357 839 786 2358 849 786 2359 837 786 2360 843 787 2361 841 787 2362 842 787 2363 843 788 2364 840 788 2365 841 788 2366 843 789 2367 839 789 2368 840 789 2369 843 790 2370 859 790 2371 839 790 2372 859 791 2373 860 791 2374 839 791 2375 860 792 2376 849 792 2377 839 792 2378 844 793 2379 857 793 2380 843 793 2381 857 794 2382 858 794 2383 843 794 2384 858 795 2385 859 795 2386 843 795 2387 844 796 2388 856 796 2389 857 796 2390 850 797 2391 849 797 2392 860 797 2393 844 798 2394 855 798 2395 856 798 2396 845 799 2397 855 799 2398 844 799 2399 845 800 2400 854 800 2401 855 800 2402 846 801 2403 854 801 2404 845 801 2405 846 802 2406 853 802 2407 854 802 2408 846 803 2409 852 803 2410 853 803 2411 847 804 2412 852 804 2413 846 804 2414 847 805 2415 851 805 2416 852 805 2417 847 806 2418 850 806 2419 851 806 2420 847 807 2421 849 807 2422 850 807 2423 848 808 2424 849 808 2425 847 808 2426 875 809 2427 873 809 2428 874 809 2429 875 810 2430 872 810 2431 873 810 2432 862 811 2433 879 811 2434 861 811 2435 862 812 2436 878 812 2437 879 812 2438 876 813 2439 872 813 2440 875 813 2441 876 814 2442 871 814 2443 872 814 2444 877 815 2445 871 815 2446 876 815 2447 877 816 2448 867 816 2449 871 816 2450 867 817 2451 868 817 2452 871 817 2453 868 818 2454 869 818 2455 871 818 2456 869 819 2457 870 819 2458 871 819 2459 877 820 2460 866 820 2461 867 820 2462 877 821 2463 865 821 2464 866 821 2465 862 822 2466 877 822 2467 878 822 2468 862 823 2469 865 823 2470 877 823 2471 862 824 2472 864 824 2473 865 824 2474 862 825 2475 863 825 2476 864 825 2477 881 826 2478 891 826 2479 880 826 2480 881 827 2481 890 827 2482 891 827 2483 882 828 2484 892 828 2485 881 828 2486 892 829 2487 890 829 2488 881 829 2489 882 830 2490 903 830 2491 892 830 2492 893 831 2493 890 831 2494 892 831 2495 882 832 2496 902 832 2497 903 832 2498 894 833 2499 890 833 2500 893 833 2501 894 834 2502 889 834 2503 890 834 2504 883 835 2505 902 835 2506 882 835 2507 883 836 2508 901 836 2509 902 836 2510 895 837 2511 889 837 2512 894 837 2513 884 838 2514 901 838 2515 883 838 2516 884 839 2517 900 839 2518 901 839 2519 895 840 2520 888 840 2521 889 840 2522 896 841 2523 888 841 2524 895 841 2525 884 842 2526 899 842 2527 900 842 2528 897 843 2529 888 843 2530 896 843 2531 885 844 2532 899 844 2533 884 844 2534 897 845 2535 887 845 2536 888 845 2537 885 846 2538 898 846 2539 899 846 2540 898 847 2541 887 847 2542 897 847 2543 885 848 2544 887 848 2545 898 848 2546 886 849 2547 887 849 2548 885 849 2549 906 850 2550 904 850 2551 905 850 2552 906 851 2553 918 851 2554 904 851 2555 916 852 2556 914 852 2557 915 852 2558 917 853 2559 914 853 2560 916 853 2561 918 854 2562 914 854 2563 917 854 2564 918 855 2565 913 855 2566 914 855 2567 906 856 2568 919 856 2569 918 856 2570 919 857 2571 920 857 2572 918 857 2573 920 858 2574 921 858 2575 918 858 2576 921 859 2577 922 859 2578 918 859 2579 922 860 2580 913 860 2581 918 860 2582 923 861 2583 913 861 2584 922 861 2585 924 862 2586 913 862 2587 923 862 2588 924 863 2589 912 863 2590 913 863 2591 906 864 2592 931 864 2593 919 864 2594 925 865 2595 912 865 2596 924 865 2597 925 866 2598 911 866 2599 912 866 2600 926 867 2601 911 867 2602 925 867 2603 927 868 2604 911 868 2605 926 868 2606 927 869 2607 910 869 2608 911 869 2609 928 870 2610 910 870 2611 927 870 2612 906 871 2613 930 871 2614 931 871 2615 906 872 2616 929 872 2617 930 872 2618 906 873 2619 928 873 2620 929 873 2621 906 874 2622 910 874 2623 928 874 2624 907 875 2625 910 875 2626 906 875 2627 907 876 2628 909 876 2629 910 876 2630 908 877 2631 909 877 2632 907 877 2633 943 878 2634 941 878 2635 942 878 2636 943 879 2637 940 879 2638 941 879 2639 944 880 2640 955 880 2641 943 880 2642 955 881 2643 940 881 2644 943 881 2645 944 882 2646 954 882 2647 955 882 2648 956 883 2649 940 883 2650 955 883 2651 944 884 2652 953 884 2653 954 884 2654 957 885 2655 940 885 2656 956 885 2657 945 886 2658 953 886 2659 944 886 2660 957 887 2661 939 887 2662 940 887 2663 945 888 2664 952 888 2665 953 888 2666 958 889 2667 939 889 2668 957 889 2669 945 890 2670 958 890 2671 952 890 2672 945 891 2673 939 891 2674 958 891 2675 946 892 2676 938 892 2677 945 892 2678 938 893 2679 939 893 2680 945 893 2681 946 894 2682 937 894 2683 938 894 2684 946 895 2685 936 895 2686 937 895 2687 933 896 2688 951 896 2689 932 896 2690 947 897 2691 936 897 2692 946 897 2693 934 898 2694 951 898 2695 933 898 2696 947 899 2697 935 899 2698 936 899 2699 935 900 2700 951 900 2701 934 900 2702 947 901 2703 951 901 2704 935 901 2705 947 902 2706 950 902 2707 951 902 2708 948 903 2709 950 903 2710 947 903 2711 948 904 2712 949 904 2713 950 904 2714 961 905 2715 959 905 2716 960 905 2717 961 906 2718 971 906 2719 959 906 2720 965 907 2721 963 907 2722 964 907 2723 965 908 2724 962 908 2725 963 908 2726 965 909 2727 961 909 2728 962 909 2729 965 910 2730 981 910 2731 961 910 2732 981 911 2733 982 911 2734 961 911 2735 982 912 2736 971 912 2737 961 912 2738 966 913 2739 979 913 2740 965 913 2741 979 914 2742 980 914 2743 965 914 2744 980 915 2745 981 915 2746 965 915 2747 966 916 2748 978 916 2749 979 916 2750 972 917 2751 971 917 2752 982 917 2753 966 918 2754 977 918 2755 978 918 2756 967 919 2757 977 919 2758 966 919 2759 967 920 2760 976 920 2761 977 920 2762 968 921 2763 976 921 2764 967 921 2765 968 922 2766 975 922 2767 976 922 2768 968 923 2769 974 923 2770 975 923 2771 969 924 2772 974 924 2773 968 924 2774 969 925 2775 973 925 2776 974 925 2777 969 926 2778 972 926 2779 973 926 2780 969 927 2781 971 927 2782 972 927 2783 970 928 2784 971 928 2785 969 928 2786 987 929 2787 985 929 2788 986 929 2789 987 930 2790 984 930 2791 985 930 2792 988 931 2793 984 931 2794 987 931 2795 988 932 2796 983 932 2797 984 932 2798 988 933 2799 1015 933 2800 983 933 2801 1015 934 2802 1016 934 2803 983 934 2804 1016 935 2805 1017 935 2806 983 935 2807 989 936 2808 1013 936 2809 988 936 2810 1013 937 2811 1014 937 2812 988 937 2813 1014 938 2814 1015 938 2815 988 938 2816 989 939 2817 1012 939 2818 1013 939 2819 989 940 2820 1011 940 2821 1012 940 2822 989 941 2823 1010 941 2824 1011 941 2825 990 942 2826 1010 942 2827 989 942 2828 990 943 2829 1009 943 2830 1010 943 2831 990 944 2832 1008 944 2833 1009 944 2834 990 945 2835 1007 945 2836 1008 945 2837 991 946 2838 1007 946 2839 990 946 2840 991 947 2841 1006 947 2842 1007 947 2843 992 948 2844 1006 948 2845 991 948 2846 992 949 2847 1005 949 2848 1006 949 2849 999 950 2850 997 950 2851 998 950 2852 992 951 2853 1004 951 2854 1005 951 2855 993 952 2856 1004 952 2857 992 952 2858 999 953 2859 996 953 2860 997 953 2861 994 954 2862 1004 954 2863 993 954 2864 995 955 2865 1004 955 2866 994 955 2867 999 956 2868 995 956 2869 996 956 2870 999 957 2871 1004 957 2872 995 957 2873 999 958 2874 1003 958 2875 1004 958 2876 1000 959 2877 1003 959 2878 999 959 2879 1001 960 2880 1003 960 2881 1000 960 2882 1001 961 2883 1002 961 2884 1003 961 2885 1019 962 2886 1039 962 2887 1018 962 2888 1019 963 2889 1038 963 2890 1039 963 2891 1019 964 2892 1037 964 2893 1038 964 2894 1020 965 2895 1037 965 2896 1019 965 2897 1021 966 2898 1037 966 2899 1020 966 2900 1022 967 2901 1036 967 2902 1021 967 2903 1036 968 2904 1037 968 2905 1021 968 2906 1022 969 2907 1035 969 2908 1036 969 2909 1022 970 2910 1034 970 2911 1035 970 2912 1023 971 2913 1034 971 2914 1022 971 2915 1030 972 2916 1028 972 2917 1029 972 2918 1023 973 2919 1033 973 2920 1034 973 2921 1031 974 2922 1028 974 2923 1030 974 2924 1023 975 2925 1032 975 2926 1033 975 2927 1032 976 2928 1028 976 2929 1031 976 2930 1023 977 2931 1028 977 2932 1032 977 2933 1024 978 2934 1028 978 2935 1023 978 2936 1024 979 2937 1027 979 2938 1028 979 2939 1025 980 2940 1027 980 2941 1024 980 2942 1025 981 2943 1026 981 2944 1027 981 2945 1057 982 2946 1055 982 2947 1056 982 2948 1058 983 2949 1055 983 2950 1057 983 2951 1042 984 2952 1040 984 2953 1041 984 2954 1042 985 2955 1060 985 2956 1040 985 2957 1058 986 2958 1054 986 2959 1055 986 2960 1059 987 2961 1047 987 2962 1058 987 2963 1047 988 2964 1054 988 2965 1058 988 2966 1042 989 2967 1059 989 2968 1060 989 2969 1042 990 2970 1044 990 2971 1059 990 2972 1044 991 2973 1045 991 2974 1059 991 2975 1045 992 2976 1046 992 2977 1059 992 2978 1046 993 2979 1047 993 2980 1059 993 2981 1048 994 2982 1054 994 2983 1047 994 2984 1048 995 2985 1053 995 2986 1054 995 2987 1049 996 2988 1053 996 2989 1048 996 2990 1050 997 2991 1053 997 2992 1049 997 2993 1042 998 2994 1043 998 2995 1044 998 2996 1051 999 2997 1053 999 2998 1050 999 2999 1051 1000 3000 1052 1000 3001 1053 1000 3002 1075 1001 3003 1073 1001 3004 1074 1001 3005 1075 1002 3006 1076 1002 3007 1073 1002 3008 1065 1003 3009 1063 1003 3010 1064 1003 3011 1065 1004 3012 1062 1004 3013 1063 1004 3014 1066 1005 3015 1062 1005 3016 1065 1005 3017 1067 1006 3018 1062 1006 3019 1066 1006 3020 1067 1007 3021 1061 1007 3022 1062 1007 3023 1068 1008 3024 1061 1008 3025 1067 1008 3026 1068 1009 3027 1072 1009 3028 1061 1009 3029 1069 1010 3030 1072 1010 3031 1068 1010 3032 1069 1011 3033 1071 1011 3034 1072 1011 3035 1070 1012 3036 1071 1012 3037 1069 1012 3038 1078 1013 3039 1088 1013 3040 1077 1013 3041 1078 1014 3042 1087 1014 3043 1088 1014 3044 1079 1015 3045 1089 1015 3046 1078 1015 3047 1089 1016 3048 1087 1016 3049 1078 1016 3050 1079 1017 3051 1100 1017 3052 1089 1017 3053 1090 1018 3054 1087 1018 3055 1089 1018 3056 1079 1019 3057 1099 1019 3058 1100 1019 3059 1091 1020 3060 1087 1020 3061 1090 1020 3062 1091 1021 3063 1086 1021 3064 1087 1021 3065 1080 1022 3066 1099 1022 3067 1079 1022 3068 1080 1023 3069 1098 1023 3070 1099 1023 3071 1092 1024 3072 1086 1024 3073 1091 1024 3074 1081 1025 3075 1098 1025 3076 1080 1025 3077 1081 1026 3078 1097 1026 3079 1098 1026 3080 1092 1027 3081 1085 1027 3082 1086 1027 3083 1093 1028 3084 1085 1028 3085 1092 1028 3086 1081 1029 3087 1096 1029 3088 1097 1029 3089 1094 1030 3090 1085 1030 3091 1093 1030 3092 1082 1031 3093 1096 1031 3094 1081 1031 3095 1094 1032 3096 1084 1032 3097 1085 1032 3098 1082 1033 3099 1095 1033 3100 1096 1033 3101 1095 1034 3102 1084 1034 3103 1094 1034 3104 1082 1035 3105 1084 1035 3106 1095 1035 3107 1083 1036 3108 1084 1036 3109 1082 1036 3110 1112 1037 3111 1114 1037 3112 1111 1037 3113 1114 1038 3114 1110 1038 3115 1111 1038 3116 1114 1039 3117 1109 1039 3118 1110 1039 3119 1114 1040 3120 1115 1040 3121 1109 1040 3122 1115 1041 3123 1108 1041 3124 1109 1041 3125 1112 1042 3126 1124 1042 3127 1114 1042 3128 1116 1043 3129 1108 1043 3130 1115 1043 3131 1117 1044 3132 1108 1044 3133 1116 1044 3134 1117 1045 3135 1107 1045 3136 1108 1045 3137 1118 1046 3138 1107 1046 3139 1117 1046 3140 1119 1047 3141 1107 1047 3142 1118 1047 3143 1119 1048 3144 1106 1048 3145 1107 1048 3146 1120 1049 3147 1106 1049 3148 1119 1049 3149 1120 1050 3150 1105 1050 3151 1106 1050 3152 1112 1051 3153 1101 1051 3154 1124 1051 3155 1101 1052 3156 1123 1052 3157 1124 1052 3158 1121 1053 3159 1105 1053 3160 1120 1053 3161 1101 1054 3162 1122 1054 3163 1123 1054 3164 1101 1055 3165 1121 1055 3166 1122 1055 3167 1101 1056 3168 1105 1056 3169 1121 1056 3170 1101 1057 3171 1104 1057 3172 1105 1057 3173 1112 1058 3174 1113 1058 3175 1101 1058 3176 1102 1059 3177 1104 1059 3178 1101 1059 3179 1103 1060 3180 1104 1060 3181 1102 1060 3182 1136 1061 3183 1134 1061 3184 1135 1061 3185 1136 1062 3186 1133 1062 3187 1134 1062 3188 1137 1063 3189 1148 1063 3190 1136 1063 3191 1148 1064 3192 1133 1064 3193 1136 1064 3194 1137 1065 3195 1147 1065 3196 1148 1065 3197 1149 1066 3198 1133 1066 3199 1148 1066 3200 1137 1067 3201 1146 1067 3202 1147 1067 3203 1150 1068 3204 1133 1068 3205 1149 1068 3206 1138 1069 3207 1146 1069 3208 1137 1069 3209 1150 1070 3210 1132 1070 3211 1133 1070 3212 1138 1071 3213 1145 1071 3214 1146 1071 3215 1151 1072 3216 1132 1072 3217 1150 1072 3218 1138 1073 3219 1151 1073 3220 1145 1073 3221 1138 1074 3222 1132 1074 3223 1151 1074 3224 1139 1075 3225 1131 1075 3226 1138 1075 3227 1131 1076 3228 1132 1076 3229 1138 1076 3230 1139 1077 3231 1130 1077 3232 1131 1077 3233 1139 1078 3234 1129 1078 3235 1130 1078 3236 1126 1079 3237 1144 1079 3238 1125 1079 3239 1140 1080 3240 1129 1080 3241 1139 1080 3242 1127 1081 3243 1144 1081 3244 1126 1081 3245 1140 1082 3246 1128 1082 3247 1129 1082 3248 1128 1083 3249 1144 1083 3250 1127 1083 3251 1140 1084 3252 1144 1084 3253 1128 1084 3254 1140 1085 3255 1143 1085 3256 1144 1085 3257 1141 1086 3258 1143 1086 3259 1140 1086 3260 1141 1087 3261 1142 1087 3262 1143 1087 3263 1166 1088 3264 1164 1088 3265 1165 1088 3266 1166 1089 3267 1163 1089 3268 1164 1089 3269 1153 1090 3270 1170 1090 3271 1152 1090 3272 1153 1091 3273 1169 1091 3274 1170 1091 3275 1167 1092 3276 1163 1092 3277 1166 1092 3278 1167 1093 3279 1162 1093 3280 1163 1093 3281 1168 1094 3282 1162 1094 3283 1167 1094 3284 1168 1095 3285 1158 1095 3286 1162 1095 3287 1158 1096 3288 1159 1096 3289 1162 1096 3290 1159 1097 3291 1160 1097 3292 1162 1097 3293 1160 1098 3294 1161 1098 3295 1162 1098 3296 1168 1099 3297 1157 1099 3298 1158 1099 3299 1168 1100 3300 1156 1100 3301 1157 1100 3302 1153 1101 3303 1168 1101 3304 1169 1101 3305 1153 1102 3306 1156 1102 3307 1168 1102 3308 1153 1103 3309 1155 1103 3310 1156 1103 3311 1153 1104 3312 1154 1104 3313 1155 1104 3314 1172 1105 3315 1192 1105 3316 1171 1105 3317 1172 1106 3318 1191 1106 3319 1192 1106 3320 1172 1107 3321 1190 1107 3322 1191 1107 3323 1173 1108 3324 1190 1108 3325 1172 1108 3326 1174 1109 3327 1190 1109 3328 1173 1109 3329 1175 1110 3330 1189 1110 3331 1174 1110 3332 1189 1111 3333 1190 1111 3334 1174 1111 3335 1175 1112 3336 1188 1112 3337 1189 1112 3338 1175 1113 3339 1187 1113 3340 1188 1113 3341 1176 1114 3342 1187 1114 3343 1175 1114 3344 1183 1115 3345 1181 1115 3346 1182 1115 3347 1176 1116 3348 1186 1116 3349 1187 1116 3350 1184 1117 3351 1181 1117 3352 1183 1117 3353 1176 1118 3354 1185 1118 3355 1186 1118 3356 1185 1119 3357 1181 1119 3358 1184 1119 3359 1176 1120 3360 1181 1120 3361 1185 1120 3362 1177 1121 3363 1181 1121 3364 1176 1121 3365 1177 1122 3366 1180 1122 3367 1181 1122 3368 1178 1123 3369 1180 1123 3370 1177 1123 3371 1178 1124 3372 1179 1124 3373 1180 1124 3374 1210 1125 3375 1208 1125 3376 1209 1125 3377 1211 1126 3378 1208 1126 3379 1210 1126 3380 1195 1127 3381 1193 1127 3382 1194 1127 3383 1195 1128 3384 1213 1128 3385 1193 1128 3386 1211 1129 3387 1207 1129 3388 1208 1129 3389 1212 1130 3390 1200 1130 3391 1211 1130 3392 1200 1131 3393 1207 1131 3394 1211 1131 3395 1195 1132 3396 1212 1132 3397 1213 1132 3398 1195 1133 3399 1197 1133 3400 1212 1133 3401 1197 1134 3402 1198 1134 3403 1212 1134 3404 1198 1135 3405 1199 1135 3406 1212 1135 3407 1199 1136 3408 1200 1136 3409 1212 1136 3410 1201 1137 3411 1207 1137 3412 1200 1137 3413 1201 1138 3414 1206 1138 3415 1207 1138 3416 1202 1139 3417 1206 1139 3418 1201 1139 3419 1203 1140 3420 1206 1140 3421 1202 1140 3422 1195 1141 3423 1196 1141 3424 1197 1141 3425 1204 1142 3426 1206 1142 3427 1203 1142 3428 1204 1143 3429 1205 1143 3430 1206 1143 3431 1225 1144 3432 1223 1144 3433 1224 1144 3434 1225 1145 3435 1222 1145 3436 1223 1145 3437 1226 1146 3438 1237 1146 3439 1225 1146 3440 1237 1147 3441 1222 1147 3442 1225 1147 3443 1226 1148 3444 1236 1148 3445 1237 1148 3446 1238 1149 3447 1222 1149 3448 1237 1149 3449 1226 1150 3450 1235 1150 3451 1236 1150 3452 1239 1151 3453 1222 1151 3454 1238 1151 3455 1227 1152 3456 1235 1152 3457 1226 1152 3458 1239 1153 3459 1221 1153 3460 1222 1153 3461 1227 1154 3462 1234 1154 3463 1235 1154 3464 1240 1155 3465 1221 1155 3466 1239 1155 3467 1227 1156 3468 1240 1156 3469 1234 1156 3470 1227 1157 3471 1221 1157 3472 1240 1157 3473 1228 1158 3474 1220 1158 3475 1227 1158 3476 1220 1159 3477 1221 1159 3478 1227 1159 3479 1228 1160 3480 1219 1160 3481 1220 1160 3482 1228 1161 3483 1218 1161 3484 1219 1161 3485 1215 1162 3486 1233 1162 3487 1214 1162 3488 1229 1163 3489 1218 1163 3490 1228 1163 3491 1216 1164 3492 1233 1164 3493 1215 1164 3494 1229 1165 3495 1217 1165 3496 1218 1165 3497 1217 1166 3498 1233 1166 3499 1216 1166 3500 1229 1167 3501 1233 1167 3502 1217 1167 3503 1229 1168 3504 1232 1168 3505 1233 1168 3506 1230 1169 3507 1232 1169 3508 1229 1169 3509 1230 1170 3510 1231 1170 3511 1232 1170 3512 1245 1171 3513 1243 1171 3514 1244 1171 3515 1245 1172 3516 1242 1172 3517 1243 1172 3518 1246 1173 3519 1242 1173 3520 1245 1173 3521 1246 1174 3522 1241 1174 3523 1242 1174 3524 1246 1175 3525 1273 1175 3526 1241 1175 3527 1273 1176 3528 1274 1176 3529 1241 1176 3530 1274 1177 3531 1275 1177 3532 1241 1177 3533 1247 1178 3534 1271 1178 3535 1246 1178 3536 1271 1179 3537 1272 1179 3538 1246 1179 3539 1272 1180 3540 1273 1180 3541 1246 1180 3542 1247 1181 3543 1270 1181 3544 1271 1181 3545 1247 1182 3546 1269 1182 3547 1270 1182 3548 1247 1183 3549 1268 1183 3550 1269 1183 3551 1248 1184 3552 1268 1184 3553 1247 1184 3554 1248 1185 3555 1267 1185 3556 1268 1185 3557 1248 1186 3558 1266 1186 3559 1267 1186 3560 1248 1187 3561 1265 1187 3562 1266 1187 3563 1249 1188 3564 1265 1188 3565 1248 1188 3566 1249 1189 3567 1264 1189 3568 1265 1189 3569 1250 1190 3570 1264 1190 3571 1249 1190 3572 1250 1191 3573 1263 1191 3574 1264 1191 3575 1257 1192 3576 1255 1192 3577 1256 1192 3578 1250 1193 3579 1262 1193 3580 1263 1193 3581 1251 1194 3582 1262 1194 3583 1250 1194 3584 1257 1195 3585 1254 1195 3586 1255 1195 3587 1252 1196 3588 1262 1196 3589 1251 1196 3590 1253 1197 3591 1262 1197 3592 1252 1197 3593 1257 1198 3594 1253 1198 3595 1254 1198 3596 1257 1199 3597 1262 1199 3598 1253 1199 3599 1257 1200 3600 1261 1200 3601 1262 1200 3602 1258 1201 3603 1261 1201 3604 1257 1201 3605 1259 1202 3606 1261 1202 3607 1258 1202 3608 1259 1203 3609 1260 1203 3610 1261 1203 3611 1287 1204 3612 1285 1204 3613 1286 1204 3614 1287 1205 3615 1284 1205 3616 1285 1205 3617 1288 1206 3618 1299 1206 3619 1287 1206 3620 1299 1207 3621 1284 1207 3622 1287 1207 3623 1288 1208 3624 1298 1208 3625 1299 1208 3626 1300 1209 3627 1284 1209 3628 1299 1209 3629 1288 1210 3630 1297 1210 3631 1298 1210 3632 1301 1211 3633 1284 1211 3634 1300 1211 3635 1289 1212 3636 1297 1212 3637 1288 1212 3638 1301 1213 3639 1283 1213 3640 1284 1213 3641 1289 1214 3642 1296 1214 3643 1297 1214 3644 1302 1215 3645 1283 1215 3646 1301 1215 3647 1289 1216 3648 1302 1216 3649 1296 1216 3650 1289 1217 3651 1283 1217 3652 1302 1217 3653 1290 1218 3654 1282 1218 3655 1289 1218 3656 1282 1219 3657 1283 1219 3658 1289 1219 3659 1290 1220 3660 1281 1220 3661 1282 1220 3662 1290 1221 3663 1280 1221 3664 1281 1221 3665 1277 1222 3666 1295 1222 3667 1276 1222 3668 1291 1223 3669 1280 1223 3670 1290 1223 3671 1278 1224 3672 1295 1224 3673 1277 1224 3674 1291 1225 3675 1279 1225 3676 1280 1225 3677 1279 1226 3678 1295 1226 3679 1278 1226 3680 1291 1227 3681 1295 1227 3682 1279 1227 3683 1291 1228 3684 1294 1228 3685 1295 1228 3686 1292 1229 3687 1294 1229 3688 1291 1229 3689 1292 1230 3690 1293 1230 3691 1294 1230 3692 1314 1231 3693 1312 1231 3694 1313 1231 3695 1314 1232 3696 1311 1232 3697 1312 1232 3698 1315 1233 3699 1326 1233 3700 1314 1233 3701 1326 1234 3702 1311 1234 3703 1314 1234 3704 1315 1235 3705 1325 1235 3706 1326 1235 3707 1327 1236 3708 1311 1236 3709 1326 1236 3710 1315 1237 3711 1324 1237 3712 1325 1237 3713 1328 1238 3714 1311 1238 3715 1327 1238 3716 1316 1239 3717 1324 1239 3718 1315 1239 3719 1328 1240 3720 1310 1240 3721 1311 1240 3722 1316 1241 3723 1323 1241 3724 1324 1241 3725 1329 1242 3726 1310 1242 3727 1328 1242 3728 1316 1243 3729 1329 1243 3730 1323 1243 3731 1316 1244 3732 1310 1244 3733 1329 1244 3734 1317 1245 3735 1309 1245 3736 1316 1245 3737 1309 1246 3738 1310 1246 3739 1316 1246 3740 1317 1247 3741 1308 1247 3742 1309 1247 3743 1317 1248 3744 1307 1248 3745 1308 1248 3746 1304 1249 3747 1322 1249 3748 1303 1249 3749 1318 1250 3750 1307 1250 3751 1317 1250 3752 1305 1251 3753 1322 1251 3754 1304 1251 3755 1318 1252 3756 1306 1252 3757 1307 1252 3758 1306 1253 3759 1322 1253 3760 1305 1253 3761 1318 1254 3762 1322 1254 3763 1306 1254 3764 1318 1255 3765 1321 1255 3766 1322 1255 3767 1319 1256 3768 1321 1256 3769 1318 1256 3770 1319 1257 3771 1320 1257 3772 1321 1257 3773 1332 1258 3774 1330 1258 3775 1331 1258 3776 1332 1259 3777 1333 1259 3778 1330 1259 3779 1335 1260 3780 1345 1260 3781 1334 1260 3782 1335 1261 3783 1344 1261 3784 1345 1261 3785 1336 1262 3786 1346 1262 3787 1335 1262 3788 1346 1263 3789 1344 1263 3790 1335 1263 3791 1336 1264 3792 1357 1264 3793 1346 1264 3794 1347 1265 3795 1344 1265 3796 1346 1265 3797 1336 1266 3798 1356 1266 3799 1357 1266 3800 1348 1267 3801 1344 1267 3802 1347 1267 3803 1348 1268 3804 1343 1268 3805 1344 1268 3806 1337 1269 3807 1356 1269 3808 1336 1269 3809 1337 1270 3810 1355 1270 3811 1356 1270 3812 1349 1271 3813 1343 1271 3814 1348 1271 3815 1338 1272 3816 1355 1272 3817 1337 1272 3818 1338 1273 3819 1354 1273 3820 1355 1273 3821 1349 1274 3822 1342 1274 3823 1343 1274 3824 1350 1275 3825 1342 1275 3826 1349 1275 3827 1338 1276 3828 1353 1276 3829 1354 1276 3830 1351 1277 3831 1342 1277 3832 1350 1277 3833 1339 1278 3834 1353 1278 3835 1338 1278 3836 1351 1279 3837 1341 1279 3838 1342 1279 3839 1339 1280 3840 1352 1280 3841 1353 1280 3842 1352 1281 3843 1341 1281 3844 1351 1281 3845 1339 1282 3846 1341 1282 3847 1352 1282 3848 1340 1283 3849 1341 1283 3850 1339 1283 3851 1369 1284 3852 1371 1284 3853 1368 1284 3854 1371 1285 3855 1367 1285 3856 1368 1285 3857 1371 1286 3858 1366 1286 3859 1367 1286 3860 1371 1287 3861 1372 1287 3862 1366 1287 3863 1372 1288 3864 1365 1288 3865 1366 1288 3866 1369 1289 3867 1381 1289 3868 1371 1289 3869 1373 1290 3870 1365 1290 3871 1372 1290 3872 1374 1291 3873 1365 1291 3874 1373 1291 3875 1374 1292 3876 1364 1292 3877 1365 1292 3878 1375 1293 3879 1364 1293 3880 1374 1293 3881 1376 1294 3882 1364 1294 3883 1375 1294 3884 1376 1295 3885 1363 1295 3886 1364 1295 3887 1377 1296 3888 1363 1296 3889 1376 1296 3890 1377 1297 3891 1362 1297 3892 1363 1297 3893 1369 1298 3894 1358 1298 3895 1381 1298 3896 1358 1299 3897 1380 1299 3898 1381 1299 3899 1378 1300 3900 1362 1300 3901 1377 1300 3902 1358 1301 3903 1379 1301 3904 1380 1301 3905 1358 1302 3906 1378 1302 3907 1379 1302 3908 1358 1303 3909 1362 1303 3910 1378 1303 3911 1358 1304 3912 1361 1304 3913 1362 1304 3914 1369 1305 3915 1370 1305 3916 1358 1305 3917 1359 1306 3918 1361 1306 3919 1358 1306 3920 1360 1307 3921 1361 1307 3922 1359 1307 3923 1396 1308 3924 1394 1308 3925 1395 1308 3926 1396 1309 3927 1393 1309 3928 1394 1309 3929 1383 1310 3930 1400 1310 3931 1382 1310 3932 1383 1311 3933 1399 1311 3934 1400 1311 3935 1397 1312 3936 1393 1312 3937 1396 1312 3938 1397 1313 3939 1392 1313 3940 1393 1313 3941 1398 1314 3942 1392 1314 3943 1397 1314 3944 1398 1315 3945 1388 1315 3946 1392 1315 3947 1388 1316 3948 1389 1316 3949 1392 1316 3950 1389 1317 3951 1390 1317 3952 1392 1317 3953 1390 1318 3954 1391 1318 3955 1392 1318 3956 1398 1319 3957 1387 1319 3958 1388 1319 3959 1398 1320 3960 1386 1320 3961 1387 1320 3962 1383 1321 3963 1398 1321 3964 1399 1321 3965 1383 1322 3966 1386 1322 3967 1398 1322 3968 1383 1323 3969 1385 1323 3970 1386 1323 3971 1383 1324 3972 1384 1324 3973 1385 1324 3974 1412 1325 3975 1410 1325 3976 1411 1325 3977 1412 1326 3978 1409 1326 3979 1410 1326 3980 1413 1327 3981 1424 1327 3982 1412 1327 3983 1424 1328 3984 1409 1328 3985 1412 1328 3986 1413 1329 3987 1423 1329 3988 1424 1329 3989 1425 1330 3990 1409 1330 3991 1424 1330 3992 1413 1331 3993 1422 1331 3994 1423 1331 3995 1426 1332 3996 1409 1332 3997 1425 1332 3998 1414 1333 3999 1422 1333 4000 1413 1333 4001 1426 1334 4002 1408 1334 4003 1409 1334 4004 1414 1335 4005 1421 1335 4006 1422 1335 4007 1427 1336 4008 1408 1336 4009 1426 1336 4010 1414 1337 4011 1427 1337 4012 1421 1337 4013 1414 1338 4014 1408 1338 4015 1427 1338 4016 1415 1339 4017 1407 1339 4018 1414 1339 4019 1407 1340 4020 1408 1340 4021 1414 1340 4022 1415 1341 4023 1406 1341 4024 1407 1341 4025 1415 1342 4026 1405 1342 4027 1406 1342 4028 1402 1343 4029 1420 1343 4030 1401 1343 4031 1416 1344 4032 1405 1344 4033 1415 1344 4034 1403 1345 4035 1420 1345 4036 1402 1345 4037 1416 1346 4038 1404 1346 4039 1405 1346 4040 1404 1347 4041 1420 1347 4042 1403 1347 4043 1416 1348 4044 1420 1348 4045 1404 1348 4046 1416 1349 4047 1419 1349 4048 1420 1349 4049 1417 1350 4050 1419 1350 4051 1416 1350 4052 1417 1351 4053 1418 1351 4054 1419 1351 4055 1429 1352 4056 1449 1352 4057 1428 1352 4058 1429 1353 4059 1448 1353 4060 1449 1353 4061 1429 1354 4062 1447 1354 4063 1448 1354 4064 1430 1355 4065 1447 1355 4066 1429 1355 4067 1431 1356 4068 1447 1356 4069 1430 1356 4070 1432 1357 4071 1446 1357 4072 1431 1357 4073 1446 1358 4074 1447 1358 4075 1431 1358 4076 1432 1359 4077 1445 1359 4078 1446 1359 4079 1432 1360 4080 1444 1360 4081 1445 1360 4082 1433 1361 4083 1444 1361 4084 1432 1361 4085 1440 1362 4086 1438 1362 4087 1439 1362 4088 1433 1363 4089 1443 1363 4090 1444 1363 4091 1441 1364 4092 1438 1364 4093 1440 1364 4094 1433 1365 4095 1442 1365 4096 1443 1365 4097 1442 1366 4098 1438 1366 4099 1441 1366 4100 1433 1367 4101 1438 1367 4102 1442 1367 4103 1434 1368 4104 1438 1368 4105 1433 1368 4106 1434 1369 4107 1437 1369 4108 1438 1369 4109 1435 1370 4110 1437 1370 4111 1434 1370 4112 1435 1371 4113 1436 1371 4114 1437 1371 4115 1467 1372 4116 1465 1372 4117 1466 1372 4118 1468 1373 4119 1465 1373 4120 1467 1373 4121 1452 1374 4122 1450 1374 4123 1451 1374 4124 1452 1375 4125 1470 1375 4126 1450 1375 4127 1468 1376 4128 1464 1376 4129 1465 1376 4130 1469 1377 4131 1457 1377 4132 1468 1377 4133 1457 1378 4134 1464 1378 4135 1468 1378 4136 1452 1379 4137 1469 1379 4138 1470 1379 4139 1452 1380 4140 1454 1380 4141 1469 1380 4142 1454 1381 4143 1455 1381 4144 1469 1381 4145 1455 1382 4146 1456 1382 4147 1469 1382 4148 1456 1383 4149 1457 1383 4150 1469 1383 4151 1458 1384 4152 1464 1384 4153 1457 1384 4154 1458 1385 4155 1463 1385 4156 1464 1385 4157 1459 1386 4158 1463 1386 4159 1458 1386 4160 1460 1387 4161 1463 1387 4162 1459 1387 4163 1452 1388 4164 1453 1388 4165 1454 1388 4166 1461 1389 4167 1463 1389 4168 1460 1389 4169 1461 1390 4170 1462 1390 4171 1463 1390 4172 1485 1391 4173 1483 1391 4174 1484 1391 4175 1485 1392 4176 1486 1392 4177 1483 1392 4178 1475 1393 4179 1473 1393 4180 1474 1393 4181 1475 1394 4182 1472 1394 4183 1473 1394 4184 1476 1395 4185 1472 1395 4186 1475 1395 4187 1477 1396 4188 1472 1396 4189 1476 1396 4190 1477 1397 4191 1471 1397 4192 1472 1397 4193 1478 1398 4194 1471 1398 4195 1477 1398 4196 1478 1399 4197 1482 1399 4198 1471 1399 4199 1479 1400 4200 1482 1400 4201 1478 1400 4202 1479 1401 4203 1481 1401 4204 1482 1401 4205 1480 1402 4206 1481 1402 4207 1479 1402 4208 1491 1403 4209 1489 1403 4210 1490 1403 4211 1491 1404 4212 1488 1404 4213 1489 1404 4214 1492 1405 4215 1488 1405 4216 1491 1405 4217 1492 1406 4218 1487 1406 4219 1488 1406 4220 1492 1407 4221 1519 1407 4222 1487 1407 4223 1519 1408 4224 1520 1408 4225 1487 1408 4226 1520 1409 4227 1521 1409 4228 1487 1409 4229 1493 1410 4230 1517 1410 4231 1492 1410 4232 1517 1411 4233 1518 1411 4234 1492 1411 4235 1518 1412 4236 1519 1412 4237 1492 1412 4238 1493 1413 4239 1516 1413 4240 1517 1413 4241 1493 1414 4242 1515 1414 4243 1516 1414 4244 1493 1415 4245 1514 1415 4246 1515 1415 4247 1494 1416 4248 1514 1416 4249 1493 1416 4250 1494 1417 4251 1513 1417 4252 1514 1417 4253 1494 1418 4254 1512 1418 4255 1513 1418 4256 1494 1419 4257 1511 1419 4258 1512 1419 4259 1495 1420 4260 1511 1420 4261 1494 1420 4262 1495 1421 4263 1510 1421 4264 1511 1421 4265 1496 1422 4266 1510 1422 4267 1495 1422 4268 1496 1423 4269 1509 1423 4270 1510 1423 4271 1503 1424 4272 1501 1424 4273 1502 1424 4274 1496 1425 4275 1508 1425 4276 1509 1425 4277 1497 1426 4278 1508 1426 4279 1496 1426 4280 1503 1427 4281 1500 1427 4282 1501 1427 4283 1498 1428 4284 1508 1428 4285 1497 1428 4286 1499 1429 4287 1508 1429 4288 1498 1429 4289 1503 1430 4290 1499 1430 4291 1500 1430 4292 1503 1431 4293 1508 1431 4294 1499 1431 4295 1503 1432 4296 1507 1432 4297 1508 1432 4298 1504 1433 4299 1507 1433 4300 1503 1433 4301 1505 1434 4302 1507 1434 4303 1504 1434 4304 1505 1435 4305 1506 1435 4306 1507 1435 4307 1533 1436 4308 1531 1436 4309 1532 1436 4310 1533 1437 4311 1530 1437 4312 1531 1437 4313 1534 1438 4314 1545 1438 4315 1533 1438 4316 1545 1439 4317 1530 1439 4318 1533 1439 4319 1534 1440 4320 1544 1440 4321 1545 1440 4322 1546 1441 4323 1530 1441 4324 1545 1441 4325 1534 1442 4326 1543 1442 4327 1544 1442 4328 1547 1443 4329 1530 1443 4330 1546 1443 4331 1535 1444 4332 1543 1444 4333 1534 1444 4334 1547 1445 4335 1529 1445 4336 1530 1445 4337 1535 1446 4338 1542 1446 4339 1543 1446 4340 1548 1447 4341 1529 1447 4342 1547 1447 4343 1535 1448 4344 1548 1448 4345 1542 1448 4346 1535 1449 4347 1529 1449 4348 1548 1449 4349 1536 1450 4350 1528 1450 4351 1535 1450 4352 1528 1451 4353 1529 1451 4354 1535 1451 4355 1536 1452 4356 1527 1452 4357 1528 1452 4358 1536 1453 4359 1526 1453 4360 1527 1453 4361 1523 1454 4362 1541 1454 4363 1522 1454 4364 1537 1455 4365 1526 1455 4366 1536 1455 4367 1524 1456 4368 1541 1456 4369 1523 1456 4370 1537 1457 4371 1525 1457 4372 1526 1457 4373 1525 1458 4374 1541 1458 4375 1524 1458 4376 1537 1459 4377 1541 1459 4378 1525 1459 4379 1537 1460 4380 1540 1460 4381 1541 1460 4382 1538 1461 4383 1540 1461 4384 1537 1461 4385 1538 1462 4386 1539 1462 4387 1540 1462 4388 1553 1463 4389 1551 1463 4390 1552 1463 4391 1553 1464 4392 1550 1464 4393 1551 1464 4394 1553 1465 4395 1549 1465 4396 1550 1465 4397 1554 1466 4398 1549 1466 4399 1553 1466 4400 1554 1467 4401 1571 1467 4402 1549 1467 4403 1571 1468 4404 1572 1468 4405 1549 1468 4406 1572 1469 4407 1573 1469 4408 1549 1469 4409 1573 1470 4410 1574 1470 4411 1549 1470 4412 1554 1471 4413 1570 1471 4414 1571 1471 4415 1554 1472 4416 1569 1472 4417 1570 1472 4418 1555 1473 4419 1569 1473 4420 1554 1473 4421 1555 1474 4422 1568 1474 4423 1569 1474 4424 1555 1475 4425 1567 1475 4426 1568 1475 4427 1556 1476 4428 1567 1476 4429 1555 1476 4430 1556 1477 4431 1566 1477 4432 1567 1477 4433 1563 1478 4434 1561 1478 4435 1562 1478 4436 1557 1479 4437 1566 1479 4438 1556 1479 4439 1557 1480 4440 1565 1480 4441 1566 1480 4442 1564 1481 4443 1561 1481 4444 1563 1481 4445 1565 1482 4446 1561 1482 4447 1564 1482 4448 1557 1483 4449 1561 1483 4450 1565 1483 4451 1558 1484 4452 1561 1484 4453 1557 1484 4454 1558 1485 4455 1560 1485 4456 1561 1485 4457 1558 1486 4458 1559 1486 4459 1560 1486 4460 1586 1487 4461 1584 1487 4462 1585 1487 4463 1587 1488 4464 1584 1488 4465 1586 1488 4466 1587 1489 4467 1583 1489 4468 1584 1489 4469 1588 1490 4470 1583 1490 4471 1587 1490 4472 1589 1491 4473 1590 1491 4474 1588 1491 4475 1590 1492 4476 1591 1492 4477 1588 1492 4478 1591 1493 4479 1592 1493 4480 1588 1493 4481 1592 1494 4482 1583 1494 4483 1588 1494 4484 1592 1495 4485 1593 1495 4486 1583 1495 4487 1593 1496 4488 1582 1496 4489 1583 1496 4490 1594 1497 4491 1582 1497 4492 1593 1497 4493 1595 1498 4494 1582 1498 4495 1594 1498 4496 1595 1499 4497 1581 1499 4498 1582 1499 4499 1596 1500 4500 1581 1500 4501 1595 1500 4502 1597 1501 4503 1622 1501 4504 1596 1501 4505 1622 1502 4506 1581 1502 4507 1596 1502 4508 1598 1503 4509 1622 1503 4510 1597 1503 4511 1598 1504 4512 1621 1504 4513 1622 1504 4514 1613 1505 4515 1581 1505 4516 1622 1505 4517 1599 1506 4518 1621 1506 4519 1598 1506 4520 1599 1507 4521 1620 1507 4522 1621 1507 4523 1600 1508 4524 1620 1508 4525 1599 1508 4526 1600 1509 4527 1619 1509 4528 1620 1509 4529 1600 1510 4530 1618 1510 4531 1619 1510 4532 1601 1511 4533 1618 1511 4534 1600 1511 4535 1614 1512 4536 1581 1512 4537 1613 1512 4538 1601 1513 4539 1617 1513 4540 1618 1513 4541 1576 1514 4542 1612 1514 4543 1575 1514 4544 1614 1515 4545 1580 1515 4546 1581 1515 4547 1615 1516 4548 1580 1516 4549 1614 1516 4550 1577 1517 4551 1612 1517 4552 1576 1517 4553 1615 1518 4554 1579 1518 4555 1580 1518 4556 1601 1519 4557 1616 1519 4558 1617 1519 4559 1578 1520 4560 1612 1520 4561 1577 1520 4562 1616 1521 4563 1579 1521 4564 1615 1521 4565 1616 1522 4566 1578 1522 4567 1579 1522 4568 1616 1523 4569 1612 1523 4570 1578 1523 4571 1601 1524 4572 1606 1524 4573 1616 1524 4574 1606 1525 4575 1612 1525 4576 1616 1525 4577 1602 1526 4578 1606 1526 4579 1601 1526 4580 1602 1527 4581 1605 1527 4582 1606 1527 4583 1607 1528 4584 1612 1528 4585 1606 1528 4586 1607 1529 4587 1611 1529 4588 1612 1529 4589 1602 1530 4590 1604 1530 4591 1605 1530 4592 1608 1531 4593 1611 1531 4594 1607 1531 4595 1603 1532 4596 1604 1532 4597 1602 1532 4598 1608 1533 4599 1610 1533 4600 1611 1533 4601 1609 1534 4602 1610 1534 4603 1608 1534 4604 1625 1535 4605 1623 1535 4606 1624 1535 4607 1625 1536 4608 1646 1536 4609 1623 1536 4610 1626 1537 4611 1645 1537 4612 1625 1537 4613 1645 1538 4614 1646 1538 4615 1625 1538 4616 1627 1539 4617 1643 1539 4618 1626 1539 4619 1643 1540 4620 1644 1540 4621 1626 1540 4622 1644 1541 4623 1645 1541 4624 1626 1541 4625 1628 1542 4626 1642 1542 4627 1627 1542 4628 1642 1543 4629 1643 1543 4630 1627 1543 4631 1628 1544 4632 1641 1544 4633 1642 1544 4634 1629 1545 4635 1641 1545 4636 1628 1545 4637 1629 1546 4638 1640 1546 4639 1641 1546 4640 1629 1547 4641 1639 1547 4642 1640 1547 4643 1630 1548 4644 1639 1548 4645 1629 1548 4646 1632 1549 4647 1630 1549 4648 1631 1549 4649 1632 1550 4650 1639 1550 4651 1630 1550 4652 1632 1551 4653 1638 1551 4654 1639 1551 4655 1632 1552 4656 1637 1552 4657 1638 1552 4658 1633 1553 4659 1637 1553 4660 1632 1553 4661 1634 1554 4662 1636 1554 4663 1633 1554 4664 1636 1555 4665 1637 1555 4666 1633 1555 4667 1634 1556 4668 1635 1556 4669 1636 1556 4670 1661 1557 4671 1659 1557 4672 1660 1557 4673 1661 1558 4674 1658 1558 4675 1659 1558 4676 1648 1559 4677 1665 1559 4678 1647 1559 4679 1648 1560 4680 1664 1560 4681 1665 1560 4682 1662 1561 4683 1658 1561 4684 1661 1561 4685 1662 1562 4686 1657 1562 4687 1658 1562 4688 1663 1563 4689 1657 1563 4690 1662 1563 4691 1663 1564 4692 1653 1564 4693 1657 1564 4694 1653 1565 4695 1654 1565 4696 1657 1565 4697 1654 1566 4698 1655 1566 4699 1657 1566 4700 1655 1567 4701 1656 1567 4702 1657 1567 4703 1663 1568 4704 1652 1568 4705 1653 1568 4706 1663 1569 4707 1651 1569 4708 1652 1569 4709 1648 1570 4710 1663 1570 4711 1664 1570 4712 1648 1571 4713 1651 1571 4714 1663 1571 4715 1648 1572 4716 1650 1572 4717 1651 1572 4718 1648 1573 4719 1649 1573 4720 1650 1573 4721 1678 1574 4722 1676 1574 4723 1677 1574 4724 1678 1575 4725 1675 1575 4726 1676 1575 4727 1669 1576 4728 1667 1576 4729 1668 1576 4730 1669 1577 4731 1666 1577 4732 1667 1577 4733 1679 1578 4734 1675 1578 4735 1678 1578 4736 1679 1579 4737 1674 1579 4738 1675 1579 4739 1670 1580 4740 1666 1580 4741 1669 1580 4742 1679 1581 4743 1673 1581 4744 1674 1581 4745 1671 1582 4746 1684 1582 4747 1670 1582 4748 1684 1583 4749 1666 1583 4750 1670 1583 4751 1679 1584 4752 1672 1584 4753 1673 1584 4754 1680 1585 4755 1672 1585 4756 1679 1585 4757 1672 1586 4758 1684 1586 4759 1671 1586 4760 1680 1587 4761 1684 1587 4762 1672 1587 4763 1680 1588 4764 1683 1588 4765 1684 1588 4766 1685 1589 4767 1666 1589 4768 1684 1589 4769 1680 1590 4770 1682 1590 4771 1683 1590 4772 1681 1591 4773 1682 1591 4774 1680 1591 4775 1690 1592 4776 1688 1592 4777 1689 1592 4778 1690 1593 4779 1687 1593 4780 1688 1593 4781 1690 1594 4782 1686 1594 4783 1687 1594 4784 1691 1595 4785 1686 1595 4786 1690 1595 4787 1691 1596 4788 1714 1596 4789 1686 1596 4790 1714 1597 4791 1715 1597 4792 1686 1597 4793 1715 1598 4794 1716 1598 4795 1686 1598 4796 1716 1599 4797 1717 1599 4798 1686 1599 4799 1692 1600 4800 1713 1600 4801 1691 1600 4802 1713 1601 4803 1714 1601 4804 1691 1601 4805 1692 1602 4806 1712 1602 4807 1713 1602 4808 1692 1603 4809 1711 1603 4810 1712 1603 4811 1692 1604 4812 1710 1604 4813 1711 1604 4814 1693 1605 4815 1710 1605 4816 1692 1605 4817 1693 1606 4818 1709 1606 4819 1710 1606 4820 1694 1607 4821 1709 1607 4822 1693 1607 4823 1694 1608 4824 1708 1608 4825 1709 1608 4826 1695 1609 4827 1708 1609 4828 1694 1609 4829 1702 1610 4830 1700 1610 4831 1701 1610 4832 1695 1611 4833 1707 1611 4834 1708 1611 4835 1696 1612 4836 1707 1612 4837 1695 1612 4838 1697 1613 4839 1707 1613 4840 1696 1613 4841 1702 1614 4842 1699 1614 4843 1700 1614 4844 1698 1615 4845 1707 1615 4846 1697 1615 4847 1702 1616 4848 1698 1616 4849 1699 1616 4850 1698 1617 4851 1706 1617 4852 1707 1617 4853 1702 1618 4854 1706 1618 4855 1698 1618 4856 1703 1619 4857 1706 1619 4858 1702 1619 4859 1704 1620 4860 1706 1620 4861 1703 1620 4862 1704 1621 4863 1705 1621 4864 1706 1621 4865</p>
        </triangles>
      </mesh>
    </geometry>
    <geometry id="Les_translations_de_presentation_ne_sont_PAS_une_implantation_-mesh" name="Les translations de presentation ne sont PAS une implantation ">
      <mesh>
        <source id="Les_translations_de_presentation_ne_sont_PAS_une_implantation_-mesh-positions">
          <float_array id="Les_translations_de_presentation_ne_sont_PAS_une_implantation_-mesh-positions-array" count="4434">6.509 0.02552998 0 6.502049 0.02363884 0 6.497092 0.0186811 0 6.495201 0.01172995 0 6.497092 0.004778861 0 6.502049 -1.78889e-4 0 6.509 -0.00206995 0 6.515952 -1.78889e-4 0 6.52091 0.004778861 0 6.522801 0.01172995 0 6.52091 0.0186811 0 6.515952 0.02363884 0 6.474501 0.02989995 0 6.462583 0.02320444 0 6.450614 0.0189622 0 6.438391 0.01747995 0 6.421311 0.02098107 0 6.4097 0.0313822 0 6.40366 0.04852998 0 6.47634 0.04852998 0 6.470795 0.08022737 0 6.455283 0.09909594 0 6.43149 0.10534 0 6.406293 0.09869551 0 6.389375 0.08039778 0 6.383191 0.05289995 0 6.389034 0.02597296 0 6.40602 0.005843698 0 6.433331 -0.00206995 0 6.449013 -7.4963e-4 0 6.462192 0.003279626 0 6.474501 0.01011997 0 6.40412 0.06209999 0 6.409087 0.07597666 0 6.418397 0.08463996 0 6.431951 0.08762997 0 6.444499 0.08448666 0 6.452753 0.07567 0 6.4561 0.06209999 0 6.33558 0.12466 0 6.297171 0.08717 0 6.297171 0.08486998 0 6.31511 0.08486998 0 6.31511 0.03035998 0 6.318859 0.01367217 0 6.330069 0.002197742 0 6.34869 -0.00206995 0 6.356511 -0.001149952 0 6.365404 0.001303315 0 6.373531 0.004829943 0 6.373531 0.02391999 0 6.365464 0.01970332 0 6.357755 0.01717329 0 6.350301 0.01633 0 6.343826 0.01767587 0 6.338068 0.02249741 0 6.33558 0.03196996 0 6.33558 0.08486998 0 6.36824 0.08486998 0 6.36824 0.10327 0 6.33558 0.10327 0 6.28429 0.13455 0 6.282612 0.1406748 0 6.278225 0.1450618 0 6.2721 0.14674 0 6.265975 0.1450618 0 6.261588 0.1406748 0 6.25991 0.13455 0 6.261589 0.1284252 0 6.265976 0.1240381 0 6.2721 0.12236 0 6.278225 0.1240381 0 6.282612 0.1284252 0 6.28222 0.10327 0 6.261751 0.10327 0 6.261751 0 0 6.28222 0 0 6.23277 0.09683001 0 6.222241 0.1015918 0 6.212172 0.1044115 0 6.20241 0.10534 0 6.184385 0.1019496 0 6.172596 0.09232372 0 6.168371 0.07727998 0 6.180893 0.05519998 0 6.204148 0.04063332 0 6.21667 0.02759999 0 6.214575 0.02138996 0 6.209106 0.01747995 0 6.20149 0.01586997 0 6.192009 0.01734369 0 6.180535 0.02183294 0 6.167681 0.02943998 0 6.167681 0.007359981 0 6.1801 0.001848518 0 6.1916 -0.001158475 0 6.20356 -0.00206995 0 6.221075 0.001763284 0 6.23312 0.01234328 0 6.2376 0.02828997 0 6.23536 0.03800106 0 6.227958 0.04709887 0 6.21437 0.05726999 0 6.199795 0.06631666 0 6.191762 0.07291001 0 6.189301 0.07796996 0 6.190979 0.08286815 0 6.195672 0.08618181 0 6.20287 0.08739995 0 6.21144 0.08628404 0 6.221594 0.08276593 0 6.23277 0.07659 0 6.079821 0 0 6.079821 0.10327 0 6.05935 0.10327 0 6.05935 0.02943998 0 6.05205 0.02149218 0 6.043727 0.01661109 0 6.03474 0.01494997 0 6.023019 0.01763331 0 6.015948 0.02537661 0 6.01358 0.03771996 0 6.01358 0.10327 0 5.99311 0.10327 0 5.99311 0.03909999 0 5.997702 0.01677292 0 6.010215 0.00277704 0 6.02876 -0.00206995 0 6.039298 -1.78889e-4 0 6.049887 0.005085527 0 6.05935 0.01310998 0 6.05935 0 0 5.965741 0.15686 0 5.945271 0.15686 0 5.945271 0.1012 0 5.937519 0.1036022 0 5.930482 0.1049311 0 5.92365 0.10534 0 5.896902 0.09868705 0 5.878792 0.08063626 0 5.87213 0.05404996 0 5.878281 0.02531701 0 5.895573 0.006652951 0 5.92227 0 0 5.965741 0 0 5.945271 0.01725 0 5.92457 0.01725 0 5.905872 0.02172219 0 5.895966 0.03370773 0 5.893061 0.05105996 0 5.897252 0.06997108 0 5.908802 0.08244222 0 5.92618 0.08693999 0 5.932663 0.08653962 0 5.938788 0.08527034 0 5.945271 0.08302998 0 5.71757 0.10327 0 5.697101 0.10327 0 5.697101 0 0 5.71757 0 0 5.71757 0.07405996 0 5.726549 0.08274036 0 5.734812 0.08753627 0 5.74333 0.08901 0 5.754098 0.08588367 0 5.761083 0.07718628 0 5.76357 0.06393998 0 5.76357 0 0 5.78404 0 0 5.78404 0.06370997 0 5.779262 0.0870763 0 5.766663 0.1008337 0 5.74885 0.10534 0 5.737487 0.103483 0 5.726941 0.09815037 0 5.71803 0.08969998 0 5.71757 0.08969998 0 5.618901 0.10534 0 5.591071 0.09827816 0 5.571674 0.07951182 0 5.56439 0.05267 0 5.571469 0.02437144 0 5.590662 0.00506848 0 5.618901 -0.00206995 0 5.64811 0.004864037 0 5.66766 0.02396255 0 5.67479 0.05267 0 5.667507 0.0799207 0 5.647804 0.0984826 0 5.61867 0.08693999 0 5.636891 0.08244222 0 5.649286 0.07027775 0 5.65386 0.05243998 0 5.649541 0.03316259 0 5.637403 0.02073407 0 5.61867 0.01633 0 5.601233 0.02089589 0 5.589571 0.03353738 0 5.58532 0.05267 0 5.589673 0.07034593 0 5.601438 0.08245074 0 5.543231 0.13455 0 5.541553 0.1406748 0 5.537166 0.1450618 0 5.531041 0.14674 0 5.524916 0.1450618 0 5.520529 0.1406748 0 5.51885 0.13455 0 5.520528 0.1284252 0 5.524915 0.1240381 0 5.531041 0.12236 0 5.537166 0.1240381 0 5.541553 0.1284252 0 5.54116 0.10327 0 5.52069 0.10327 0 5.52069 0 0 5.54116 0 0 5.46756 0.12466 0 5.429151 0.08717 0 5.429151 0.08486998 0 5.44709 0.08486998 0 5.44709 0.03035998 0 5.450839 0.01367217 0 5.462049 0.002197742 0 5.48067 -0.00206995 0 5.488491 -0.001149952 0 5.497384 0.001303315 0 5.505511 0.004829943 0 5.505511 0.02391999 0 5.497444 0.01970332 0 5.489735 0.01717329 0 5.482281 0.01633 0 5.475806 0.01767587 0 5.470047 0.02249741 0 5.46756 0.03196996 0 5.46756 0.08486998 0 5.50022 0.08486998 0 5.50022 0.10327 0 5.46756 0.10327 0 5.42547 0.01839995 0 5.421083 0.01543551 0 5.417361 0.01354444 0 5.41466 0.01287996 0 5.412522 0.01338255 0 5.411202 0.01506072 0 5.41075 0.01816999 0 5.41075 0.07129997 0 5.405682 0.09055185 0 5.392282 0.1017282 0 5.37326 0.10534 0 5.35952 0.1037982 0 5.348131 0.09913849 0 5.33899 0.09130996 0 5.33899 0.069 0 5.349349 0.07862591 0 5.360372 0.08421409 0 5.37165 0.08601999 0 5.382 0.08417147 0 5.38821 0.07828515 0 5.39028 0.06784999 0 5.39028 0.06233 0 5.372111 0.05588996 0 5.355627 0.04931366 0 5.342363 0.03946626 0 5.33692 0.02322995 0 5.340106 0.01074182 0 5.348914 0.001524806 0 5.36222 -0.00206995 0 5.371634 -9.11482e-4 0 5.380944 0.002598106 0 5.39005 0.008509993 0 5.39293 0.002495884 0 5.398058 -9.62593e-4 0 5.405691 -0.00206995 0 5.411585 -0.001362919 0 5.417582 0.001132905 0 5.42547 0.005979955 0 5.39028 0.02092999 0 5.384607 0.01637256 0 5.378627 0.01345074 0 5.372341 0.01241999 0 5.364742 0.0142855 0 5.359545 0.01937109 0 5.35762 0.02691 0 5.362203 0.03725999 0 5.374044 0.04484999 0 5.39028 0.05105996 0 5.29276 0.12466 0 5.25435 0.08717 0 5.25435 0.08486998 0 5.27229 0.08486998 0 5.27229 0.03035998 0 5.276039 0.01367217 0 5.287249 0.002197742 0 5.305871 -0.00206995 0 5.313691 -0.001149952 0 5.322584 0.001303315 0 5.33071 0.004829943 0 5.33071 0.02391999 0 5.322643 0.01970332 0 5.314934 0.01717329 0 5.307481 0.01633 0 5.301006 0.01767587 0 5.295248 0.02249741 0 5.29276 0.03196996 0 5.29276 0.08486998 0 5.32542 0.08486998 0 5.32542 0.10327 0 5.29276 0.10327 0 5.17385 0.10327 0 5.15338 0.10327 0 5.15338 0 0 5.17385 0 0 5.17385 0.07405996 0 5.182829 0.08274036 0 5.191092 0.08753627 0 5.19961 0.08901 0 5.210378 0.08588367 0 5.217363 0.07718628 0 5.219851 0.06393998 0 5.219851 0 0 5.24032 0 0 5.24032 0.06370997 0 5.235541 0.0870763 0 5.222942 0.1008337 0 5.20513 0.10534 0 5.193767 0.103483 0 5.183221 0.09815037 0 5.174311 0.08969998 0 5.17385 0.08969998 0 5.13567 0.01839995 0 5.131283 0.01543551 0 5.127561 0.01354444 0 5.12486 0.01287996 0 5.122722 0.01338255 0 5.121402 0.01506072 0 5.12095 0.01816999 0 5.12095 0.07129997 0 5.115882 0.09055185 0 5.102482 0.1017282 0 5.08346 0.10534 0 5.06972 0.1037982 0 5.058331 0.09913849 0 5.04919 0.09130996 0 5.04919 0.069 0 5.059549 0.07862591 0 5.070572 0.08421409 0 5.081851 0.08601999 0 5.0922 0.08417147 0 5.09841 0.07828515 0 5.10048 0.06784999 0 5.10048 0.06233 0 5.082311 0.05588996 0 5.065827 0.04931366 0 5.052564 0.03946626 0 5.04712 0.02322995 0 5.050306 0.01074182 0 5.059114 0.001524806 0 5.07242 -0.00206995 0 5.081833 -9.11482e-4 0 5.091144 0.002598106 0 5.10025 0.008509993 0 5.103129 0.002495884 0 5.108258 -9.62593e-4 0 5.11589 -0.00206995 0 5.121786 -0.001362919 0 5.127783 0.001132905 0 5.13567 0.005979955 0 5.10048 0.02092999 0 5.094807 0.01637256 0 5.088827 0.01345074 0 5.08254 0.01241999 0 5.074942 0.0142855 0 5.069745 0.01937109 0 5.06782 0.02691 0 5.072403 0.03725999 0 5.084244 0.04484999 0 5.10048 0.05105996 0 5.02619 0.15686 0 5.005721 0.15686 0 5.005721 0 0 5.02619 0 0 4.90935 0.002529978 0 4.91671 -9.37039e-5 0 4.923457 -0.001592934 0 4.93005 -0.00206995 0 4.957242 0.004744768 0 4.975693 0.02331519 0 4.982491 0.05083 0 4.975786 0.07955443 0 4.956151 0.09723889 0 4.924301 0.10327 0 4.88888 0.10327 0 4.88888 -0.05289995 0 4.90935 -0.05289995 0 4.90935 0.08486998 0 4.92798 0.08486998 0 4.946602 0.08085775 0 4.957812 0.06933218 0 4.96156 0.05105996 0 4.957275 0.03316259 0 4.945682 0.02088737 0 4.92867 0.01633 0 4.922179 0.0168581 0 4.915688 0.01840847 0 4.90935 0.02092999 0 4.71201 0.10327 0 4.71201 0 0 4.732481 0 0 4.732481 0.07497996 0 4.740641 0.0827744 0 4.748853 0.08688884 0 4.758241 0.08809 0 4.767568 0.08561962 0 4.774289 0.07783371 0 4.77687 0.06417 0 4.77687 0 0 4.79734 0 0 4.79734 0.07497996 0 4.805092 0.08180332 0 4.813049 0.08647996 0 4.820341 0.08809 0 4.831099 0.08530443 0 4.838791 0.07715219 0 4.84173 0.06393998 0 4.84173 0 0 4.8622 0 0 4.8622 0.06485998 0 4.857966 0.08619034 0 4.846117 0.1002629 0 4.82793 0.10534 0 4.814437 0.1027589 0 4.80309 0.09603774 0 4.79343 0.08670997 0 4.785287 0.09695774 0 4.774894 0.1032189 0 4.76261 0.10534 0 4.752857 0.1036363 0 4.742847 0.09845703 0 4.732481 0.08969998 0 4.732481 0.10327 0 4.68556 0.13455 0 4.683882 0.1406748 0 4.679495 0.1450618 0 4.67337 0.14674 0 4.667245 0.1450618 0 4.662858 0.1406748 0 4.66118 0.13455 0 4.662858 0.1284252 0 4.667246 0.1240381 0 4.67337 0.12236 0 4.679495 0.1240381 0 4.683882 0.1284252 0 4.68349 0.10327 0 4.663021 0.10327 0 4.663021 0 0 4.68349 0 0 4.5747 0.02989995 0 4.562783 0.02320444 0 4.550814 0.0189622 0 4.53859 0.01747995 0 4.521511 0.02098107 0 4.5099 0.0313822 0 4.50386 0.04852998 0 4.57654 0.04852998 0 4.570995 0.08022737 0 4.555482 0.09909594 0 4.53169 0.10534 0 4.506493 0.09869551 0 4.489575 0.08039778 0 4.48339 0.05289995 0 4.489234 0.02597296 0 4.50622 0.005843698 0 4.533531 -0.00206995 0 4.549213 -7.4963e-4 0 4.562391 0.003279626 0 4.5747 0.01011997 0 4.504321 0.06209999 0 4.509286 0.07597666 0 4.518597 0.08463996 0 4.53215 0.08762997 0 4.544698 0.08448666 0 4.552953 0.07567 0 4.5563 0.06209999 0 4.39346 0.10327 0 4.372991 0.10327 0 4.372991 0 0 4.39346 0 0 4.39346 0.07405996 0 4.402439 0.08274036 0 4.410702 0.08753627 0 4.41922 0.08901 0 4.429988 0.08588367 0 4.436973 0.07718628 0 4.439461 0.06393998 0 4.439461 0 0 4.45993 0 0 4.45993 0.06370997 0 4.455152 0.0870763 0 4.442553 0.1008337 0 4.42474 0.10534 0 4.413377 0.103483 0 4.402831 0.09815037 0 4.39392 0.08969998 0 4.39346 0.08969998 0 4.34447 0 0 4.34447 0.10327 0 4.324 0.10327 0 4.324 0.02943998 0 4.3167 0.02149218 0 4.308377 0.01661109 0 4.29939 0.01494997 0 4.287669 0.01763331 0 4.280599 0.02537661 0 4.278231 0.03771996 0 4.278231 0.10327 0 4.257761 0.10327 0 4.257761 0.03909999 0 4.262352 0.01677292 0 4.274866 0.00277704 0 4.29341 -0.00206995 0 4.303948 -1.78889e-4 0 4.314537 0.005085527 0 4.324 0.01310998 0 4.324 0 0 4.16645 0.14789 0 4.155138 0.1540233 0 4.143416 0.1577033 0 4.13149 0.15893 0 4.106369 0.1537507 0 4.089835 0.1392692 0 4.08388 0.11707 0 4.101471 0.08464848 0 4.134139 0.06331813 0 4.15173 0.03794997 0 4.148996 0.02893739 0 4.140588 0.02135592 0 4.126201 0.01816999 0 4.111174 0.02080219 0 4.09722 0.02849441 0 4.084801 0.04093998 0 4.084801 0.01241999 0 4.098234 0.004267752 0 4.11269 -5.11111e-4 0 4.128731 -0.00206995 0 4.151364 0.003492534 0 4.166893 0.01851069 0 4.17266 0.04047995 0 4.15507 0.07659852 0 4.122402 0.09712815 0 4.104811 0.12006 0 4.108031 0.1297966 0 4.116771 0.1363133 0 4.129651 0.13869 0 4.140929 0.1372674 0 4.153332 0.1322159 0 4.16645 0.12236 0 4.00453 0.15778 0 3.98866 0.15778 0 3.92127 0 0 3.944271 0 0 3.964051 0.04622995 0 4.03075 0.04622995 0 4.051681 0 0 4.07468 0 0 3.996251 0.12328 0 4.021551 0.06646996 0 3.972791 0.06646996 0 3.82007 0.15686 0 3.82007 0 0 3.84261 0 0 3.84261 0.06784999 0 3.86607 0.06784999 0 3.895936 0.07377034 0 3.913331 0.08945298 0 3.91897 0.11178 0 3.913646 0.1345074 0 3.897231 0.1506926 0 3.86906 0.15686 0 3.84261 0.13662 0 3.86906 0.13662 0 3.885075 0.132974 0 3.893372 0.1240126 0 3.89574 0.1127 0 3.892316 0.09936851 0 3.882758 0.09099477 0 3.86814 0.08809 0 3.84261 0.08809 0 3.70185 0.12466 0 3.66344 0.08717 0 3.66344 0.08486998 0 3.68138 0.08486998 0 3.68138 0.03035998 0 3.685128 0.01367217 0 3.696339 0.002197742 0 3.714961 -0.00206995 0 3.72278 -0.001149952 0 3.731674 0.001303315 0 3.7398 0.004829943 0 3.7398 0.02391999 0 3.731733 0.01970332 0 3.724024 0.01717329 0 3.716571 0.01633 0 3.710096 0.01767587 0 3.704338 0.02249741 0 3.70185 0.03196996 0 3.70185 0.08486998 0 3.73451 0.08486998 0 3.73451 0.10327 0 3.70185 0.10327 0 3.58294 0.10327 0 3.56247 0.10327 0 3.56247 0 0 3.58294 0 0 3.58294 0.07405996 0 3.591919 0.08274036 0 3.600182 0.08753627 0 3.6087 0.08901 0 3.619468 0.08588367 0 3.626453 0.07718628 0 3.628941 0.06393998 0 3.628941 0 0 3.64941 0 0 3.64941 0.06370997 0 3.644632 0.0870763 0 3.632033 0.1008337 0 3.61422 0.10534 0 3.602857 0.103483 0 3.592311 0.09815037 0 3.5834 0.08969998 0 3.58294 0.08969998 0 3.48427 0.10534 0 3.45644 0.09827816 0 3.437044 0.07951182 0 3.42976 0.05267 0 3.436839 0.02437144 0 3.456032 0.00506848 0 3.48427 -0.00206995 0 3.51348 0.004864037 0 3.53303 0.02396255 0 3.54016 0.05267 0 3.532877 0.0799207 0 3.513174 0.0984826 0 3.48404 0.08693999 0 3.502262 0.08244222 0 3.514656 0.07027775 0 3.51923 0.05243998 0 3.514911 0.03316259 0 3.502773 0.02073407 0 3.48404 0.01633 0 3.466603 0.02089589 0 3.454941 0.03353738 0 3.45069 0.05267 0 3.455043 0.07034593 0 3.466807 0.08245074 0 3.40745 0.09683001 0 3.396921 0.1015918 0 3.386852 0.1044115 0 3.37709 0.10534 0 3.359065 0.1019496 0 3.347275 0.09232372 0 3.34305 0.07727998 0 3.355572 0.05519998 0 3.378828 0.04063332 0 3.39135 0.02759999 0 3.389255 0.02138996 0 3.383786 0.01747995 0 3.37617 0.01586997 0 3.366689 0.01734369 0 3.355215 0.02183294 0 3.34236 0.02943998 0 3.34236 0.007359981 0 3.35478 0.001848518 0 3.36628 -0.001158475 0 3.37824 -0.00206995 0 3.395754 0.001763284 0 3.4078 0.01234328 0 3.41228 0.02828997 0 3.41004 0.03800106 0 3.402637 0.04709887 0 3.38905 0.05726999 0 3.374475 0.06631666 0 3.366442 0.07291001 0 3.36398 0.07796996 0 3.365658 0.08286815 0 3.370352 0.08618181 0 3.37755 0.08739995 0 3.38612 0.08628404 0 3.396274 0.08276593 0 3.40745 0.07659 0 3.25956 0.02989995 0 3.247643 0.02320444 0 3.235675 0.0189622 0 3.22345 0.01747995 0 3.206371 0.02098107 0 3.19476 0.0313822 0 3.18872 0.04852998 0 3.2614 0.04852998 0 3.255855 0.08022737 0 3.240343 0.09909594 0 3.21655 0.10534 0 3.191353 0.09869551 0 3.174435 0.08039778 0 3.16825 0.05289995 0 3.174094 0.02597296 0 3.19108 0.005843698 0 3.21839 -0.00206995 0 3.234073 -7.4963e-4 0 3.247251 0.003279626 0 3.25956 0.01011997 0 3.18918 0.06209999 0 3.194147 0.07597666 0 3.203457 0.08463996 0 3.21701 0.08762997 0 3.229558 0.08448666 0 3.237812 0.07567 0 3.24116 0.06209999 0 3.07832 0.10327 0 3.05785 0.10327 0 3.05785 0 0 3.07832 0 0 3.07832 0.07405996 0 3.087299 0.08274036 0 3.095562 0.08753627 0 3.10408 0.08901 0 3.114848 0.08588367 0 3.121833 0.07718628 0 3.12432 0.06393998 0 3.12432 0 0 3.14479 0 0 3.14479 0.06370997 0 3.140012 0.0870763 0 3.127413 0.1008337 0 3.1096 0.10534 0 3.098237 0.103483 0 3.087691 0.09815037 0 3.07878 0.08969998 0 3.07832 0.08969998 0 2.89938 0.10327 0 2.87891 0.10327 0 2.87891 0 0 2.89938 0 0 2.89938 0.07405996 0 2.908359 0.08274036 0 2.916622 0.08753627 0 2.92514 0.08901 0 2.935908 0.08588367 0 2.942893 0.07718628 0 2.94538 0.06393998 0 2.94538 0 0 2.96585 0 0 2.96585 0.06370997 0 2.961071 0.0870763 0 2.948473 0.1008337 0 2.93066 0.10534 0 2.919297 0.103483 0 2.908751 0.09815037 0 2.89984 0.08969998 0 2.89938 0.08969998 0 2.80071 0.10534 0 2.77288 0.09827816 0 2.753484 0.07951182 0 2.7462 0.05267 0 2.753279 0.02437144 0 2.772471 0.00506848 0 2.80071 -0.00206995 0 2.82992 0.004864037 0 2.84947 0.02396255 0 2.8566 0.05267 0 2.849317 0.0799207 0 2.829613 0.0984826 0 2.80048 0.08693999 0 2.818701 0.08244222 0 2.831096 0.07027775 0 2.83567 0.05243998 0 2.831351 0.03316259 0 2.819213 0.02073407 0 2.80048 0.01633 0 2.783043 0.02089589 0 2.771381 0.03353738 0 2.76713 0.05267 0 2.771483 0.07034593 0 2.783247 0.08245074 0 2.72504 0.13455 0 2.723362 0.1406748 0 2.718975 0.1450618 0 2.71285 0.14674 0 2.706726 0.1450618 0 2.702339 0.1406748 0 2.70066 0.13455 0 2.702339 0.1284252 0 2.706726 0.1240381 0 2.71285 0.12236 0 2.718975 0.1240381 0 2.723362 0.1284252 0 2.72297 0.10327 0 2.7025 0.10327 0 2.7025 0 0 2.72297 0 0 2.64937 0.12466 0 2.61096 0.08717 0 2.61096 0.08486998 0 2.6289 0.08486998 0 2.6289 0.03035998 0 2.632648 0.01367217 0 2.643859 0.002197742 0 2.66248 -0.00206995 0 2.6703 -0.001149952 0 2.679193 0.001303315 0 2.68732 0.004829943 0 2.68732 0.02391999 0 2.679253 0.01970332 0 2.671544 0.01717329 0 2.66409 0.01633 0 2.657616 0.01767587 0 2.651858 0.02249741 0 2.64937 0.03196996 0 2.64937 0.08486998 0 2.68203 0.08486998 0 2.68203 0.10327 0 2.64937 0.10327 0 2.60728 0.01839995 0 2.602893 0.01543551 0 2.599171 0.01354444 0 2.59647 0.01287996 0 2.594332 0.01338255 0 2.593012 0.01506072 0 2.59256 0.01816999 0 2.59256 0.07129997 0 2.587492 0.09055185 0 2.574092 0.1017282 0 2.55507 0.10534 0 2.54133 0.1037982 0 2.529941 0.09913849 0 2.5208 0.09130996 0 2.5208 0.069 0 2.531159 0.07862591 0 2.542182 0.08421409 0 2.55346 0.08601999 0 2.56381 0.08417147 0 2.57002 0.07828515 0 2.57209 0.06784999 0 2.57209 0.06233 0 2.55392 0.05588996 0 2.537437 0.04931366 0 2.524174 0.03946626 0 2.51873 0.02322995 0 2.521916 0.01074182 0 2.530725 0.001524806 0 2.54403 -0.00206995 0 2.553443 -9.11482e-4 0 2.562754 0.002598106 0 2.57186 0.008509993 0 2.57474 0.002495884 0 2.579868 -9.62593e-4 0 2.5875 -0.00206995 0 2.593395 -0.001362919 0 2.599392 0.001132905 0 2.60728 0.005979955 0 2.57209 0.02092999 0 2.566417 0.01637256 0 2.560437 0.01345074 0 2.55415 0.01241999 0 2.546552 0.0142855 0 2.541355 0.01937109 0 2.53943 0.02691 0 2.544013 0.03725999 0 2.555854 0.04484999 0 2.57209 0.05105996 0 2.47457 0.12466 0 2.43616 0.08717 0 2.43616 0.08486998 0 2.4541 0.08486998 0 2.4541 0.03035998 0 2.457849 0.01367217 0 2.469059 0.002197742 0 2.48768 -0.00206995 0 2.4955 -0.001149952 0 2.504394 0.001303315 0 2.51252 0.004829943 0 2.51252 0.02391999 0 2.504453 0.01970332 0 2.496744 0.01717329 0 2.48929 0.01633 0 2.482816 0.01767587 0 2.477058 0.02249741 0 2.47457 0.03196996 0 2.47457 0.08486998 0 2.50723 0.08486998 0 2.50723 0.10327 0 2.47457 0.10327 0 2.35566 0.10327 0 2.33519 0.10327 0 2.33519 0 0 2.35566 0 0 2.35566 0.07405996 0 2.364639 0.08274036 0 2.372902 0.08753627 0 2.38142 0.08901 0 2.392188 0.08588367 0 2.399173 0.07718628 0 2.40166 0.06393998 0 2.40166 0 0 2.42213 0 0 2.42213 0.06370997 0 2.417351 0.0870763 0 2.404752 0.1008337 0 2.38694 0.10534 0 2.375576 0.103483 0 2.365031 0.09815037 0 2.35612 0.08969998 0 2.35566 0.08969998 0 2.31173 0.02989995 0 2.299813 0.02320444 0 2.287844 0.0189622 0 2.27562 0.01747995 0 2.258541 0.02098107 0 2.24693 0.0313822 0 2.24089 0.04852998 0 2.31357 0.04852998 0 2.308025 0.08022737 0 2.292512 0.09909594 0 2.26872 0.10534 0 2.243523 0.09869551 0 2.226605 0.08039778 0 2.22042 0.05289995 0 2.226264 0.02597296 0 2.24325 0.005843698 0 2.27056 -0.00206995 0 2.286243 -7.4963e-4 0 2.299421 0.003279626 0 2.31173 0.01011997 0 2.24135 0.06209999 0 2.246317 0.07597666 0 2.255627 0.08463996 0 2.26918 0.08762997 0 2.281728 0.08448666 0 2.289983 0.07567 0 2.29333 0.06209999 0 2.19696 0.09683001 0 2.186431 0.1015918 0 2.176362 0.1044115 0 2.1666 0.10534 0 2.148575 0.1019496 0 2.136785 0.09232372 0 2.13256 0.07727998 0 2.145082 0.05519998 0 2.168338 0.04063332 0 2.18086 0.02759999 0 2.178765 0.02138996 0 2.173296 0.01747995 0 2.16568 0.01586997 0 2.156199 0.01734369 0 2.144725 0.02183294 0 2.13187 0.02943998 0 2.13187 0.007359981 0 2.14429 0.001848518 0 2.15579 -0.001158475 0 2.16775 -0.00206995 0 2.185264 0.001763284 0 2.19731 0.01234328 0 2.20179 0.02828997 0 2.19955 0.03800106 0 2.192147 0.04709887 0 2.17856 0.05726999 0 2.163985 0.06631666 0 2.155952 0.07291001 0 2.15349 0.07796996 0 2.155168 0.08286815 0 2.159862 0.08618181 0 2.16706 0.08739995 0 2.17563 0.08628404 0 2.185784 0.08276593 0 2.19696 0.07659 0 2.11301 0.02989995 0 2.101093 0.02320444 0 2.089124 0.0189622 0 2.0769 0.01747995 0 2.05982 0.02098107 0 2.04821 0.0313822 0 2.04217 0.04852998 0 2.11485 0.04852998 0 2.109305 0.08022737 0 2.093792 0.09909594 0 2.07 0.10534 0 2.044802 0.09869551 0 2.027885 0.08039778 0 2.0217 0.05289995 0 2.027544 0.02597296 0 2.04453 0.005843698 0 2.07184 -0.00206995 0 2.087523 -7.4963e-4 0 2.100701 0.003279626 0 2.11301 0.01011997 0 2.04263 0.06209999 0 2.047596 0.07597666 0 2.056907 0.08463996 0 2.07046 0.08762997 0 2.083008 0.08448666 0 2.091262 0.07567 0 2.09461 0.06209999 0 1.93706 0.10327 0 1.93706 0 0 1.95753 0 0 1.95753 0.05404996 0 1.960912 0.07014995 0 1.969865 0.08149665 0 1.9826 0.08578997 0 1.988316 0.08449518 0 1.995054 0.08095145 0 2.00169 0.07567 0 2.0125 0.09337997 0 2.004178 0.1000585 0 1.996059 0.1040281 0 1.98789 0.10534 0 1.978145 0.1026992 0 1.968195 0.09433406 0 1.95799 0.07958 0 1.95753 0.07958 0 1.95753 0.10327 0 1.83977 0.002529978 0 1.84713 -9.37039e-5 0 1.853877 -0.001592934 0 1.86047 -0.00206995 0 1.887661 0.004744768 0 1.906112 0.02331519 0 1.91291 0.05083 0 1.906206 0.07955443 0 1.886571 0.09723889 0 1.85472 0.10327 0 1.8193 0.10327 0 1.8193 -0.05289995 0 1.83977 -0.05289995 0 1.83977 0.08486998 0 1.8584 0.08486998 0 1.877022 0.08085775 0 1.888232 0.06933218 0 1.89198 0.05105996 0 1.887695 0.03316259 0 1.876102 0.02088737 0 1.85909 0.01633 0 1.852599 0.0168581 0 1.846108 0.01840847 0 1.83977 0.02092999 0 1.73282 0.02989995 0 1.720903 0.02320444 0 1.708934 0.0189622 0 1.69671 0.01747995 0 1.679631 0.02098107 0 1.66802 0.0313822 0 1.66198 0.04852998 0 1.73466 0.04852998 0 1.729115 0.08022737 0 1.713602 0.09909594 0 1.68981 0.10534 0 1.664612 0.09869551 0 1.647695 0.08039778 0 1.64151 0.05289995 0 1.647354 0.02597296 0 1.66434 0.005843698 0 1.69165 -0.00206995 0 1.707333 -7.4963e-4 0 1.720511 0.003279626 0 1.73282 0.01011997 0 1.66244 0.06209999 0 1.667406 0.07597666 0 1.676717 0.08463996 0 1.69027 0.08762997 0 1.702818 0.08448666 0 1.711072 0.07567 0 1.71442 0.06209999 0 1.61851 0.15686 0 1.59804 0.15686 0 1.59804 0.1012 0 1.590288 0.1036022 0 1.583252 0.1049311 0 1.57642 0.10534 0 1.549672 0.09868705 0 1.531562 0.08063626 0 1.5249 0.05404996 0 1.531051 0.02531701 0 1.548343 0.006652951 0 1.57504 0 0 1.61851 0 0 1.59804 0.01725 0 1.57734 0.01725 0 1.558642 0.02172219 0 1.548735 0.03370773 0 1.54583 0.05105996 0 1.550021 0.06997108 0 1.561572 0.08244222 0 1.57895 0.08693999 0 1.585433 0.08653962 0 1.591557 0.08527034 0 1.59804 0.08302998 0 1.43681 0.09683001 0 1.426281 0.1015918 0 1.416212 0.1044115 0 1.40645 0.10534 0 1.388425 0.1019496 0 1.376635 0.09232372 0 1.37241 0.07727998 0 1.384932 0.05519998 0 1.408188 0.04063332 0 1.42071 0.02759999 0 1.418614 0.02138996 0 1.413146 0.01747995 0 1.40553 0.01586997 0 1.396049 0.01734369 0 1.384574 0.02183294 0 1.37172 0.02943998 0 1.37172 0.007359981 0 1.38414 0.001848518 0 1.39564 -0.001158475 0 1.4076 -0.00206995 0 1.425114 0.001763284 0 1.437159 0.01234328 0 1.44164 0.02828997 0 1.4394 0.03800106 0 1.431997 0.04709887 0 1.41841 0.05726999 0 1.403835 0.06631666 0 1.395802 0.07291001 0 1.39334 0.07796996 0 1.395018 0.08286815 0 1.399712 0.08618181 0 1.40691 0.08739995 0 1.41548 0.08628404 0 1.425634 0.08276593 0 1.43681 0.07659 0 1.28179 0.10327 0 1.26132 0.10327 0 1.26132 0 0 1.28179 0 0 1.28179 0.07405996 0 1.290769 0.08274036 0 1.299032 0.08753627 0 1.30755 0.08901 0 1.318318 0.08588367 0 1.325303 0.07718628 0 1.32779 0.06393998 0 1.32779 0 0 1.34826 0 0 1.34826 0.06370997 0 1.343481 0.0870763 0 1.330882 0.1008337 0 1.31307 0.10534 0 1.301706 0.103483 0 1.29116 0.09815037 0 1.28225 0.08969998 0 1.28179 0.08969998 0 1.18312 0.10534 0 1.15529 0.09827816 0 1.135893 0.07951182 0 1.12861 0.05267 0 1.135689 0.02437144 0 1.154881 0.00506848 0 1.18312 -0.00206995 0 1.21233 0.004864037 0 1.23188 0.02396255 0 1.23901 0.05267 0 1.231727 0.0799207 0 1.212023 0.0984826 0 1.18289 0.08693999 0 1.201111 0.08244222 0 1.213506 0.07027775 0 1.21808 0.05243998 0 1.213761 0.03316259 0 1.201622 0.02073407 0 1.18289 0.01633 0 1.165453 0.02089589 0 1.153791 0.03353738 0 1.14954 0.05267 0 1.153893 0.07034593 0 1.165657 0.08245074 0 1.10745 0.13455 0 1.105772 0.1406748 0 1.101385 0.1450618 0 1.09526 0.14674 0 1.089135 0.1450618 0 1.084748 0.1406748 0 1.08307 0.13455 0 1.084748 0.1284252 0 1.089135 0.1240381 0 1.09526 0.12236 0 1.101385 0.1240381 0 1.105772 0.1284252 0 1.10538 0.10327 0 1.08491 0.10327 0 1.08491 0 0 1.10538 0 0 1.03178 0.12466 0 0.9933701 0.08717 0 0.9933701 0.08486998 0 1.01131 0.08486998 0 1.01131 0.03035998 0 1.015058 0.01367217 0 1.026269 0.002197742 0 1.04489 -0.00206995 0 1.05271 -0.001149952 0 1.061604 0.001303315 0 1.06973 0.004829943 0 1.06973 0.02391999 0 1.061663 0.01970332 0 1.053954 0.01717329 0 1.0465 0.01633 0 1.040026 0.01767587 0 1.034267 0.02249741 0 1.03178 0.03196996 0 1.03178 0.08486998 0 1.06444 0.08486998 0 1.06444 0.10327 0 1.03178 0.10327 0 0.9896901 0.01839995 0 0.9853031 0.01543551 0 0.9815804 0.01354444 0 0.9788801 0.01287996 0 0.976742 0.01338255 0 0.9754216 0.01506072 0 0.9749701 0.01816999 0 0.9749701 0.07129997 0 0.9699016 0.09055185 0 0.9565019 0.1017282 0 0.9374801 0.10534 0 0.9237397 0.1037982 0 0.9123504 0.09913849 0 0.9032101 0.09130996 0 0.9032101 0.069 0 0.9135686 0.07862591 0 0.9245915 0.08421409 0 0.9358701 0.08601999 0 0.94622 0.08417147 0 0.95243 0.07828515 0 0.9545 0.06784999 0 0.9545 0.06233 0 0.93633 0.05588996 0 0.9198467 0.04931366 0 0.9065834 0.03946626 0 0.9011401 0.02322995 0 0.904326 0.01074182 0 0.9131342 0.001524806 0 0.9264401 -0.00206995 0 0.935853 -9.11482e-4 0 0.9451637 0.002598106 0 0.9542701 0.008509993 0 0.9571493 0.002495884 0 0.9622775 -9.62593e-4 0 0.96991 -0.00206995 0 0.9758049 -0.001362919 0 0.9818019 0.001132905 0 0.9896901 0.005979955 0 0.9545 0.02092999 0 0.9488267 0.01637256 0 0.9428467 0.01345074 0 0.93656 0.01241999 0 0.9289616 0.0142855 0 0.9237653 0.01937109 0 0.9218401 0.02691 0 0.9264231 0.03725999 0 0.9382638 0.04484999 0 0.9545 0.05105996 0 0.8802101 0.15686 0 0.8597401 0.15686 0 0.8597401 0 0 0.8802101 0 0 0.83076 0.09683001 0 0.8202311 0.1015918 0 0.8101623 0.1044115 0 0.8004 0.10534 0 0.7823749 0.1019496 0 0.7705852 0.09232372 0 0.7663601 0.07727998 0 0.7788823 0.05519998 0 0.8021378 0.04063332 0 0.81466 0.02759999 0 0.8125645 0.02138996 0 0.8070956 0.01747995 0 0.79948 0.01586997 0 0.789999 0.01734369 0 0.7785245 0.02183294 0 0.76567 0.02943998 0 0.76567 0.007359981 0 0.7780901 0.001848518 0 0.7895901 -0.001158475 0 0.80155 -0.00206995 0 0.8190641 0.001763284 0 0.8311094 0.01234328 0 0.8355901 0.02828997 0 0.8333497 0.03800106 0 0.8259471 0.04709887 0 0.8123601 0.05726999 0 0.7977849 0.06631666 0 0.7897519 0.07291001 0 0.78729 0.07796996 0 0.7889682 0.08286815 0 0.7936619 0.08618181 0 0.8008601 0.08739995 0 0.8094297 0.08628404 0 0.8195837 0.08276593 0 0.83076 0.07659 0 0.6757401 0.10327 0 0.65527 0.10327 0 0.65527 0 0 0.6757401 0 0 0.6757401 0.07405996 0 0.6847186 0.08274036 0 0.6929816 0.08753627 0 0.7015001 0.08901 0 0.7122675 0.08588367 0 0.7192527 0.07718628 0 0.72174 0.06393998 0 0.72174 0 0 0.7422101 0 0 0.7422101 0.06370997 0 0.7374312 0.0870763 0 0.7248322 0.1008337 0 0.7070201 0.10534 0 0.6956564 0.103483 0 0.6851105 0.09815037 0 0.6762 0.08969998 0 0.6757401 0.08969998 0 0.63756 0.01839995 0 0.633173 0.01543551 0 0.6294505 0.01354444 0 0.6267501 0.01287996 0 0.6246119 0.01338255 0 0.6232916 0.01506072 0 0.6228401 0.01816999 0 0.6228401 0.07129997 0 0.6177715 0.09055185 0 0.6043719 0.1017282 0 0.58535 0.10534 0 0.5716096 0.1037982 0 0.5602204 0.09913849 0 0.5510801 0.09130996 0 0.5510801 0.069 0 0.5614386 0.07862591 0 0.5724615 0.08421409 0 0.5837401 0.08601999 0 0.5940901 0.08417147 0 0.6003 0.07828515 0 0.60237 0.06784999 0 0.60237 0.06233 0 0.5842 0.05588996 0 0.5677167 0.04931366 0 0.5544534 0.03946626 0 0.54901 0.02322995 0 0.552196 0.01074182 0 0.5610041 0.001524806 0 0.57431 -0.00206995 0 0.583723 -9.11482e-4 0 0.5930337 0.002598106 0 0.60214 0.008509993 0 0.6050193 0.002495884 0 0.6101474 -9.62593e-4 0 0.61778 -0.00206995 0 0.6236748 -0.001362919 0 0.6296719 0.001132905 0 0.63756 0.005979955 0 0.60237 0.02092999 0 0.5966967 0.01637256 0 0.5907167 0.01345074 0 0.58443 0.01241999 0 0.5768315 0.0142855 0 0.5716352 0.01937109 0 0.56971 0.02691 0 0.574293 0.03725999 0 0.5861337 0.04484999 0 0.60237 0.05105996 0 0.4678201 0.10327 0 0.4678201 0 0 0.48829 0 0 0.48829 0.05404996 0 0.4916719 0.07014995 0 0.5006248 0.08149665 0 0.51336 0.08578997 0 0.519076 0.08449518 0 0.5258141 0.08095145 0 0.53245 0.07567 0 0.54326 0.09337997 0 0.5349375 0.1000585 0 0.5268194 0.1040281 0 0.5186501 0.10534 0 0.5089049 0.1026992 0 0.4989553 0.09433406 0 0.4887501 0.07958 0 0.48829 0.07958 0 0.48829 0.10327 0 0.41377 0.12466 0 0.37536 0.08717 0 0.37536 0.08486998 0 0.3933 0.08486998 0 0.3933 0.03035998 0 0.3970482 0.01367217 0 0.4082586 0.002197742 0 0.42688 -0.00206995 0 0.4347 -0.001149952 0 0.4435934 0.001303315 0 0.45172 0.004829943 0 0.45172 0.02391999 0 0.443653 0.01970332 0 0.4359437 0.01717329 0 0.4284901 0.01633 0 0.422016 0.01767587 0 0.4162575 0.02249741 0 0.41377 0.03196996 0 0.41377 0.08486998 0 0.44643 0.08486998 0 0.44643 0.10327 0 0.41377 0.10327 0 0.29739 0.09683001 0 0.2868611 0.1015918 0 0.2767922 0.1044115 0 0.26703 0.10534 0 0.2490048 0.1019496 0 0.2372152 0.09232372 0 0.23299 0.07727998 0 0.2455122 0.05519998 0 0.2687678 0.04063332 0 0.28129 0.02759999 0 0.2791945 0.02138996 0 0.2737256 0.01747995 0 0.26611 0.01586997 0 0.2566289 0.01734369 0 0.2451544 0.02183294 0 0.2323 0.02943998 0 0.2323 0.007359981 0 0.24472 0.001848518 0 0.2562201 -0.001158475 0 0.26818 -0.00206995 0 0.2856941 0.001763284 0 0.2977393 0.01234328 0 0.3022201 0.02828997 0 0.2999796 0.03800106 0 0.292577 0.04709887 0 0.27899 0.05726999 0 0.2644149 0.06631666 0 0.2563819 0.07291001 0 0.25392 0.07796996 0 0.2555981 0.08286815 0 0.2602919 0.08618181 0 0.26749 0.08739995 0 0.2760596 0.08628404 0 0.2862137 0.08276593 0 0.29739 0.07659 0 0.21344 0.02989995 0 0.2015226 0.02320444 0 0.189554 0.0189622 0 0.17733 0.01747995 0 0.1602504 0.02098107 0 0.1486396 0.0313822 0 0.1425999 0.04852998 0 0.2152799 0.04852998 0 0.2097344 0.08022737 0 0.1942222 0.09909594 0 0.17043 0.10534 0 0.1452322 0.09869551 0 0.1283144 0.08039778 0 0.12213 0.05289995 0 0.1279737 0.02597296 0 0.1449596 0.005843698 0 0.1722699 -0.00206995 0 0.1879526 -7.4963e-4 0 0.2011308 0.003279626 0 0.21344 0.01011997 0 0.14306 0.06209999 0 0.1480263 0.07597666 0 0.157337 0.08463996 0 0.17089 0.08762997 0 0.1834378 0.08448666 0 0.1916922 0.07567 0 0.19504 0.06209999 0 0.03955996 0.15686 0 0.01701998 0.15686 0 0.01701998 0 0 0.1104 0 0 0.1104 0.02023994 0 0.03955996 0.02023994 0</float_array>
          <technique_common>
            <accessor source="#Les_translations_de_presentation_ne_sont_PAS_une_implantation_-mesh-positions-array" count="1478" stride="3">
              <param name="X" type="float"/>
              <param name="Y" type="float"/>
              <param name="Z" type="float"/>
            </accessor>
          </technique_common>
        </source>
        <source id="Les_translations_de_presentation_ne_sont_PAS_une_implantation_-mesh-normals">
          <float_array id="Les_translations_de_presentation_ne_sont_PAS_une_implantation_-mesh-normals-array" count="4176">0 0 1 0 0 1 0 0 1 0 0 1 0 0 1 0 0 1 0 0 1 0 0 1 0 0 1 0 0 1 0 0 1 0 0 1 0 0 1 0 0 1 0 0 1 0 0 1 0 0 1 0 0 1 0 0 1 0 0 1 0 0 1 0 0 1 0 0 1 0 0 1 0 0 1 0 0 1 0 0 1 0 0 1 0 0 1 0 0 1 0 0 1 0 0 1 0 0 1 0 0 1 0 0 1 0 0 1 0 0 1 0 0 1 0 0 1 0 0 1 0 0 1 0 0 1 0 0 1 0 0 1 0 0 1 0 0 1 0 0 1 0 0 1 0 0 1 0 0 1 0 0 1 0 0 1 0 0 1 0 0 1 0 0 1 0 0 1 0 0 1 0 0 1 0 0 1 0 0 1 0 0 1 0 0 1 0 0 1 0 0 1 0 0 1 0 0 1 0 0 1 0 0 1 0 0 1 0 0 1 0 0 1 0 0 1 0 0 1 0 0 1 0 0 1 0 0 1 0 0 1 0 0 1 0 0 1 0 0 1 0 0 1 0 0 1 0 0 1 0 0 1 0 0 1 0 0 1 0 0 1 0 0 1 0 0 1 0 0 1 0 0 1 0 0 1 0 0 1 0 0 1 0 0 1 0 0 1 0 0 1 0 0 1 0 0 1 0 0 1 0 0 1 0 0 1 0 0 1 0 0 1 0 0 1 0 0 1 0 0 1 0 0 1 0 0 1 0 0 1 0 0 1 0 0 1 0 0 1 0 0 1 0 0 1 0 0 1 0 0 1 0 0 1 0 0 1 0 0 1 0 0 1 0 0 1 0 0 1 0 0 1 0 0 1 0 0 1 0 0 1 0 0 1 0 0 1 0 0 1 0 0 1 0 0 1 0 0 1 0 0 1 0 0 1 0 0 1 0 0 1 0 0 1 0 0 1 0 0 1 0 0 1 0 0 1 0 0 1 0 0 1 0 0 1 0 0 1 0 0 1 0 0 1 0 0 1 0 0 1 0 0 1 0 0 1 0 0 1 0 0 1 0 0 1 0 0 1 0 0 1 0 0 1 0 0 1 0 0 1 0 0 1 0 0 1 0 0 1 0 0 1 0 0 1 0 0 1 0 0 1 0 0 1 0 0 1 0 0 1 0 0 1 0 0 1 0 0 1 0 0 1 0 0 1 0 0 1 0 0 1 0 0 1 0 0 1 0 0 1 0 0 1 0 0 1 0 0 1 0 0 1 0 0 1 0 0 1 0 0 1 0 0 1 0 0 1 0 0 1 0 0 1 0 0 1 0 0 1 0 0 1 0 0 1 0 0 1 0 0 1 0 0 1 0 0 1 0 0 1 0 0 1 0 0 1 0 0 1 0 0 1 0 0 1 0 0 1 0 0 1 0 0 1 0 0 1 0 0 1 0 0 1 0 0 1 0 0 1 0 0 1 0 0 1 0 0 1 0 0 1 0 0 1 0 0 1 0 0 1 0 0 1 0 0 1 0 0 1 0 0 1 0 0 1 0 0 1 0 0 1 0 0 1 0 0 1 0 0 1 0 0 1 0 0 1 0 0 1 0 0 1 0 0 1 0 0 1 0 0 1 0 0 1 0 0 1 0 0 1 0 0 1 0 0 1 0 0 1 0 0 1 0 0 1 0 0 1 0 0 1 0 0 1 0 0 1 0 0 1 0 0 1 0 0 1 0 0 1 0 0 1 0 0 1 0 0 1 0 0 1 0 0 1 0 0 1 0 0 1 0 0 1 0 0 1 0 0 1 0 0 1 0 0 1 0 0 1 0 0 1 0 0 1 0 0 1 0 0 1 0 0 1 0 0 1 0 0 1 0 0 1 0 0 1 0 0 1 0 0 1 0 0 1 0 0 1 0 0 1 0 0 1 0 0 1 0 0 1 0 0 1 0 0 1 0 0 1 0 0 1 0 0 1 0 0 1 0 0 1 0 0 1 0 0 1 0 0 1 0 0 1 0 0 1 0 0 1 0 0 1 0 0 1 0 0 1 0 0 1 0 0 1 0 0 1 0 0 1 0 0 1 0 0 1 0 0 1 0 0 1 0 0 1 0 0 1 0 0 1 0 0 1 0 0 1 0 0 1 0 0 1 0 0 1 0 0 1 0 0 1 0 0 1 0 0 1 0 0 1 0 0 1 0 0 1 0 0 1 0 0 1 0 0 1 0 0 1 0 0 1 0 0 1 0 0 1 0 0 1 0 0 1 0 0 1 0 0 1 0 0 1 0 0 1 0 0 1 0 0 1 0 0 1 0 0 1 0 0 1 0 0 1 0 0 1 0 0 1 0 0 1 0 0 1 0 0 1 0 0 1 0 0 1 0 0 1 0 0 1 0 0 1 0 0 1 0 0 1 0 0 1 0 0 1 0 0 1 0 0 1 0 0 1 0 0 1 0 0 1 0 0 1 0 0 1 0 0 1 0 0 1 0 0 1 0 0 1 0 0 1 0 0 1 0 0 1 0 0 1 0 0 1 0 0 1 0 0 1 0 0 1 0 0 1 0 0 1 0 0 1 0 0 1 0 0 1 0 0 1 0 0 1 0 0 1 0 0 1 0 0 1 0 0 1 0 0 1 0 0 1 0 0 1 0 0 1 0 0 1 0 0 1 0 0 1 0 0 1 0 0 1 0 0 1 0 0 1 0 0 1 0 0 1 0 0 1 0 0 1 0 0 1 0 0 1 0 0 1 0 0 1 0 0 1 0 0 1 0 0 1 0 0 1 0 0 1 0 0 1 0 0 1 0 0 1 0 0 1 0 0 1 0 0 1 0 0 1 0 0 1 0 0 1 0 0 1 0 0 1 0 0 1 0 0 1 0 0 1 0 0 1 0 0 1 0 0 1 0 0 1 0 0 1 0 0 1 0 0 1 0 0 1 0 0 1 0 0 1 0 0 1 0 0 1 0 0 1 0 0 1 0 0 1 0 0 1 0 0 1 0 0 1 0 0 1 0 0 1 0 0 1 0 0 1 0 0 1 0 0 1 0 0 1 0 0 1 0 0 1 0 0 1 0 0 1 0 0 1 0 0 1 0 0 1 0 0 1 0 0 1 0 0 1 0 0 1 0 0 1 0 0 1 0 0 1 0 0 1 0 0 1 0 0 1 0 0 1 0 0 1 0 0 1 0 0 1 0 0 1 0 0 1 0 0 1 0 0 1 0 0 1 0 0 1 0 0 1 0 0 1 0 0 1 0 0 1 0 0 1 0 0 1 0 0 1 0 0 1 0 0 1 0 0 1 0 0 1 0 0 1 0 0 1 0 0 1 0 0 1 0 0 1 0 0 1 0 0 1 0 0 1 0 0 1 0 0 1 0 0 1 0 0 1 0 0 1 0 0 1 0 0 1 0 0 1 0 0 1 0 0 1 0 0 1 0 0 1 0 0 1 0 0 1 0 0 1 0 0 1 0 0 1 0 0 1 0 0 1 0 0 1 0 0 1 0 0 1 0 0 1 0 0 1 0 0 1 0 0 1 0 0 1 0 0 1 0 0 1 0 0 1 0 0 1 0 0 1 0 0 1 0 0 1 0 0 1 0 0 1 0 0 1 0 0 1 0 0 1 0 0 1 0 0 1 0 0 1 0 0 1 0 0 1 0 0 1 0 0 1 0 0 1 0 0 1 0 0 1 0 0 1 0 0 1 0 0 1 0 0 1 0 0 1 0 0 1 0 0 1 0 0 1 0 0 1 0 0 1 0 0 1 0 0 1 0 0 1 0 0 1 0 0 1 0 0 1 0 0 1 0 0 1 0 0 1 0 0 1 0 0 1 0 0 1 0 0 1 0 0 1 0 0 1 0 0 1 0 0 1 0 0 1 0 0 1 0 0 1 0 0 1 0 0 1 0 0 1 0 0 1 0 0 1 0 0 1 0 0 1 0 0 1 0 0 1 0 0 1 0 0 1 0 0 1 0 0 1 0 0 1 0 0 1 0 0 1 0 0 1 0 0 1 0 0 1 0 0 1 0 0 1 0 0 1 0 0 1 0 0 1 0 0 1 0 0 1 0 0 1 0 0 1 0 0 1 0 0 1 0 0 1 0 0 1 0 0 1 0 0 1 0 0 1 0 0 1 0 0 1 0 0 1 0 0 1 0 0 1 0 0 1 0 0 1 0 0 1 0 0 1 0 0 1 0 0 1 0 0 1 0 0 1 0 0 1 0 0 1 0 0 1 0 0 1 0 0 1 0 0 1 0 0 1 0 0 1 0 0 1 0 0 1 0 0 1 0 0 1 0 0 1 0 0 1 0 0 1 0 0 1 0 0 1 0 0 1 0 0 1 0 0 1 0 0 1 0 0 1 0 0 1 0 0 1 0 0 1 0 0 1 0 0 1 0 0 1 0 0 1 0 0 1 0 0 1 0 0 1 0 0 1 0 0 1 0 0 1 0 0 1 0 0 1 0 0 1 0 0 1 0 0 1 0 0 1 0 0 1 0 0 1 0 0 1 0 0 1 0 0 1 0 0 1 0 0 1 0 0 1 0 0 1 0 0 1 0 0 1 0 0 1 0 0 1 0 0 1 0 0 1 0 0 1 0 0 1 0 0 1 0 0 1 0 0 1 0 0 1 0 0 1 0 0 1 0 0 1 0 0 1 0 0 1 0 0 1 0 0 1 0 0 1 0 0 1 0 0 1 0 0 1 0 0 1 0 0 1 0 0 1 0 0 1 0 0 1 0 0 1 0 0 1 0 0 1 0 0 1 0 0 1 0 0 1 0 0 1 0 0 1 0 0 1 0 0 1 0 0 1 0 0 1 0 0 1 0 0 1 0 0 1 0 0 1 0 0 1 0 0 1 0 0 1 0 0 1 0 0 1 0 0 1 0 0 1 0 0 1 0 0 1 0 0 1 0 0 1 0 0 1 0 0 1 0 0 1 0 0 1 0 0 1 0 0 1 0 0 1 0 0 1 0 0 1 0 0 1 0 0 1 0 0 1 0 0 1 0 0 1 0 0 1 0 0 1 0 0 1 0 0 1 0 0 1 0 0 1 0 0 1 0 0 1 0 0 1 0 0 1 0 0 1 0 0 1 0 0 1 0 0 1 0 0 1 0 0 1 0 0 1 0 0 1 0 0 1 0 0 1 0 0 1 0 0 1 0 0 1 0 0 1 0 0 1 0 0 1 0 0 1 0 0 1 0 0 1 0 0 1 0 0 1 0 0 1 0 0 1 0 0 1 0 0 1 0 0 1 0 0 1 0 0 1 0 0 1 0 0 1 0 0 1 0 0 1 0 0 1 0 0 1 0 0 1 0 0 1 0 0 1 0 0 1 0 0 1 0 0 1 0 0 1 0 0 1 0 0 1 0 0 1 0 0 1 0 0 1 0 0 1 0 0 1 0 0 1 0 0 1 0 0 1 0 0 1 0 0 1 0 0 1 0 0 1 0 0 1 0 0 1 0 0 1 0 0 1 0 0 1 0 0 1 0 0 1 0 0 1 0 0 1 0 0 1 0 0 1 0 0 1 0 0 1 0 0 1 0 0 1 0 0 1 0 0 1 0 0 1 0 0 1 0 0 1 0 0 1 0 0 1 0 0 1 0 0 1 0 0 1 0 0 1 0 0 1 0 0 1 0 0 1 0 0 1 0 0 1 0 0 1 0 0 1 0 0 1 0 0 1 0 0 1 0 0 1 0 0 1 0 0 1 0 0 1 0 0 1 0 0 1 0 0 1 0 0 1 0 0 1 0 0 1 0 0 1 0 0 1 0 0 1 0 0 1 0 0 1 0 0 1 0 0 1 0 0 1 0 0 1 0 0 1 0 0 1 0 0 1 0 0 1 0 0 1 0 0 1 0 0 1 0 0 1 0 0 1 0 0 1 0 0 1 0 0 1 0 0 1 0 0 1 0 0 1 0 0 1 0 0 1 0 0 1 0 0 1 0 0 1 0 0 1 0 0 1 0 0 1 0 0 1 0 0 1 0 0 1 0 0 1 0 0 1 0 0 1 0 0 1 0 0 1 0 0 1 0 0 1 0 0 1 0 0 1 0 0 1 0 0 1 0 0 1 0 0 1 0 0 1 0 0 1 0 0 1 0 0 1 0 0 1 0 0 1 0 0 1 0 0 1 0 0 1 0 0 1 0 0 1 0 0 1 0 0 1 0 0 1 0 0 1 0 0 1 0 0 1 0 0 1 0 0 1 0 0 1 0 0 1 0 0 1 0 0 1 0 0 1 0 0 1 0 0 1 0 0 1 0 0 1 0 0 1 0 0 1 0 0 1 0 0 1 0 0 1 0 0 1 0 0 1 0 0 1 0 0 1 0 0 1 0 0 1 0 0 1 0 0 1 0 0 1 0 0 1 0 0 1 0 0 1 0 0 1 0 0 1 0 0 1 0 0 1 0 0 1 0 0 1 0 0 1 0 0 1 0 0 1 0 0 1 0 0 1 0 0 1 0 0 1 0 0 1 0 0 1 0 0 1 0 0 1 0 0 1 0 0 1 0 0 1 0 0 1 0 0 1 0 0 1 0 0 1 0 0 1 0 0 1 0 0 1 0 0 1 0 0 1 0 0 1 0 0 1 0 0 1 0 0 1 0 0 1 0 0 1 0 0 1 0 0 1 0 0 1 0 0 1 0 0 1 0 0 1 0 0 1 0 0 1 0 0 1 0 0 1 0 0 1 0 0 1 0 0 1 0 0 1 0 0 1 0 0 1 0 0 1 0 0 1 0 0 1 0 0 1 0 0 1 0 0 1 0 0 1 0 0 1 0 0 1 0 0 1 0 0 1 0 0 1 0 0 1 0 0 1 0 0 1 0 0 1 0 0 1 0 0 1 0 0 1 0 0 1 0 0 1 0 0 1 0 0 1 0 0 1 0 0 1 0 0 1 0 0 1 0 0 1 0 0 1 0 0 1 0 0 1 0 0 1 0 0 1 0 0 1 0 0 1 0 0 1 0 0 1 0 0 1 0 0 1 0 0 1 0 0 1 0 0 1 0 0 1 0 0 1 0 0 1 0 0 1 0 0 1 0 0 1 0 0 1 0 0 1 0 0 1 0 0 1 0 0 1 0 0 1 0 0 1 0 0 1 0 0 1 0 0 1 0 0 1 0 0 1 0 0 1 0 0 1 0 0 1 0 0 1 0 0 1 0 0 1 0 0 1 0 0 1 0 0 1 0 0 1 0 0 1 0 0 1 0 0 1 0 0 1 0 0 1 0 0 1 0 0 1 0 0 1 0 0 1 0 0 1 0 0 1 0 0 1 0 0 1 0 0 1 0 0 1 0 0 1 0 0 1 0 0 1 0 0 1 0 0 1 0 0 1 0 0 1 0 0 1 0 0 1 0 0 1 0 0 1 0 0 1 0 0 1 0 0 1 0 0 1 0 0 1 0 0 1 0 0 1 0 0 1 0 0 1 0 0 1 0 0 1 0 0 1 0 0 1 0 0 1 0 0 1 0 0 1 0 0 1 0 0 1 0 0 1 0 0 1 0 0 1 0 0 1 0 0 1 0 0 1 0 0 1 0 0 1 0 0 1 0 0 1 0 0 1 0 0 1 0 0 1 0 0 1 0 0 1 0 0 1 0 0 1 0 0 1 0 0 1 0 0 1 0 0 1 0 0 1 0 0 1 0 0 1 0 0 1 0 0 1 0 0 1 0 0 1 0 0 1 0 0 1 0 0 1 0 0 1 0 0 1 0 0 1 0 0 1 0 0 1 0 0 1 0 0 1 0 0 1 0 0 1 0 0 1 0 0 1 0 0 1 0 0 1 0 0 1 0 0 1 0 0 1 0 0 1 0 0 1 0 0 1 0 0 1 0 0 1 0 0 1 0 0 1 0 0 1 0 0 1 0 0 1 0 0 1 0 0 1 0 0 1 0 0 1 0 0 1 0 0 1 0 0 1 0 0 1 0 0 1 0 0 1 0 0 1 0 0 1 0 0 1 0 0 1 0 0 1 0 0 1 0 0 1 0 0 1 0 0 1 0 0 1 0 0 1 0 0 1 0 0 1 0 0 1 0 0 1 0 0 1 0 0 1 0 0 1 0 0 1 0 0 1 0 0 1 0 0 1 0 0 1 0 0 1 0 0 1 0 0 1 0 0 1 0 0 1 0 0 1 0 0 1 0 0 1 0 0 1 0 0 1 0 0 1 0 0 1 0 0 1 0 0 1 0 0 1 0 0 1 0 0 1 0 0 1 0 0 1 0 0 1 0 0 1 0 0 1 0 0 1 0 0 1 0 0 1 0 0 1 0 0 1 0 0 1 0 0 1 0 0 1 0 0 1 0 0 1 0 0 1 0 0 1 0 0 1 0 0 1 0 0 1 0 0 1 0 0 1 0 0 1 0 0 1 0 0 1 0 0 1 0 0 1 0 0 1 0 0 1 0 0 1 0 0 1 0 0 1 0 0 1 0 0 1 0 0 1 0 0 1 0 0 1 0 0 1 0 0 1 0 0 1 0 0 1 0 0 1 0 0 1 0 0 1 0 0 1 0 0 1 0 0 1 0 0 1 0 0 1 0 0 1 0 0 1 0 0 1 0 0 1 0 0 1 0 0 1 0 0 1 0 0 1 0 0 1 0 0 1 0 0 1 0 0 1 0 0 1 0 0 1 0 0 1 0 0 1 0 0 1 0 0 1 0 0 1 0 0 1 0 0 1 0 0 1 0 0 1 0 0 1 0 0 1 0 0 1 0 0 1 0 0 1 0 0 1 0 0 1 0 0 1 0 0 1 0 0 1 0 0 1 0 0 1 0 0 1 0 0 1 0 0 1 0 0 1 0 0 1 0 0 1 0 0 1 0 0 1 0 0 1 0 0 1 0 0 1 0 0 1 0 0 1 0 0 1 0 0 1 0 0 1 0 0 1 0 0 1 0 0 1 0 0 1 0 0 1 0 0 1 0 0 1 0 0 1 0 0 1 0 0 1 0 0 1 0 0 1 0 0 1 0 0 1 0 0 1 0 0 1 0 0 1 0 0 1 0 0 1 0 0 1 0 0 1 0 0 1 0 0 1 0 0 1 0 0 1 0 0 1 0 0 1 0 0 1 0 0 1 0 0 1 0 0 1 0 0 1 0 0 1 0 0 1 0 0 1 0 0 1 0 0 1 0 0 1 0 0 1 0 0 1 0 0 1 0 0 1 0 0 1 0 0 1 0 0 1 0 0 1 0 0 1 0 0 1 0 0 1 0 0 1 0 0 1 0 0 1 0 0 1 0 0 1 0 0 1 0 0 1 0 0 1 0 0 1 0 0 1 0 0 1 0 0 1 0 0 1 0 0 1 0 0 1 0 0 1 0 0 1 0 0 1 0 0 1 0 0 1 0 0 1 0 0 1 0 0 1 0 0 1 0 0 1 0 0 1 0 0 1</float_array>
          <technique_common>
            <accessor source="#Les_translations_de_presentation_ne_sont_PAS_une_implantation_-mesh-normals-array" count="1392" stride="3">
              <param name="X" type="float"/>
              <param name="Y" type="float"/>
              <param name="Z" type="float"/>
            </accessor>
          </technique_common>
        </source>
        <source id="Les_translations_de_presentation_ne_sont_PAS_une_implantation_-mesh-map-0">
          <float_array id="Les_translations_de_presentation_ne_sont_PAS_une_implantation_-mesh-map-0-array" count="8352">0.09090906 0 1 0 0 0 0.1818181 0 1 0 0.09090906 0 0.1818181 0 0.9090909 0 1 0 0.2727273 0 0.9090909 0 0.1818181 0 0.2727273 0 0.8181818 0 0.9090909 0 0.3636364 0 0.8181818 0 0.2727273 0 0.3636364 0 0.7272728 0 0.8181818 0 0.4545454 0 0.7272728 0 0.3636364 0 0.4545454 0 0.6363636 0 0.7272728 0 0.5454546 0 0.6363636 0 0.4545454 0 0.4230769 0 0.3461539 0 0.3846154 0 0.4230769 0 0.3076923 0 0.3461539 0 0.4615384 0 0.8846154 0 0.4230769 0 0.8846154 0 0.3076923 0 0.4230769 0 0.4615384 0 0.8461539 0 0.8846154 0 0.9230769 0 0.3076923 0 0.8846154 0 0.4615384 0 0.8076923 0 0.8461539 0 0.9615384 0 0.3076923 0 0.9230769 0 0.5 0 0.8076923 0 0.4615384 0 0.9615384 0 0.2692308 0 0.3076923 0 0.5 0 0.7692308 0 0.8076923 0 1 0 0.2692308 0 0.9615384 0 0.5 0 1 0 0.7692308 0 0.5 0 0.2692308 0 1 0 0.5384616 0 0.2307692 0 0.5 0 0.2307692 0 0.2692308 0 0.5 0 0.5384616 0 0.1923077 0 0.2307692 0 0.5384616 0 0.1538462 0 0.1923077 0 0.0384615 0 0.7307692 0 0 0 0.5769231 0 0.1538462 0 0.5384616 0 0.07692307 0 0.7307692 0 0.0384615 0 0.5769231 0 0.1153846 0 0.1538462 0 0.1153846 0 0.7307692 0 0.07692307 0 0.5769231 0 0.7307692 0 0.1153846 0 0.5769231 0 0.6923077 0 0.7307692 0 0.6153846 0 0.6923077 0 0.5769231 0 0.6153846 0 0.6538462 0 0.6923077 0 0.04761904 0 1 0 0 0 0.04761904 0 0.952381 0 1 0 0.04761904 0 0.9047619 0 0.952381 0 0.09523808 0 0.9047619 0 0.04761904 0 0.1428571 0 0.9047619 0 0.09523808 0 0.1904762 0 0.8571429 0 0.1428571 0 0.8571429 0 0.9047619 0 0.1428571 0 0.1904762 0 0.8095238 0 0.8571429 0 0.1904762 0 0.7619048 0 0.8095238 0 0.2380952 0 0.7619048 0 0.1904762 0 0.5714286 0 0.4761905 0 0.5238096 0 0.2380952 0 0.7142857 0 0.7619048 0 0.6190477 0 0.4761905 0 0.5714286 0 0.2380952 0 0.6666667 0 0.7142857 0 0.6666667 0 0.4761905 0 0.6190477 0 0.2380952 0 0.4761905 0 0.6666667 0 0.2857143 0 0.4761905 0 0.2380952 0 0.2857143 0 0.4285714 0 0.4761905 0 0.3333333 0 0.4285714 0 0.2857143 0 0.3333333 0 0.3809524 0 0.4285714 0 0.9333333 0 0.8 0 0.8666667 0 0.9333333 0 1 0 0.8 0 0.2666667 0 0.1333333 0 0.2 0 0.3333333 0 0.1333333 0 0.2666667 0 0.3333333 0 0.06666666 0 0.1333333 0 0.4 0 0.06666666 0 0.3333333 0 0.4 0 0 0 0.06666666 0 0.4666666 0 0 0 0.4 0 0.4666666 0 0.7333334 0 0 0 0.5333334 0 0.7333334 0 0.4666666 0 0.5333334 0 0.6666667 0 0.7333334 0 0.5333334 0 0.6 0 0.6666667 0 0.1176471 0 0.05882352 0 0.08823525 0 0.1176471 0 0.02941173 0 0.05882352 0 0.1470588 0 0.02941173 0 0.1176471 0 0.1470588 0 0 0 0.02941173 0 0.1470588 0 0.9411765 0 0 0 0.9411765 0 0.9705882 0 0 0 0.9705882 0 1 0 0 0 0.1764706 0 0.882353 0 0.1470588 0 0.882353 0 0.9117647 0 0.1470588 0 0.9117647 0 0.9411765 0 0.1470588 0 0.1764706 0 0.8529412 0 0.882353 0 0.1764706 0 0.8235294 0 0.8529412 0 0.1764706 0 0.7941176 0 0.8235294 0 0.2058823 0 0.7941176 0 0.1764706 0 0.2058823 0 0.7647059 0 0.7941176 0 0.2058823 0 0.7352941 0 0.7647059 0 0.2058823 0 0.7058824 0 0.7352941 0 0.2352941 0 0.7058824 0 0.2058823 0 0.2352941 0 0.6764706 0 0.7058824 0 0.2647059 0 0.6764706 0 0.2352941 0 0.2647059 0 0.6470589 0 0.6764706 0 0.4705882 0 0.4117647 0 0.4411765 0 0.2647059 0 0.6176471 0 0.6470589 0 0.2941176 0 0.6176471 0 0.2647059 0 0.4705882 0 0.382353 0 0.4117647 0 0.3235294 0 0.6176471 0 0.2941176 0 0.3529412 0 0.6176471 0 0.3235294 0 0.4705882 0 0.3529412 0 0.382353 0 0.4705882 0 0.6176471 0 0.3529412 0 0.4705882 0 0.5882353 0 0.6176471 0 0.5 0 0.5882353 0 0.4705882 0 0.5294118 0 0.5882353 0 0.5 0 0.5294118 0 0.5588235 0 0.5882353 0 0.6315789 0 0.5263158 0 0.5789474 0 0.6315789 0 0.4736842 0 0.5263158 0 0.1578947 0 0.05263155 0 0.1052631 0 0.1578947 0 0 0 0.05263155 0 0.6842105 0 0.4736842 0 0.6315789 0 0.6842105 0 0.4210526 0 0.4736842 0 0.2105263 0 0 0 0.1578947 0 0.6842105 0 0.368421 0 0.4210526 0 0.2631579 0 0.9473685 0 0.2105263 0 0.9473685 0 0 0 0.2105263 0 0.6842105 0 0.3157895 0 0.368421 0 0.7368421 0 0.3157895 0 0.6842105 0 0.3157895 0 0.9473685 0 0.2631579 0 0.7368421 0 0.9473685 0 0.3157895 0 0.7368421 0 0.8947368 0 0.9473685 0 1 0 0 0 0.9473685 0 0.7368421 0 0.8421053 0 0.8947368 0 0.7894737 0 0.8421053 0 0.7368421 0 0.0869565 0 0 0 0.04347825 0 0.0869565 0 0.5217391 0 0 0 0.2608696 0 0.173913 0 0.2173913 0 0.2608696 0 0.1304348 0 0.173913 0 0.2608696 0 0.0869565 0 0.1304348 0 0.2608696 0 0.9565218 0 0.0869565 0 0.9565218 0 1 0 0.0869565 0 1 0 0.5217391 0 0.0869565 0 0.3043478 0 0.8695652 0 0.2608696 0 0.8695652 0 0.9130435 0 0.2608696 0 0.9130435 0 0.9565218 0 0.2608696 0 0.3043478 0 0.8260869 0 0.8695652 0 0.5652174 0 0.5217391 0 1 0 0.3043478 0 0.7826087 0 0.8260869 0 0.3478261 0 0.7826087 0 0.3043478 0 0.3478261 0 0.7391304 0 0.7826087 0 0.3913043 0 0.7391304 0 0.3478261 0 0.3913043 0 0.6956522 0 0.7391304 0 0.3913043 0 0.6521739 0 0.6956522 0 0.4347826 0 0.6521739 0 0.3913043 0 0.4347826 0 0.6086956 0 0.6521739 0 0.4347826 0 0.5652174 0 0.6086956 0 0.4347826 0 0.5217391 0 0.5652174 0 0.4782609 0 0.5217391 0 0.4347826 0 0.85 0 0.75 0 0.8 0 0.9 0 0.75 0 0.85 0 0.1 0 0 0 0.04999995 0 0.1 0 1 0 0 0 0.9 0 0.7 0 0.75 0 0.95 0 0.35 0 0.9 0 0.35 0 0.7 0 0.9 0 0.1 0 0.95 0 1 0 0.1 0 0.2 0 0.95 0 0.2 0 0.25 0 0.95 0 0.25 0 0.3 0 0.95 0 0.3 0 0.35 0 0.95 0 0.4 0 0.7 0 0.35 0 0.4 0 0.65 0 0.7 0 0.45 0 0.65 0 0.4 0 0.5 0 0.65 0 0.45 0 0.1 0 0.15 0 0.2 0 0.55 0 0.65 0 0.5 0 0.55 0 0.6 0 0.65 0 0.04347825 0 0.4782609 0 0 0 0.04347825 0 0.4347826 0 0.4782609 0 0.0869565 0 0.5217391 0 0.04347825 0 0.5217391 0 0.4347826 0 0.04347825 0 0.0869565 0 1 0 0.5217391 0 0.5652174 0 0.4347826 0 0.5217391 0 0.0869565 0 0.9565218 0 1 0 0.6086956 0 0.4347826 0 0.5652174 0 0.6086956 0 0.3913043 0 0.4347826 0 0.1304348 0 0.9565218 0 0.0869565 0 0.1304348 0 0.9130435 0 0.9565218 0 0.6521739 0 0.3913043 0 0.6086956 0 0.173913 0 0.9130435 0 0.1304348 0 0.173913 0 0.8695652 0 0.9130435 0 0.6521739 0 0.3478261 0 0.3913043 0 0.6956522 0 0.3478261 0 0.6521739 0 0.173913 0 0.8260869 0 0.8695652 0 0.7391304 0 0.3478261 0 0.6956522 0 0.2173913 0 0.8260869 0 0.173913 0 0.7391304 0 0.3043478 0 0.3478261 0 0.2173913 0 0.7826087 0 0.8260869 0 0.7826087 0 0.3043478 0 0.7391304 0 0.2173913 0 0.3043478 0 0.7826087 0 0.2608696 0 0.3043478 0 0.2173913 0 0.9333333 0 0.8 0 0.8666667 0 0.9333333 0 1 0 0.8 0 0.2666667 0 0.1333333 0 0.2 0 0.3333333 0 0.1333333 0 0.2666667 0 0.3333333 0 0.06666666 0 0.1333333 0 0.4 0 0.06666666 0 0.3333333 0 0.4 0 0 0 0.06666666 0 0.4666666 0 0 0 0.4 0 0.4666666 0 0.7333334 0 0 0 0.5333334 0 0.7333334 0 0.4666666 0 0.5333334 0 0.6666667 0 0.7333334 0 0.5333334 0 0.6 0 0.6666667 0 0.04761904 0 1 0 0 0 0.04761904 0 0.952381 0 1 0 0.04761904 0 0.9047619 0 0.952381 0 0.09523808 0 0.9047619 0 0.04761904 0 0.1428571 0 0.9047619 0 0.09523808 0 0.1904762 0 0.8571429 0 0.1428571 0 0.8571429 0 0.9047619 0 0.1428571 0 0.1904762 0 0.8095238 0 0.8571429 0 0.1904762 0 0.7619048 0 0.8095238 0 0.2380952 0 0.7619048 0 0.1904762 0 0.5714286 0 0.4761905 0 0.5238096 0 0.2380952 0 0.7142857 0 0.7619048 0 0.6190477 0 0.4761905 0 0.5714286 0 0.2380952 0 0.6666667 0 0.7142857 0 0.6666667 0 0.4761905 0 0.6190477 0 0.2380952 0 0.4761905 0 0.6666667 0 0.2857143 0 0.4761905 0 0.2380952 0 0.2857143 0 0.4285714 0 0.4761905 0 0.3333333 0 0.4285714 0 0.2857143 0 0.3333333 0 0.3809524 0 0.4285714 0 0.2340425 0 0.1914893 0 0.2127659 0 0.2553191 0 0.1914893 0 0.2340425 0 0.2553191 0 0.1702128 0 0.1914893 0 0.2765957 0 0.1702128 0 0.2553191 0 0.2978723 0 0.3191489 0 0.2765957 0 0.3191489 0 0.3404255 0 0.2765957 0 0.3404255 0 0.3617021 0 0.2765957 0 0.3617021 0 0.1702128 0 0.2765957 0 0.3617021 0 0.3829787 0 0.1702128 0 0.3829787 0 0.1489362 0 0.1702128 0 0.4042553 0 0.1489362 0 0.3829787 0 0.4255319 0 0.1489362 0 0.4042553 0 0.4255319 0 0.1276596 0 0.1489362 0 0.4468085 0 0.1276596 0 0.4255319 0 0.4680851 0 1 0 0.4468085 0 1 0 0.1276596 0 0.4468085 0 0.4893617 0 1 0 0.4680851 0 0.4893617 0 0.9787234 0 1 0 0.8085107 0 0.1276596 0 1 0 0.5106383 0 0.9787234 0 0.4893617 0 0.5106383 0 0.9574468 0 0.9787234 0 0.5319149 0 0.9574468 0 0.5106383 0 0.5319149 0 0.9361702 0 0.9574468 0 0.5319149 0 0.9148936 0 0.9361702 0 0.5531915 0 0.9148936 0 0.5319149 0 0.8297873 0 0.1276596 0 0.8085107 0 0.5531915 0 0.893617 0 0.9148936 0 0.02127659 0 0.7872341 0 0 0 0.8297873 0 0.106383 0 0.1276596 0 0.8510639 0 0.106383 0 0.8297873 0 0.04255318 0 0.7872341 0 0.02127659 0 0.8510639 0 0.08510637 0 0.106383 0 0.5531915 0 0.8723405 0 0.893617 0 0.06382977 0 0.7872341 0 0.04255318 0 0.8723405 0 0.08510637 0 0.8510639 0 0.8723405 0 0.06382977 0 0.08510637 0 0.8723405 0 0.7872341 0 0.06382977 0 0.5531915 0 0.6595745 0 0.8723405 0 0.6595745 0 0.7872341 0 0.8723405 0 0.5744681 0 0.6595745 0 0.5531915 0 0.5744681 0 0.6382979 0 0.6595745 0 0.6808511 0 0.7872341 0 0.6595745 0 0.6808511 0 0.7659575 0 0.7872341 0 0.5744681 0 0.6170213 0 0.6382979 0 0.7021276 0 0.7659575 0 0.6808511 0 0.5957447 0 0.6170213 0 0.5744681 0 0.7021276 0 0.7446808 0 0.7659575 0 0.7234042 0 0.7446808 0 0.7021276 0 0.04761904 0 1 0 0 0 0.04761904 0 0.952381 0 1 0 0.04761904 0 0.9047619 0 0.952381 0 0.09523808 0 0.9047619 0 0.04761904 0 0.1428571 0 0.9047619 0 0.09523808 0 0.1904762 0 0.8571429 0 0.1428571 0 0.8571429 0 0.9047619 0 0.1428571 0 0.1904762 0 0.8095238 0 0.8571429 0 0.1904762 0 0.7619048 0 0.8095238 0 0.2380952 0 0.7619048 0 0.1904762 0 0.5714286 0 0.4761905 0 0.5238096 0 0.2380952 0 0.7142857 0 0.7619048 0 0.6190477 0 0.4761905 0 0.5714286 0 0.2380952 0 0.6666667 0 0.7142857 0 0.6666667 0 0.4761905 0 0.6190477 0 0.2380952 0 0.4761905 0 0.6666667 0 0.2857143 0 0.4761905 0 0.2380952 0 0.2857143 0 0.4285714 0 0.4761905 0 0.3333333 0 0.4285714 0 0.2857143 0 0.3333333 0 0.3809524 0 0.4285714 0 0.85 0 0.75 0 0.8 0 0.9 0 0.75 0 0.85 0 0.1 0 0 0 0.04999995 0 0.1 0 1 0 0 0 0.9 0 0.7 0 0.75 0 0.95 0 0.35 0 0.9 0 0.35 0 0.7 0 0.9 0 0.1 0 0.95 0 1 0 0.1 0 0.2 0 0.95 0 0.2 0 0.25 0 0.95 0 0.25 0 0.3 0 0.95 0 0.3 0 0.35 0 0.95 0 0.4 0 0.7 0 0.35 0 0.4 0 0.65 0 0.7 0 0.45 0 0.65 0 0.4 0 0.5 0 0.65 0 0.45 0 0.1 0 0.15 0 0.2 0 0.55 0 0.65 0 0.5 0 0.55 0 0.6 0 0.65 0 0.2340425 0 0.1914893 0 0.2127659 0 0.2553191 0 0.1914893 0 0.2340425 0 0.2553191 0 0.1702128 0 0.1914893 0 0.2765957 0 0.1702128 0 0.2553191 0 0.2978723 0 0.3191489 0 0.2765957 0 0.3191489 0 0.3404255 0 0.2765957 0 0.3404255 0 0.3617021 0 0.2765957 0 0.3617021 0 0.1702128 0 0.2765957 0 0.3617021 0 0.3829787 0 0.1702128 0 0.3829787 0 0.1489362 0 0.1702128 0 0.4042553 0 0.1489362 0 0.3829787 0 0.4255319 0 0.1489362 0 0.4042553 0 0.4255319 0 0.1276596 0 0.1489362 0 0.4468085 0 0.1276596 0 0.4255319 0 0.4680851 0 1 0 0.4468085 0 1 0 0.1276596 0 0.4468085 0 0.4893617 0 1 0 0.4680851 0 0.4893617 0 0.9787234 0 1 0 0.8085107 0 0.1276596 0 1 0 0.5106383 0 0.9787234 0 0.4893617 0 0.5106383 0 0.9574468 0 0.9787234 0 0.5319149 0 0.9574468 0 0.5106383 0 0.5319149 0 0.9361702 0 0.9574468 0 0.5319149 0 0.9148936 0 0.9361702 0 0.5531915 0 0.9148936 0 0.5319149 0 0.8297873 0 0.1276596 0 0.8085107 0 0.5531915 0 0.893617 0 0.9148936 0 0.02127659 0 0.7872341 0 0 0 0.8297873 0 0.106383 0 0.1276596 0 0.8510639 0 0.106383 0 0.8297873 0 0.04255318 0 0.7872341 0 0.02127659 0 0.8510639 0 0.08510637 0 0.106383 0 0.5531915 0 0.8723405 0 0.893617 0 0.06382977 0 0.7872341 0 0.04255318 0 0.8723405 0 0.08510637 0 0.8510639 0 0.8723405 0 0.06382977 0 0.08510637 0 0.8723405 0 0.7872341 0 0.06382977 0 0.5531915 0 0.6595745 0 0.8723405 0 0.6595745 0 0.7872341 0 0.8723405 0 0.5744681 0 0.6595745 0 0.5531915 0 0.5744681 0 0.6382979 0 0.6595745 0 0.6808511 0 0.7872341 0 0.6595745 0 0.6808511 0 0.7659575 0 0.7872341 0 0.5744681 0 0.6170213 0 0.6382979 0 0.7021276 0 0.7659575 0 0.6808511 0 0.5957447 0 0.6170213 0 0.5744681 0 0.7021276 0 0.7446808 0 0.7659575 0 0.7234042 0 0.7446808 0 0.7021276 0 0.6666667 0 0 0 0.3333333 0 0.6666667 0 1 0 0 0 0.4782609 0 0.5652174 0 0.4347826 0 0.5652174 0 0.3913043 0 0.4347826 0 0.5652174 0 0.3478261 0 0.3913043 0 0.5652174 0 0.6086956 0 0.3478261 0 0.6086956 0 0.3043478 0 0.3478261 0 0.4782609 0 1 0 0.5652174 0 0.6521739 0 0.3043478 0 0.6086956 0 0.6956522 0 0.3043478 0 0.6521739 0 0.6956522 0 0.2608696 0 0.3043478 0 0.7391304 0 0.2608696 0 0.6956522 0 0.7826087 0 0.2608696 0 0.7391304 0 0.7826087 0 0.2173913 0 0.2608696 0 0.8260869 0 0.2173913 0 0.7826087 0 0.8260869 0 0.173913 0 0.2173913 0 0.4782609 0 0 0 1 0 0 0 0.9565218 0 1 0 0.8695652 0 0.173913 0 0.8260869 0 0 0 0.9130435 0 0.9565218 0 0 0 0.8695652 0 0.9130435 0 0 0 0.173913 0 0.8695652 0 0 0 0.1304348 0 0.173913 0 0.4782609 0 0.5217391 0 0 0 0.04347825 0 0.1304348 0 0 0 0.0869565 0 0.1304348 0 0.04347825 0 0.9117647 0 0.8529412 0 0.882353 0 0.7352941 0 0.6764706 0 0.7058824 0 0.9411765 0 0.8529412 0 0.9117647 0 0.02941173 0 1 0 0 0 0.02941173 0 0.9705882 0 1 0 0.9411765 0 0.8235294 0 0.8529412 0 0.7647059 0 0.6764706 0 0.7352941 0 0.7647059 0 0.6470589 0 0.6764706 0 0.9705882 0 0.8235294 0 0.9411765 0 0.9705882 0 0.7941176 0 0.8235294 0 0.7941176 0 0.4411765 0 0.7647059 0 0.4411765 0 0.6470589 0 0.7647059 0 0.02941173 0 0.08823525 0 0.9705882 0 0.08823525 0 0.1176471 0 0.9705882 0 0.1176471 0 0.1470588 0 0.9705882 0 0.1470588 0 0.1764706 0 0.9705882 0 0.1764706 0 0.7941176 0 0.9705882 0 0.2058823 0 0.7941176 0 0.1764706 0 0.7941176 0 0.4117647 0 0.4411765 0 0.4705882 0 0.6470589 0 0.4411765 0 0.2058823 0 0.4117647 0 0.7941176 0 0.2058823 0 0.382353 0 0.4117647 0 0.4705882 0 0.6176471 0 0.6470589 0 0.2352941 0 0.382353 0 0.2058823 0 0.5 0 0.6176471 0 0.4705882 0 0.2352941 0 0.3529412 0 0.382353 0 0.2647059 0 0.3529412 0 0.2352941 0 0.5294118 0 0.6176471 0 0.5 0 0.02941173 0 0.05882352 0 0.08823525 0 0.2647059 0 0.3235294 0 0.3529412 0 0.5294118 0 0.5882353 0 0.6176471 0 0.2941176 0 0.3235294 0 0.2647059 0 0.5588235 0 0.5882353 0 0.5294118 0 0.9333333 0 0.8 0 0.8666667 0 0.9333333 0 1 0 0.8 0 0.2666667 0 0.1333333 0 0.2 0 0.3333333 0 0.1333333 0 0.2666667 0 0.3333333 0 0.06666666 0 0.1333333 0 0.4 0 0.06666666 0 0.3333333 0 0.4 0 0 0 0.06666666 0 0.4666666 0 0 0 0.4 0 0.4666666 0 0.7333334 0 0 0 0.5333334 0 0.7333334 0 0.4666666 0 0.5333334 0 0.6666667 0 0.7333334 0 0.5333334 0 0.6 0 0.6666667 0 0.4230769 0 0.3461539 0 0.3846154 0 0.4230769 0 0.3076923 0 0.3461539 0 0.4615384 0 0.8846154 0 0.4230769 0 0.8846154 0 0.3076923 0 0.4230769 0 0.4615384 0 0.8461539 0 0.8846154 0 0.9230769 0 0.3076923 0 0.8846154 0 0.4615384 0 0.8076923 0 0.8461539 0 0.9615384 0 0.3076923 0 0.9230769 0 0.5 0 0.8076923 0 0.4615384 0 0.9615384 0 0.2692308 0 0.3076923 0 0.5 0 0.7692308 0 0.8076923 0 1 0 0.2692308 0 0.9615384 0 0.5 0 1 0 0.7692308 0 0.5 0 0.2692308 0 1 0 0.5384616 0 0.2307692 0 0.5 0 0.2307692 0 0.2692308 0 0.5 0 0.5384616 0 0.1923077 0 0.2307692 0 0.5384616 0 0.1538462 0 0.1923077 0 0.0384615 0 0.7307692 0 0 0 0.5769231 0 0.1538462 0 0.5384616 0 0.07692307 0 0.7307692 0 0.0384615 0 0.5769231 0 0.1153846 0 0.1538462 0 0.1153846 0 0.7307692 0 0.07692307 0 0.5769231 0 0.7307692 0 0.1153846 0 0.5769231 0 0.6923077 0 0.7307692 0 0.6153846 0 0.6923077 0 0.5769231 0 0.6153846 0 0.6538462 0 0.6923077 0 0.85 0 0.75 0 0.8 0 0.9 0 0.75 0 0.85 0 0.1 0 0 0 0.04999995 0 0.1 0 1 0 0 0 0.9 0 0.7 0 0.75 0 0.95 0 0.35 0 0.9 0 0.35 0 0.7 0 0.9 0 0.1 0 0.95 0 1 0 0.1 0 0.2 0 0.95 0 0.2 0 0.25 0 0.95 0 0.25 0 0.3 0 0.95 0 0.3 0 0.35 0 0.95 0 0.4 0 0.7 0 0.35 0 0.4 0 0.65 0 0.7 0 0.45 0 0.65 0 0.4 0 0.5 0 0.65 0 0.45 0 0.1 0 0.15 0 0.2 0 0.55 0 0.65 0 0.5 0 0.55 0 0.6 0 0.65 0 0.6315789 0 0.5263158 0 0.5789474 0 0.6315789 0 0.4736842 0 0.5263158 0 0.1578947 0 0.05263155 0 0.1052631 0 0.1578947 0 0 0 0.05263155 0 0.6842105 0 0.4736842 0 0.6315789 0 0.6842105 0 0.4210526 0 0.4736842 0 0.2105263 0 0 0 0.1578947 0 0.6842105 0 0.368421 0 0.4210526 0 0.2631579 0 0.9473685 0 0.2105263 0 0.9473685 0 0 0 0.2105263 0 0.6842105 0 0.3157895 0 0.368421 0 0.7368421 0 0.3157895 0 0.6842105 0 0.3157895 0 0.9473685 0 0.2631579 0 0.7368421 0 0.9473685 0 0.3157895 0 0.7368421 0 0.8947368 0 0.9473685 0 1 0 0 0 0.9473685 0 0.7368421 0 0.8421053 0 0.8947368 0 0.7894737 0 0.8421053 0 0.7368421 0 0.1290322 0 0.06451612 0 0.09677416 0 0.1290322 0 0.03225803 0 0.06451612 0 0.1290322 0 0 0 0.03225803 0 0.1612903 0 0 0 0.1290322 0 0.1612903 0 0.9032258 0 0 0 0.9032258 0 0.9354839 0 0 0 0.9354839 0 0.9677419 0 0 0 0.9677419 0 1 0 0 0 0.1935483 0 0.8709678 0 0.1612903 0 0.8709678 0 0.9032258 0 0.1612903 0 0.1935483 0 0.8387097 0 0.8709678 0 0.1935483 0 0.8064516 0 0.8387097 0 0.1935483 0 0.7741935 0 0.8064516 0 0.2258064 0 0.7741935 0 0.1935483 0 0.2258064 0 0.7419355 0 0.7741935 0 0.2580645 0 0.7419355 0 0.2258064 0 0.2580645 0 0.7096774 0 0.7419355 0 0.2903226 0 0.7096774 0 0.2580645 0 0.516129 0 0.4516129 0 0.4838709 0 0.2903226 0 0.6774194 0 0.7096774 0 0.3225806 0 0.6774194 0 0.2903226 0 0.3548387 0 0.6774194 0 0.3225806 0 0.516129 0 0.4193548 0 0.4516129 0 0.3870968 0 0.6774194 0 0.3548387 0 0.516129 0 0.3870968 0 0.4193548 0 0.3870968 0 0.6451613 0 0.6774194 0 0.516129 0 0.6451613 0 0.3870968 0 0.5483871 0 0.6451613 0 0.516129 0 0.5806452 0 0.6451613 0 0.5483871 0 0.5806452 0 0.6129032 0 0.6451613 0 0.2 0 0 0 0.1 0 0.2 0 0.8 0 0 0 0.8 0 0.7 0 0 0 0.2 0 1 0 0.8 0 0.9 0 0.7 0 0.8 0 0.2 0 0.4 0 1 0 0.4 0 0.9 0 1 0 0.4 0 0.5 0 0.9 0 0.5 0 0.7 0 0.9 0 0.2 0 0.3 0 0.4 0 0.6 0 0.7 0 0.5 0 0.05263155 0 0.5789474 0 0 0 0.5789474 0 0.5263158 0 0 0 0.5789474 0 0.4736842 0 0.5263158 0 0.5789474 0 0.6315789 0 0.4736842 0 0.6315789 0 0.4210526 0 0.4736842 0 0.05263155 0 1 0 0.5789474 0 0.6842105 0 0.4210526 0 0.6315789 0 0.6842105 0 0.368421 0 0.4210526 0 0.7368421 0 0.368421 0 0.6842105 0 0.7894737 0 0.368421 0 0.7368421 0 0.8421053 0 0.368421 0 0.7894737 0 0.8421053 0 0.3157895 0 0.368421 0 0.8947368 0 0.3157895 0 0.8421053 0 0.9473685 0 0.3157895 0 0.8947368 0 0.9473685 0 0.2631579 0 0.3157895 0 0.05263155 0 0.1578947 0 1 0 0.1578947 0 0.9473685 0 1 0 0.1578947 0 0.2631579 0 0.9473685 0 0.1578947 0 0.2105263 0 0.2631579 0 0.05263155 0 0.1052631 0 0.1578947 0 0.04761904 0 1 0 0 0 0.04761904 0 0.952381 0 1 0 0.04761904 0 0.9047619 0 0.952381 0 0.09523808 0 0.9047619 0 0.04761904 0 0.1428571 0 0.9047619 0 0.09523808 0 0.1904762 0 0.8571429 0 0.1428571 0 0.8571429 0 0.9047619 0 0.1428571 0 0.1904762 0 0.8095238 0 0.8571429 0 0.1904762 0 0.7619048 0 0.8095238 0 0.2380952 0 0.7619048 0 0.1904762 0 0.5714286 0 0.4761905 0 0.5238096 0 0.2380952 0 0.7142857 0 0.7619048 0 0.6190477 0 0.4761905 0 0.5714286 0 0.2380952 0 0.6666667 0 0.7142857 0 0.6666667 0 0.4761905 0 0.6190477 0 0.2380952 0 0.4761905 0 0.6666667 0 0.2857143 0 0.4761905 0 0.2380952 0 0.2857143 0 0.4285714 0 0.4761905 0 0.3333333 0 0.4285714 0 0.2857143 0 0.3333333 0 0.3809524 0 0.4285714 0 0.85 0 0.75 0 0.8 0 0.9 0 0.75 0 0.85 0 0.1 0 0 0 0.04999995 0 0.1 0 1 0 0 0 0.9 0 0.7 0 0.75 0 0.95 0 0.35 0 0.9 0 0.35 0 0.7 0 0.9 0 0.1 0 0.95 0 1 0 0.1 0 0.2 0 0.95 0 0.2 0 0.25 0 0.95 0 0.25 0 0.3 0 0.95 0 0.3 0 0.35 0 0.95 0 0.4 0 0.7 0 0.35 0 0.4 0 0.65 0 0.7 0 0.45 0 0.65 0 0.4 0 0.5 0 0.65 0 0.45 0 0.1 0 0.15 0 0.2 0 0.55 0 0.65 0 0.5 0 0.55 0 0.6 0 0.65 0 0.04347825 0 0.4782609 0 0 0 0.04347825 0 0.4347826 0 0.4782609 0 0.0869565 0 0.5217391 0 0.04347825 0 0.5217391 0 0.4347826 0 0.04347825 0 0.0869565 0 1 0 0.5217391 0 0.5652174 0 0.4347826 0 0.5217391 0 0.0869565 0 0.9565218 0 1 0 0.6086956 0 0.4347826 0 0.5652174 0 0.6086956 0 0.3913043 0 0.4347826 0 0.1304348 0 0.9565218 0 0.0869565 0 0.1304348 0 0.9130435 0 0.9565218 0 0.6521739 0 0.3913043 0 0.6086956 0 0.173913 0 0.9130435 0 0.1304348 0 0.173913 0 0.8695652 0 0.9130435 0 0.6521739 0 0.3478261 0 0.3913043 0 0.6956522 0 0.3478261 0 0.6521739 0 0.173913 0 0.8260869 0 0.8695652 0 0.7391304 0 0.3478261 0 0.6956522 0 0.2173913 0 0.8260869 0 0.173913 0 0.7391304 0 0.3043478 0 0.3478261 0 0.2173913 0 0.7826087 0 0.8260869 0 0.7826087 0 0.3043478 0 0.7391304 0 0.2173913 0 0.3043478 0 0.7826087 0 0.2608696 0 0.3043478 0 0.2173913 0 0.1176471 0 0.05882352 0 0.08823525 0 0.1176471 0 0.02941173 0 0.05882352 0 0.1470588 0 0.02941173 0 0.1176471 0 0.1470588 0 0 0 0.02941173 0 0.1470588 0 0.9411765 0 0 0 0.9411765 0 0.9705882 0 0 0 0.9705882 0 1 0 0 0 0.1764706 0 0.882353 0 0.1470588 0 0.882353 0 0.9117647 0 0.1470588 0 0.9117647 0 0.9411765 0 0.1470588 0 0.1764706 0 0.8529412 0 0.882353 0 0.1764706 0 0.8235294 0 0.8529412 0 0.1764706 0 0.7941176 0 0.8235294 0 0.2058823 0 0.7941176 0 0.1764706 0 0.2058823 0 0.7647059 0 0.7941176 0 0.2058823 0 0.7352941 0 0.7647059 0 0.2058823 0 0.7058824 0 0.7352941 0 0.2352941 0 0.7058824 0 0.2058823 0 0.2352941 0 0.6764706 0 0.7058824 0 0.2647059 0 0.6764706 0 0.2352941 0 0.2647059 0 0.6470589 0 0.6764706 0 0.4705882 0 0.4117647 0 0.4411765 0 0.2647059 0 0.6176471 0 0.6470589 0 0.2941176 0 0.6176471 0 0.2647059 0 0.4705882 0 0.382353 0 0.4117647 0 0.3235294 0 0.6176471 0 0.2941176 0 0.3529412 0 0.6176471 0 0.3235294 0 0.4705882 0 0.3529412 0 0.382353 0 0.4705882 0 0.6176471 0 0.3529412 0 0.4705882 0 0.5882353 0 0.6176471 0 0.5 0 0.5882353 0 0.4705882 0 0.5294118 0 0.5882353 0 0.5 0 0.5294118 0 0.5588235 0 0.5882353 0 0.4230769 0 0.3461539 0 0.3846154 0 0.4230769 0 0.3076923 0 0.3461539 0 0.4615384 0 0.8846154 0 0.4230769 0 0.8846154 0 0.3076923 0 0.4230769 0 0.4615384 0 0.8461539 0 0.8846154 0 0.9230769 0 0.3076923 0 0.8846154 0 0.4615384 0 0.8076923 0 0.8461539 0 0.9615384 0 0.3076923 0 0.9230769 0 0.5 0 0.8076923 0 0.4615384 0 0.9615384 0 0.2692308 0 0.3076923 0 0.5 0 0.7692308 0 0.8076923 0 1 0 0.2692308 0 0.9615384 0 0.5 0 1 0 0.7692308 0 0.5 0 0.2692308 0 1 0 0.5384616 0 0.2307692 0 0.5 0 0.2307692 0 0.2692308 0 0.5 0 0.5384616 0 0.1923077 0 0.2307692 0 0.5384616 0 0.1538462 0 0.1923077 0 0.0384615 0 0.7307692 0 0 0 0.5769231 0 0.1538462 0 0.5384616 0 0.07692307 0 0.7307692 0 0.0384615 0 0.5769231 0 0.1153846 0 0.1538462 0 0.1153846 0 0.7307692 0 0.07692307 0 0.5769231 0 0.7307692 0 0.1153846 0 0.5769231 0 0.6923077 0 0.7307692 0 0.6153846 0 0.6923077 0 0.5769231 0 0.6153846 0 0.6538462 0 0.6923077 0 0.85 0 0.75 0 0.8 0 0.9 0 0.75 0 0.85 0 0.1 0 0 0 0.04999995 0 0.1 0 1 0 0 0 0.9 0 0.7 0 0.75 0 0.95 0 0.35 0 0.9 0 0.35 0 0.7 0 0.9 0 0.1 0 0.95 0 1 0 0.1 0 0.2 0 0.95 0 0.2 0 0.25 0 0.95 0 0.25 0 0.3 0 0.95 0 0.3 0 0.35 0 0.95 0 0.4 0 0.7 0 0.35 0 0.4 0 0.65 0 0.7 0 0.45 0 0.65 0 0.4 0 0.5 0 0.65 0 0.45 0 0.1 0 0.15 0 0.2 0 0.55 0 0.65 0 0.5 0 0.55 0 0.6 0 0.65 0 0.85 0 0.75 0 0.8 0 0.9 0 0.75 0 0.85 0 0.1 0 0 0 0.04999995 0 0.1 0 1 0 0 0 0.9 0 0.7 0 0.75 0 0.95 0 0.35 0 0.9 0 0.35 0 0.7 0 0.9 0 0.1 0 0.95 0 1 0 0.1 0 0.2 0 0.95 0 0.2 0 0.25 0 0.95 0 0.25 0 0.3 0 0.95 0 0.3 0 0.35 0 0.95 0 0.4 0 0.7 0 0.35 0 0.4 0 0.65 0 0.7 0 0.45 0 0.65 0 0.4 0 0.5 0 0.65 0 0.45 0 0.1 0 0.15 0 0.2 0 0.55 0 0.65 0 0.5 0 0.55 0 0.6 0 0.65 0 0.04347825 0 0.4782609 0 0 0 0.04347825 0 0.4347826 0 0.4782609 0 0.0869565 0 0.5217391 0 0.04347825 0 0.5217391 0 0.4347826 0 0.04347825 0 0.0869565 0 1 0 0.5217391 0 0.5652174 0 0.4347826 0 0.5217391 0 0.0869565 0 0.9565218 0 1 0 0.6086956 0 0.4347826 0 0.5652174 0 0.6086956 0 0.3913043 0 0.4347826 0 0.1304348 0 0.9565218 0 0.0869565 0 0.1304348 0 0.9130435 0 0.9565218 0 0.6521739 0 0.3913043 0 0.6086956 0 0.173913 0 0.9130435 0 0.1304348 0 0.173913 0 0.8695652 0 0.9130435 0 0.6521739 0 0.3478261 0 0.3913043 0 0.6956522 0 0.3478261 0 0.6521739 0 0.173913 0 0.8260869 0 0.8695652 0 0.7391304 0 0.3478261 0 0.6956522 0 0.2173913 0 0.8260869 0 0.173913 0 0.7391304 0 0.3043478 0 0.3478261 0 0.2173913 0 0.7826087 0 0.8260869 0 0.7826087 0 0.3043478 0 0.7391304 0 0.2173913 0 0.3043478 0 0.7826087 0 0.2608696 0 0.3043478 0 0.2173913 0 0.9333333 0 0.8 0 0.8666667 0 0.9333333 0 1 0 0.8 0 0.2666667 0 0.1333333 0 0.2 0 0.3333333 0 0.1333333 0 0.2666667 0 0.3333333 0 0.06666666 0 0.1333333 0 0.4 0 0.06666666 0 0.3333333 0 0.4 0 0 0 0.06666666 0 0.4666666 0 0 0 0.4 0 0.4666666 0 0.7333334 0 0 0 0.5333334 0 0.7333334 0 0.4666666 0 0.5333334 0 0.6666667 0 0.7333334 0 0.5333334 0 0.6 0 0.6666667 0 0.04761904 0 1 0 0 0 0.04761904 0 0.952381 0 1 0 0.04761904 0 0.9047619 0 0.952381 0 0.09523808 0 0.9047619 0 0.04761904 0 0.1428571 0 0.9047619 0 0.09523808 0 0.1904762 0 0.8571429 0 0.1428571 0 0.8571429 0 0.9047619 0 0.1428571 0 0.1904762 0 0.8095238 0 0.8571429 0 0.1904762 0 0.7619048 0 0.8095238 0 0.2380952 0 0.7619048 0 0.1904762 0 0.5714286 0 0.4761905 0 0.5238096 0 0.2380952 0 0.7142857 0 0.7619048 0 0.6190477 0 0.4761905 0 0.5714286 0 0.2380952 0 0.6666667 0 0.7142857 0 0.6666667 0 0.4761905 0 0.6190477 0 0.2380952 0 0.4761905 0 0.6666667 0 0.2857143 0 0.4761905 0 0.2380952 0 0.2857143 0 0.4285714 0 0.4761905 0 0.3333333 0 0.4285714 0 0.2857143 0 0.3333333 0 0.3809524 0 0.4285714 0 0.2340425 0 0.1914893 0 0.2127659 0 0.2553191 0 0.1914893 0 0.2340425 0 0.2553191 0 0.1702128 0 0.1914893 0 0.2765957 0 0.1702128 0 0.2553191 0 0.2978723 0 0.3191489 0 0.2765957 0 0.3191489 0 0.3404255 0 0.2765957 0 0.3404255 0 0.3617021 0 0.2765957 0 0.3617021 0 0.1702128 0 0.2765957 0 0.3617021 0 0.3829787 0 0.1702128 0 0.3829787 0 0.1489362 0 0.1702128 0 0.4042553 0 0.1489362 0 0.3829787 0 0.4255319 0 0.1489362 0 0.4042553 0 0.4255319 0 0.1276596 0 0.1489362 0 0.4468085 0 0.1276596 0 0.4255319 0 0.4680851 0 1 0 0.4468085 0 1 0 0.1276596 0 0.4468085 0 0.4893617 0 1 0 0.4680851 0 0.4893617 0 0.9787234 0 1 0 0.8085107 0 0.1276596 0 1 0 0.5106383 0 0.9787234 0 0.4893617 0 0.5106383 0 0.9574468 0 0.9787234 0 0.5319149 0 0.9574468 0 0.5106383 0 0.5319149 0 0.9361702 0 0.9574468 0 0.5319149 0 0.9148936 0 0.9361702 0 0.5531915 0 0.9148936 0 0.5319149 0 0.8297873 0 0.1276596 0 0.8085107 0 0.5531915 0 0.893617 0 0.9148936 0 0.02127659 0 0.7872341 0 0 0 0.8297873 0 0.106383 0 0.1276596 0 0.8510639 0 0.106383 0 0.8297873 0 0.04255318 0 0.7872341 0 0.02127659 0 0.8510639 0 0.08510637 0 0.106383 0 0.5531915 0 0.8723405 0 0.893617 0 0.06382977 0 0.7872341 0 0.04255318 0 0.8723405 0 0.08510637 0 0.8510639 0 0.8723405 0 0.06382977 0 0.08510637 0 0.8723405 0 0.7872341 0 0.06382977 0 0.5531915 0 0.6595745 0 0.8723405 0 0.6595745 0 0.7872341 0 0.8723405 0 0.5744681 0 0.6595745 0 0.5531915 0 0.5744681 0 0.6382979 0 0.6595745 0 0.6808511 0 0.7872341 0 0.6595745 0 0.6808511 0 0.7659575 0 0.7872341 0 0.5744681 0 0.6170213 0 0.6382979 0 0.7021276 0 0.7659575 0 0.6808511 0 0.5957447 0 0.6170213 0 0.5744681 0 0.7021276 0 0.7446808 0 0.7659575 0 0.7234042 0 0.7446808 0 0.7021276 0 0.04761904 0 1 0 0 0 0.04761904 0 0.952381 0 1 0 0.04761904 0 0.9047619 0 0.952381 0 0.09523808 0 0.9047619 0 0.04761904 0 0.1428571 0 0.9047619 0 0.09523808 0 0.1904762 0 0.8571429 0 0.1428571 0 0.8571429 0 0.9047619 0 0.1428571 0 0.1904762 0 0.8095238 0 0.8571429 0 0.1904762 0 0.7619048 0 0.8095238 0 0.2380952 0 0.7619048 0 0.1904762 0 0.5714286 0 0.4761905 0 0.5238096 0 0.2380952 0 0.7142857 0 0.7619048 0 0.6190477 0 0.4761905 0 0.5714286 0 0.2380952 0 0.6666667 0 0.7142857 0 0.6666667 0 0.4761905 0 0.6190477 0 0.2380952 0 0.4761905 0 0.6666667 0 0.2857143 0 0.4761905 0 0.2380952 0 0.2857143 0 0.4285714 0 0.4761905 0 0.3333333 0 0.4285714 0 0.2857143 0 0.3333333 0 0.3809524 0 0.4285714 0 0.85 0 0.75 0 0.8 0 0.9 0 0.75 0 0.85 0 0.1 0 0 0 0.04999995 0 0.1 0 1 0 0 0 0.9 0 0.7 0 0.75 0 0.95 0 0.35 0 0.9 0 0.35 0 0.7 0 0.9 0 0.1 0 0.95 0 1 0 0.1 0 0.2 0 0.95 0 0.2 0 0.25 0 0.95 0 0.25 0 0.3 0 0.95 0 0.3 0 0.35 0 0.95 0 0.4 0 0.7 0 0.35 0 0.4 0 0.65 0 0.7 0 0.45 0 0.65 0 0.4 0 0.5 0 0.65 0 0.45 0 0.1 0 0.15 0 0.2 0 0.55 0 0.65 0 0.5 0 0.55 0 0.6 0 0.65 0 0.4230769 0 0.3461539 0 0.3846154 0 0.4230769 0 0.3076923 0 0.3461539 0 0.4615384 0 0.8846154 0 0.4230769 0 0.8846154 0 0.3076923 0 0.4230769 0 0.4615384 0 0.8461539 0 0.8846154 0 0.9230769 0 0.3076923 0 0.8846154 0 0.4615384 0 0.8076923 0 0.8461539 0 0.9615384 0 0.3076923 0 0.9230769 0 0.5 0 0.8076923 0 0.4615384 0 0.9615384 0 0.2692308 0 0.3076923 0 0.5 0 0.7692308 0 0.8076923 0 1 0 0.2692308 0 0.9615384 0 0.5 0 1 0 0.7692308 0 0.5 0 0.2692308 0 1 0 0.5384616 0 0.2307692 0 0.5 0 0.2307692 0 0.2692308 0 0.5 0 0.5384616 0 0.1923077 0 0.2307692 0 0.5384616 0 0.1538462 0 0.1923077 0 0.0384615 0 0.7307692 0 0 0 0.5769231 0 0.1538462 0 0.5384616 0 0.07692307 0 0.7307692 0 0.0384615 0 0.5769231 0 0.1153846 0 0.1538462 0 0.1153846 0 0.7307692 0 0.07692307 0 0.5769231 0 0.7307692 0 0.1153846 0 0.5769231 0 0.6923077 0 0.7307692 0 0.6153846 0 0.6923077 0 0.5769231 0 0.6153846 0 0.6538462 0 0.6923077 0 0.1176471 0 0.05882352 0 0.08823525 0 0.1176471 0 0.02941173 0 0.05882352 0 0.1470588 0 0.02941173 0 0.1176471 0 0.1470588 0 0 0 0.02941173 0 0.1470588 0 0.9411765 0 0 0 0.9411765 0 0.9705882 0 0 0 0.9705882 0 1 0 0 0 0.1764706 0 0.882353 0 0.1470588 0 0.882353 0 0.9117647 0 0.1470588 0 0.9117647 0 0.9411765 0 0.1470588 0 0.1764706 0 0.8529412 0 0.882353 0 0.1764706 0 0.8235294 0 0.8529412 0 0.1764706 0 0.7941176 0 0.8235294 0 0.2058823 0 0.7941176 0 0.1764706 0 0.2058823 0 0.7647059 0 0.7941176 0 0.2058823 0 0.7352941 0 0.7647059 0 0.2058823 0 0.7058824 0 0.7352941 0 0.2352941 0 0.7058824 0 0.2058823 0 0.2352941 0 0.6764706 0 0.7058824 0 0.2647059 0 0.6764706 0 0.2352941 0 0.2647059 0 0.6470589 0 0.6764706 0 0.4705882 0 0.4117647 0 0.4411765 0 0.2647059 0 0.6176471 0 0.6470589 0 0.2941176 0 0.6176471 0 0.2647059 0 0.4705882 0 0.382353 0 0.4117647 0 0.3235294 0 0.6176471 0 0.2941176 0 0.3529412 0 0.6176471 0 0.3235294 0 0.4705882 0 0.3529412 0 0.382353 0 0.4705882 0 0.6176471 0 0.3529412 0 0.4705882 0 0.5882353 0 0.6176471 0 0.5 0 0.5882353 0 0.4705882 0 0.5294118 0 0.5882353 0 0.5 0 0.5294118 0 0.5588235 0 0.5882353 0 0.4230769 0 0.3461539 0 0.3846154 0 0.4230769 0 0.3076923 0 0.3461539 0 0.4615384 0 0.8846154 0 0.4230769 0 0.8846154 0 0.3076923 0 0.4230769 0 0.4615384 0 0.8461539 0 0.8846154 0 0.9230769 0 0.3076923 0 0.8846154 0 0.4615384 0 0.8076923 0 0.8461539 0 0.9615384 0 0.3076923 0 0.9230769 0 0.5 0 0.8076923 0 0.4615384 0 0.9615384 0 0.2692308 0 0.3076923 0 0.5 0 0.7692308 0 0.8076923 0 1 0 0.2692308 0 0.9615384 0 0.5 0 1 0 0.7692308 0 0.5 0 0.2692308 0 1 0 0.5384616 0 0.2307692 0 0.5 0 0.2307692 0 0.2692308 0 0.5 0 0.5384616 0 0.1923077 0 0.2307692 0 0.5384616 0 0.1538462 0 0.1923077 0 0.0384615 0 0.7307692 0 0 0 0.5769231 0 0.1538462 0 0.5384616 0 0.07692307 0 0.7307692 0 0.0384615 0 0.5769231 0 0.1153846 0 0.1538462 0 0.1153846 0 0.7307692 0 0.07692307 0 0.5769231 0 0.7307692 0 0.1153846 0 0.5769231 0 0.6923077 0 0.7307692 0 0.6153846 0 0.6923077 0 0.5769231 0 0.6153846 0 0.6538462 0 0.6923077 0 0.7777778 0 0.6666667 0 0.7222222 0 0.7777778 0 0.6111111 0 0.6666667 0 0.05555552 0 1 0 0 0 0.05555552 0 0.9444444 0 1 0 0.8333333 0 0.6111111 0 0.7777778 0 0.8333333 0 0.5555556 0 0.6111111 0 0.8888889 0 0.5555556 0 0.8333333 0 0.8888889 0 0.3333333 0 0.5555556 0 0.3333333 0 0.3888889 0 0.5555556 0 0.3888889 0 0.4444444 0 0.5555556 0 0.4444444 0 0.5 0 0.5555556 0 0.8888889 0 0.2777778 0 0.3333333 0 0.8888889 0 0.2222222 0 0.2777778 0 0.05555552 0 0.8888889 0 0.9444444 0 0.05555552 0 0.2222222 0 0.8888889 0 0.05555552 0 0.1666666 0 0.2222222 0 0.05555552 0 0.1111111 0 0.1666666 0 0.4782609 0 0.5652174 0 0.4347826 0 0.5652174 0 0.3913043 0 0.4347826 0 0.5652174 0 0.3478261 0 0.3913043 0 0.5652174 0 0.6086956 0 0.3478261 0 0.6086956 0 0.3043478 0 0.3478261 0 0.4782609 0 1 0 0.5652174 0 0.6521739 0 0.3043478 0 0.6086956 0 0.6956522 0 0.3043478 0 0.6521739 0 0.6956522 0 0.2608696 0 0.3043478 0 0.7391304 0 0.2608696 0 0.6956522 0 0.7826087 0 0.2608696 0 0.7391304 0 0.7826087 0 0.2173913 0 0.2608696 0 0.8260869 0 0.2173913 0 0.7826087 0 0.8260869 0 0.173913 0 0.2173913 0 0.4782609 0 0 0 1 0 0 0 0.9565218 0 1 0 0.8695652 0 0.173913 0 0.8260869 0 0 0 0.9130435 0 0.9565218 0 0 0 0.8695652 0 0.9130435 0 0 0 0.173913 0 0.8695652 0 0 0 0.1304348 0 0.173913 0 0.4782609 0 0.5217391 0 0 0 0.04347825 0 0.1304348 0 0 0 0.0869565 0 0.1304348 0 0.04347825 0 0.4230769 0 0.3461539 0 0.3846154 0 0.4230769 0 0.3076923 0 0.3461539 0 0.4615384 0 0.8846154 0 0.4230769 0 0.8846154 0 0.3076923 0 0.4230769 0 0.4615384 0 0.8461539 0 0.8846154 0 0.9230769 0 0.3076923 0 0.8846154 0 0.4615384 0 0.8076923 0 0.8461539 0 0.9615384 0 0.3076923 0 0.9230769 0 0.5 0 0.8076923 0 0.4615384 0 0.9615384 0 0.2692308 0 0.3076923 0 0.5 0 0.7692308 0 0.8076923 0 1 0 0.2692308 0 0.9615384 0 0.5 0 1 0 0.7692308 0 0.5 0 0.2692308 0 1 0 0.5384616 0 0.2307692 0 0.5 0 0.2307692 0 0.2692308 0 0.5 0 0.5384616 0 0.1923077 0 0.2307692 0 0.5384616 0 0.1538462 0 0.1923077 0 0.0384615 0 0.7307692 0 0 0 0.5769231 0 0.1538462 0 0.5384616 0 0.07692307 0 0.7307692 0 0.0384615 0 0.5769231 0 0.1153846 0 0.1538462 0 0.1153846 0 0.7307692 0 0.07692307 0 0.5769231 0 0.7307692 0 0.1153846 0 0.5769231 0 0.6923077 0 0.7307692 0 0.6153846 0 0.6923077 0 0.5769231 0 0.6153846 0 0.6538462 0 0.6923077 0 0.0869565 0 0 0 0.04347825 0 0.0869565 0 0.5217391 0 0 0 0.2608696 0 0.173913 0 0.2173913 0 0.2608696 0 0.1304348 0 0.173913 0 0.2608696 0 0.0869565 0 0.1304348 0 0.2608696 0 0.9565218 0 0.0869565 0 0.9565218 0 1 0 0.0869565 0 1 0 0.5217391 0 0.0869565 0 0.3043478 0 0.8695652 0 0.2608696 0 0.8695652 0 0.9130435 0 0.2608696 0 0.9130435 0 0.9565218 0 0.2608696 0 0.3043478 0 0.8260869 0 0.8695652 0 0.5652174 0 0.5217391 0 1 0 0.3043478 0 0.7826087 0 0.8260869 0 0.3478261 0 0.7826087 0 0.3043478 0 0.3478261 0 0.7391304 0 0.7826087 0 0.3913043 0 0.7391304 0 0.3478261 0 0.3913043 0 0.6956522 0 0.7391304 0 0.3913043 0 0.6521739 0 0.6956522 0 0.4347826 0 0.6521739 0 0.3913043 0 0.4347826 0 0.6086956 0 0.6521739 0 0.4347826 0 0.5652174 0 0.6086956 0 0.4347826 0 0.5217391 0 0.5652174 0 0.4782609 0 0.5217391 0 0.4347826 0 0.1176471 0 0.05882352 0 0.08823525 0 0.1176471 0 0.02941173 0 0.05882352 0 0.1470588 0 0.02941173 0 0.1176471 0 0.1470588 0 0 0 0.02941173 0 0.1470588 0 0.9411765 0 0 0 0.9411765 0 0.9705882 0 0 0 0.9705882 0 1 0 0 0 0.1764706 0 0.882353 0 0.1470588 0 0.882353 0 0.9117647 0 0.1470588 0 0.9117647 0 0.9411765 0 0.1470588 0 0.1764706 0 0.8529412 0 0.882353 0 0.1764706 0 0.8235294 0 0.8529412 0 0.1764706 0 0.7941176 0 0.8235294 0 0.2058823 0 0.7941176 0 0.1764706 0 0.2058823 0 0.7647059 0 0.7941176 0 0.2058823 0 0.7352941 0 0.7647059 0 0.2058823 0 0.7058824 0 0.7352941 0 0.2352941 0 0.7058824 0 0.2058823 0 0.2352941 0 0.6764706 0 0.7058824 0 0.2647059 0 0.6764706 0 0.2352941 0 0.2647059 0 0.6470589 0 0.6764706 0 0.4705882 0 0.4117647 0 0.4411765 0 0.2647059 0 0.6176471 0 0.6470589 0 0.2941176 0 0.6176471 0 0.2647059 0 0.4705882 0 0.382353 0 0.4117647 0 0.3235294 0 0.6176471 0 0.2941176 0 0.3529412 0 0.6176471 0 0.3235294 0 0.4705882 0 0.3529412 0 0.382353 0 0.4705882 0 0.6176471 0 0.3529412 0 0.4705882 0 0.5882353 0 0.6176471 0 0.5 0 0.5882353 0 0.4705882 0 0.5294118 0 0.5882353 0 0.5 0 0.5294118 0 0.5588235 0 0.5882353 0 0.85 0 0.75 0 0.8 0 0.9 0 0.75 0 0.85 0 0.1 0 0 0 0.04999995 0 0.1 0 1 0 0 0 0.9 0 0.7 0 0.75 0 0.95 0 0.35 0 0.9 0 0.35 0 0.7 0 0.9 0 0.1 0 0.95 0 1 0 0.1 0 0.2 0 0.95 0 0.2 0 0.25 0 0.95 0 0.25 0 0.3 0 0.95 0 0.3 0 0.35 0 0.95 0 0.4 0 0.7 0 0.35 0 0.4 0 0.65 0 0.7 0 0.45 0 0.65 0 0.4 0 0.5 0 0.65 0 0.45 0 0.1 0 0.15 0 0.2 0 0.55 0 0.65 0 0.5 0 0.55 0 0.6 0 0.65 0 0.04347825 0 0.4782609 0 0 0 0.04347825 0 0.4347826 0 0.4782609 0 0.0869565 0 0.5217391 0 0.04347825 0 0.5217391 0 0.4347826 0 0.04347825 0 0.0869565 0 1 0 0.5217391 0 0.5652174 0 0.4347826 0 0.5217391 0 0.0869565 0 0.9565218 0 1 0 0.6086956 0 0.4347826 0 0.5652174 0 0.6086956 0 0.3913043 0 0.4347826 0 0.1304348 0 0.9565218 0 0.0869565 0 0.1304348 0 0.9130435 0 0.9565218 0 0.6521739 0 0.3913043 0 0.6086956 0 0.173913 0 0.9130435 0 0.1304348 0 0.173913 0 0.8695652 0 0.9130435 0 0.6521739 0 0.3478261 0 0.3913043 0 0.6956522 0 0.3478261 0 0.6521739 0 0.173913 0 0.8260869 0 0.8695652 0 0.7391304 0 0.3478261 0 0.6956522 0 0.2173913 0 0.8260869 0 0.173913 0 0.7391304 0 0.3043478 0 0.3478261 0 0.2173913 0 0.7826087 0 0.8260869 0 0.7826087 0 0.3043478 0 0.7391304 0 0.2173913 0 0.3043478 0 0.7826087 0 0.2608696 0 0.3043478 0 0.2173913 0 0.9333333 0 0.8 0 0.8666667 0 0.9333333 0 1 0 0.8 0 0.2666667 0 0.1333333 0 0.2 0 0.3333333 0 0.1333333 0 0.2666667 0 0.3333333 0 0.06666666 0 0.1333333 0 0.4 0 0.06666666 0 0.3333333 0 0.4 0 0 0 0.06666666 0 0.4666666 0 0 0 0.4 0 0.4666666 0 0.7333334 0 0 0 0.5333334 0 0.7333334 0 0.4666666 0 0.5333334 0 0.6666667 0 0.7333334 0 0.5333334 0 0.6 0 0.6666667 0 0.04761904 0 1 0 0 0 0.04761904 0 0.952381 0 1 0 0.04761904 0 0.9047619 0 0.952381 0 0.09523808 0 0.9047619 0 0.04761904 0 0.1428571 0 0.9047619 0 0.09523808 0 0.1904762 0 0.8571429 0 0.1428571 0 0.8571429 0 0.9047619 0 0.1428571 0 0.1904762 0 0.8095238 0 0.8571429 0 0.1904762 0 0.7619048 0 0.8095238 0 0.2380952 0 0.7619048 0 0.1904762 0 0.5714286 0 0.4761905 0 0.5238096 0 0.2380952 0 0.7142857 0 0.7619048 0 0.6190477 0 0.4761905 0 0.5714286 0 0.2380952 0 0.6666667 0 0.7142857 0 0.6666667 0 0.4761905 0 0.6190477 0 0.2380952 0 0.4761905 0 0.6666667 0 0.2857143 0 0.4761905 0 0.2380952 0 0.2857143 0 0.4285714 0 0.4761905 0 0.3333333 0 0.4285714 0 0.2857143 0 0.3333333 0 0.3809524 0 0.4285714 0 0.2340425 0 0.1914893 0 0.2127659 0 0.2553191 0 0.1914893 0 0.2340425 0 0.2553191 0 0.1702128 0 0.1914893 0 0.2765957 0 0.1702128 0 0.2553191 0 0.2978723 0 0.3191489 0 0.2765957 0 0.3191489 0 0.3404255 0 0.2765957 0 0.3404255 0 0.3617021 0 0.2765957 0 0.3617021 0 0.1702128 0 0.2765957 0 0.3617021 0 0.3829787 0 0.1702128 0 0.3829787 0 0.1489362 0 0.1702128 0 0.4042553 0 0.1489362 0 0.3829787 0 0.4255319 0 0.1489362 0 0.4042553 0 0.4255319 0 0.1276596 0 0.1489362 0 0.4468085 0 0.1276596 0 0.4255319 0 0.4680851 0 1 0 0.4468085 0 1 0 0.1276596 0 0.4468085 0 0.4893617 0 1 0 0.4680851 0 0.4893617 0 0.9787234 0 1 0 0.8085107 0 0.1276596 0 1 0 0.5106383 0 0.9787234 0 0.4893617 0 0.5106383 0 0.9574468 0 0.9787234 0 0.5319149 0 0.9574468 0 0.5106383 0 0.5319149 0 0.9361702 0 0.9574468 0 0.5319149 0 0.9148936 0 0.9361702 0 0.5531915 0 0.9148936 0 0.5319149 0 0.8297873 0 0.1276596 0 0.8085107 0 0.5531915 0 0.893617 0 0.9148936 0 0.02127659 0 0.7872341 0 0 0 0.8297873 0 0.106383 0 0.1276596 0 0.8510639 0 0.106383 0 0.8297873 0 0.04255318 0 0.7872341 0 0.02127659 0 0.8510639 0 0.08510637 0 0.106383 0 0.5531915 0 0.8723405 0 0.893617 0 0.06382977 0 0.7872341 0 0.04255318 0 0.8723405 0 0.08510637 0 0.8510639 0 0.8723405 0 0.06382977 0 0.08510637 0 0.8723405 0 0.7872341 0 0.06382977 0 0.5531915 0 0.6595745 0 0.8723405 0 0.6595745 0 0.7872341 0 0.8723405 0 0.5744681 0 0.6595745 0 0.5531915 0 0.5744681 0 0.6382979 0 0.6595745 0 0.6808511 0 0.7872341 0 0.6595745 0 0.6808511 0 0.7659575 0 0.7872341 0 0.5744681 0 0.6170213 0 0.6382979 0 0.7021276 0 0.7659575 0 0.6808511 0 0.5957447 0 0.6170213 0 0.5744681 0 0.7021276 0 0.7446808 0 0.7659575 0 0.7234042 0 0.7446808 0 0.7021276 0 0.6666667 0 0 0 0.3333333 0 0.6666667 0 1 0 0 0 0.1176471 0 0.05882352 0 0.08823525 0 0.1176471 0 0.02941173 0 0.05882352 0 0.1470588 0 0.02941173 0 0.1176471 0 0.1470588 0 0 0 0.02941173 0 0.1470588 0 0.9411765 0 0 0 0.9411765 0 0.9705882 0 0 0 0.9705882 0 1 0 0 0 0.1764706 0 0.882353 0 0.1470588 0 0.882353 0 0.9117647 0 0.1470588 0 0.9117647 0 0.9411765 0 0.1470588 0 0.1764706 0 0.8529412 0 0.882353 0 0.1764706 0 0.8235294 0 0.8529412 0 0.1764706 0 0.7941176 0 0.8235294 0 0.2058823 0 0.7941176 0 0.1764706 0 0.2058823 0 0.7647059 0 0.7941176 0 0.2058823 0 0.7352941 0 0.7647059 0 0.2058823 0 0.7058824 0 0.7352941 0 0.2352941 0 0.7058824 0 0.2058823 0 0.2352941 0 0.6764706 0 0.7058824 0 0.2647059 0 0.6764706 0 0.2352941 0 0.2647059 0 0.6470589 0 0.6764706 0 0.4705882 0 0.4117647 0 0.4411765 0 0.2647059 0 0.6176471 0 0.6470589 0 0.2941176 0 0.6176471 0 0.2647059 0 0.4705882 0 0.382353 0 0.4117647 0 0.3235294 0 0.6176471 0 0.2941176 0 0.3529412 0 0.6176471 0 0.3235294 0 0.4705882 0 0.3529412 0 0.382353 0 0.4705882 0 0.6176471 0 0.3529412 0 0.4705882 0 0.5882353 0 0.6176471 0 0.5 0 0.5882353 0 0.4705882 0 0.5294118 0 0.5882353 0 0.5 0 0.5294118 0 0.5588235 0 0.5882353 0 0.85 0 0.75 0 0.8 0 0.9 0 0.75 0 0.85 0 0.1 0 0 0 0.04999995 0 0.1 0 1 0 0 0 0.9 0 0.7 0 0.75 0 0.95 0 0.35 0 0.9 0 0.35 0 0.7 0 0.9 0 0.1 0 0.95 0 1 0 0.1 0 0.2 0 0.95 0 0.2 0 0.25 0 0.95 0 0.25 0 0.3 0 0.95 0 0.3 0 0.35 0 0.95 0 0.4 0 0.7 0 0.35 0 0.4 0 0.65 0 0.7 0 0.45 0 0.65 0 0.4 0 0.5 0 0.65 0 0.45 0 0.1 0 0.15 0 0.2 0 0.55 0 0.65 0 0.5 0 0.55 0 0.6 0 0.65 0 0.2340425 0 0.1914893 0 0.2127659 0 0.2553191 0 0.1914893 0 0.2340425 0 0.2553191 0 0.1702128 0 0.1914893 0 0.2765957 0 0.1702128 0 0.2553191 0 0.2978723 0 0.3191489 0 0.2765957 0 0.3191489 0 0.3404255 0 0.2765957 0 0.3404255 0 0.3617021 0 0.2765957 0 0.3617021 0 0.1702128 0 0.2765957 0 0.3617021 0 0.3829787 0 0.1702128 0 0.3829787 0 0.1489362 0 0.1702128 0 0.4042553 0 0.1489362 0 0.3829787 0 0.4255319 0 0.1489362 0 0.4042553 0 0.4255319 0 0.1276596 0 0.1489362 0 0.4468085 0 0.1276596 0 0.4255319 0 0.4680851 0 1 0 0.4468085 0 1 0 0.1276596 0 0.4468085 0 0.4893617 0 1 0 0.4680851 0 0.4893617 0 0.9787234 0 1 0 0.8085107 0 0.1276596 0 1 0 0.5106383 0 0.9787234 0 0.4893617 0 0.5106383 0 0.9574468 0 0.9787234 0 0.5319149 0 0.9574468 0 0.5106383 0 0.5319149 0 0.9361702 0 0.9574468 0 0.5319149 0 0.9148936 0 0.9361702 0 0.5531915 0 0.9148936 0 0.5319149 0 0.8297873 0 0.1276596 0 0.8085107 0 0.5531915 0 0.893617 0 0.9148936 0 0.02127659 0 0.7872341 0 0 0 0.8297873 0 0.106383 0 0.1276596 0 0.8510639 0 0.106383 0 0.8297873 0 0.04255318 0 0.7872341 0 0.02127659 0 0.8510639 0 0.08510637 0 0.106383 0 0.5531915 0 0.8723405 0 0.893617 0 0.06382977 0 0.7872341 0 0.04255318 0 0.8723405 0 0.08510637 0 0.8510639 0 0.8723405 0 0.06382977 0 0.08510637 0 0.8723405 0 0.7872341 0 0.06382977 0 0.5531915 0 0.6595745 0 0.8723405 0 0.6595745 0 0.7872341 0 0.8723405 0 0.5744681 0 0.6595745 0 0.5531915 0 0.5744681 0 0.6382979 0 0.6595745 0 0.6808511 0 0.7872341 0 0.6595745 0 0.6808511 0 0.7659575 0 0.7872341 0 0.5744681 0 0.6170213 0 0.6382979 0 0.7021276 0 0.7659575 0 0.6808511 0 0.5957447 0 0.6170213 0 0.5744681 0 0.7021276 0 0.7446808 0 0.7659575 0 0.7234042 0 0.7446808 0 0.7021276 0 0.7777778 0 0.6666667 0 0.7222222 0 0.7777778 0 0.6111111 0 0.6666667 0 0.05555552 0 1 0 0 0 0.05555552 0 0.9444444 0 1 0 0.8333333 0 0.6111111 0 0.7777778 0 0.8333333 0 0.5555556 0 0.6111111 0 0.8888889 0 0.5555556 0 0.8333333 0 0.8888889 0 0.3333333 0 0.5555556 0 0.3333333 0 0.3888889 0 0.5555556 0 0.3888889 0 0.4444444 0 0.5555556 0 0.4444444 0 0.5 0 0.5555556 0 0.8888889 0 0.2777778 0 0.3333333 0 0.8888889 0 0.2222222 0 0.2777778 0 0.05555552 0 0.8888889 0 0.9444444 0 0.05555552 0 0.2222222 0 0.8888889 0 0.05555552 0 0.1666666 0 0.2222222 0 0.05555552 0 0.1111111 0 0.1666666 0 0.04761904 0 1 0 0 0 0.04761904 0 0.952381 0 1 0 0.04761904 0 0.9047619 0 0.952381 0 0.09523808 0 0.9047619 0 0.04761904 0 0.1428571 0 0.9047619 0 0.09523808 0 0.1904762 0 0.8571429 0 0.1428571 0 0.8571429 0 0.9047619 0 0.1428571 0 0.1904762 0 0.8095238 0 0.8571429 0 0.1904762 0 0.7619048 0 0.8095238 0 0.2380952 0 0.7619048 0 0.1904762 0 0.5714286 0 0.4761905 0 0.5238096 0 0.2380952 0 0.7142857 0 0.7619048 0 0.6190477 0 0.4761905 0 0.5714286 0 0.2380952 0 0.6666667 0 0.7142857 0 0.6666667 0 0.4761905 0 0.6190477 0 0.2380952 0 0.4761905 0 0.6666667 0 0.2857143 0 0.4761905 0 0.2380952 0 0.2857143 0 0.4285714 0 0.4761905 0 0.3333333 0 0.4285714 0 0.2857143 0 0.3333333 0 0.3809524 0 0.4285714 0 0.1176471 0 0.05882352 0 0.08823525 0 0.1176471 0 0.02941173 0 0.05882352 0 0.1470588 0 0.02941173 0 0.1176471 0 0.1470588 0 0 0 0.02941173 0 0.1470588 0 0.9411765 0 0 0 0.9411765 0 0.9705882 0 0 0 0.9705882 0 1 0 0 0 0.1764706 0 0.882353 0 0.1470588 0 0.882353 0 0.9117647 0 0.1470588 0 0.9117647 0 0.9411765 0 0.1470588 0 0.1764706 0 0.8529412 0 0.882353 0 0.1764706 0 0.8235294 0 0.8529412 0 0.1764706 0 0.7941176 0 0.8235294 0 0.2058823 0 0.7941176 0 0.1764706 0 0.2058823 0 0.7647059 0 0.7941176 0 0.2058823 0 0.7352941 0 0.7647059 0 0.2058823 0 0.7058824 0 0.7352941 0 0.2352941 0 0.7058824 0 0.2058823 0 0.2352941 0 0.6764706 0 0.7058824 0 0.2647059 0 0.6764706 0 0.2352941 0 0.2647059 0 0.6470589 0 0.6764706 0 0.4705882 0 0.4117647 0 0.4411765 0 0.2647059 0 0.6176471 0 0.6470589 0 0.2941176 0 0.6176471 0 0.2647059 0 0.4705882 0 0.382353 0 0.4117647 0 0.3235294 0 0.6176471 0 0.2941176 0 0.3529412 0 0.6176471 0 0.3235294 0 0.4705882 0 0.3529412 0 0.382353 0 0.4705882 0 0.6176471 0 0.3529412 0 0.4705882 0 0.5882353 0 0.6176471 0 0.5 0 0.5882353 0 0.4705882 0 0.5294118 0 0.5882353 0 0.5 0 0.5294118 0 0.5588235 0 0.5882353 0 0.4230769 0 0.3461539 0 0.3846154 0 0.4230769 0 0.3076923 0 0.3461539 0 0.4615384 0 0.8846154 0 0.4230769 0 0.8846154 0 0.3076923 0 0.4230769 0 0.4615384 0 0.8461539 0 0.8846154 0 0.9230769 0 0.3076923 0 0.8846154 0 0.4615384 0 0.8076923 0 0.8461539 0 0.9615384 0 0.3076923 0 0.9230769 0 0.5 0 0.8076923 0 0.4615384 0 0.9615384 0 0.2692308 0 0.3076923 0 0.5 0 0.7692308 0 0.8076923 0 1 0 0.2692308 0 0.9615384 0 0.5 0 1 0 0.7692308 0 0.5 0 0.2692308 0 1 0 0.5384616 0 0.2307692 0 0.5 0 0.2307692 0 0.2692308 0 0.5 0 0.5384616 0 0.1923077 0 0.2307692 0 0.5384616 0 0.1538462 0 0.1923077 0 0.0384615 0 0.7307692 0 0 0 0.5769231 0 0.1538462 0 0.5384616 0 0.07692307 0 0.7307692 0 0.0384615 0 0.5769231 0 0.1153846 0 0.1538462 0 0.1153846 0 0.7307692 0 0.07692307 0 0.5769231 0 0.7307692 0 0.1153846 0 0.5769231 0 0.6923077 0 0.7307692 0 0.6153846 0 0.6923077 0 0.5769231 0 0.6153846 0 0.6538462 0 0.6923077 0 0.4 0 0 0 0.2 0 0.4 0 1 0 0 0 0.4 0 0.8 0 1 0 0.4 0 0.6 0 0.8 0</float_array>
          <technique_common>
            <accessor source="#Les_translations_de_presentation_ne_sont_PAS_une_implantation_-mesh-map-0-array" count="4176" stride="2">
              <param name="S" type="float"/>
              <param name="T" type="float"/>
            </accessor>
          </technique_common>
        </source>
        <vertices id="Les_translations_de_presentation_ne_sont_PAS_une_implantation_-mesh-vertices">
          <input semantic="POSITION" source="#Les_translations_de_presentation_ne_sont_PAS_une_implantation_-mesh-positions"/>
        </vertices>
        <triangles material="Annotations_NON_METRIQUES_001-material" count="1392">
          <input semantic="VERTEX" source="#Les_translations_de_presentation_ne_sont_PAS_une_implantation_-mesh-vertices" offset="0"/>
          <input semantic="NORMAL" source="#Les_translations_de_presentation_ne_sont_PAS_une_implantation_-mesh-normals" offset="1"/>
          <input semantic="TEXCOORD" source="#Les_translations_de_presentation_ne_sont_PAS_une_implantation_-mesh-map-0" offset="2" set="0"/>
          <p>1 0 0 11 0 1 0 0 2 2 1 3 11 1 4 1 1 5 2 2 6 10 2 7 11 2 8 3 3 9 10 3 10 2 3 11 3 4 12 9 4 13 10 4 14 4 5 15 9 5 16 3 5 17 4 6 18 8 6 19 9 6 20 5 7 21 8 7 22 4 7 23 5 8 24 7 8 25 8 8 26 6 9 27 7 9 28 5 9 29 23 10 30 21 10 31 22 10 32 23 11 33 20 11 34 21 11 35 24 12 36 35 12 37 23 12 38 35 13 39 20 13 40 23 13 41 24 14 42 34 14 43 35 14 44 36 15 45 20 15 46 35 15 47 24 16 48 33 16 49 34 16 50 37 17 51 20 17 52 36 17 53 25 18 54 33 18 55 24 18 56 37 19 57 19 19 58 20 19 59 25 20 60 32 20 61 33 20 62 38 21 63 19 21 64 37 21 65 25 22 66 38 22 67 32 22 68 25 23 69 19 23 70 38 23 71 26 24 72 18 24 73 25 24 74 18 25 75 19 25 76 25 25 77 26 26 78 17 26 79 18 26 80 26 27 81 16 27 82 17 27 83 13 28 84 31 28 85 12 28 86 27 29 87 16 29 88 26 29 89 14 30 90 31 30 91 13 30 92 27 31 93 15 31 94 16 31 95 15 32 96 31 32 97 14 32 98 27 33 99 31 33 100 15 33 101 27 34 102 30 34 103 31 34 104 28 35 105 30 35 106 27 35 107 28 36 108 29 36 109 30 36 110 40 37 111 60 37 112 39 37 113 40 38 114 59 38 115 60 38 116 40 39 117 58 39 118 59 39 119 41 40 120 58 40 121 40 40 122 42 41 123 58 41 124 41 41 125 43 42 126 57 42 127 42 42 128 57 43 129 58 43 130 42 43 131 43 44 132 56 44 133 57 44 134 43 45 135 55 45 136 56 45 137 44 46 138 55 46 139 43 46 140 51 47 141 49 47 142 50 47 143 44 48 144 54 48 145 55 48 146 52 49 147 49 49 148 51 49 149 44 50 150 53 50 151 54 50 152 53 51 153 49 51 154 52 51 155 44 52 156 49 52 157 53 52 158 45 53 159 49 53 160 44 53 161 45 54 162 48 54 163 49 54 164 46 55 165 48 55 166 45 55 167 46 56 168 47 56 169 48 56 170 75 57 171 73 57 172 74 57 173 75 58 174 76 58 175 73 58 176 65 59 177 63 59 178 64 59 179 66 60 180 63 60 181 65 60 182 66 61 183 62 61 184 63 61 185 67 62 186 62 62 187 66 62 188 67 63 189 61 63 190 62 63 191 68 64 192 61 64 193 67 64 194 68 65 195 72 65 196 61 65 197 69 66 198 72 66 199 68 66 200 69 67 201 71 67 202 72 67 203 69 68 204 70 68 205 71 68 206 81 69 207 79 69 208 80 69 209 81 70 210 78 70 211 79 70 212 82 71 213 78 71 214 81 71 215 82 72 216 77 72 217 78 72 218 82 73 219 109 73 220 77 73 221 109 74 222 110 74 223 77 74 224 110 75 225 111 75 226 77 75 227 83 76 228 107 76 229 82 76 230 107 77 231 108 77 232 82 77 233 108 78 234 109 78 235 82 78 236 83 79 237 106 79 238 107 79 239 83 80 240 105 80 241 106 80 242 83 81 243 104 81 244 105 81 245 84 82 246 104 82 247 83 82 248 84 83 249 103 83 250 104 83 251 84 84 252 102 84 253 103 84 254 84 85 255 101 85 256 102 85 257 85 86 258 101 86 259 84 86 260 85 87 261 100 87 262 101 87 263 86 88 264 100 88 265 85 88 266 86 89 267 99 89 268 100 89 269 93 90 270 91 90 271 92 90 272 86 91 273 98 91 274 99 91 275 87 92 276 98 92 277 86 92 278 93 93 279 90 93 280 91 93 281 88 94 282 98 94 283 87 94 284 89 95 285 98 95 286 88 95 287 93 96 288 89 96 289 90 96 290 93 97 291 98 97 292 89 97 293 93 98 294 97 98 295 98 98 296 94 99 297 97 99 298 93 99 299 95 100 300 97 100 301 94 100 302 95 101 303 96 101 304 97 101 305 124 102 306 122 102 307 123 102 308 124 103 309 121 103 310 122 103 311 115 104 312 113 104 313 114 104 314 115 105 315 112 105 316 113 105 317 125 106 318 121 106 319 124 106 320 125 107 321 120 107 322 121 107 323 116 108 324 112 108 325 115 108 326 125 109 327 119 109 328 120 109 329 117 110 330 130 110 331 116 110 332 130 111 333 112 111 334 116 111 335 125 112 336 118 112 337 119 112 338 126 113 339 118 113 340 125 113 341 118 114 342 130 114 343 117 114 344 126 115 345 130 115 346 118 115 347 126 116 348 129 116 349 130 116 350 131 117 351 112 117 352 130 117 353 126 118 354 128 118 355 129 118 356 127 119 357 128 119 358 126 119 359 134 120 360 132 120 361 133 120 362 134 121 363 144 121 364 132 121 365 138 122 366 136 122 367 137 122 368 138 123 369 135 123 370 136 123 371 138 124 372 134 124 373 135 124 374 138 125 375 154 125 376 134 125 377 154 126 378 155 126 379 134 126 380 155 127 381 144 127 382 134 127 383 139 128 384 152 128 385 138 128 386 152 129 387 153 129 388 138 129 389 153 130 390 154 130 391 138 130 392 139 131 393 151 131 394 152 131 395 145 132 396 144 132 397 155 132 398 139 133 399 150 133 400 151 133 401 140 134 402 150 134 403 139 134 404 140 135 405 149 135 406 150 135 407 141 136 408 149 136 409 140 136 410 141 137 411 148 137 412 149 137 413 141 138 414 147 138 415 148 138 416 142 139 417 147 139 418 141 139 419 142 140 420 146 140 421 147 140 422 142 141 423 145 141 424 146 141 425 142 142 426 144 142 427 145 142 428 143 143 429 144 143 430 142 143 431 173 144 432 171 144 433 172 144 434 174 145 435 171 145 436 173 145 437 158 146 438 156 146 439 157 146 440 158 147 441 176 147 442 156 147 443 174 148 444 170 148 445 171 148 446 175 149 447 163 149 448 174 149 449 163 150 450 170 150 451 174 150 452 158 151 453 175 151 454 176 151 455 158 152 456 160 152 457 175 152 458 160 153 459 161 153 460 175 153 461 161 154 462 162 154 463 175 154 464 162 155 465 163 155 466 175 155 467 164 156 468 170 156 469 163 156 470 164 157 471 169 157 472 170 157 473 165 158 474 169 158 475 164 158 476 166 159 477 169 159 478 165 159 479 158 160 480 159 160 481 160 160 482 167 161 483 169 161 484 166 161 485 167 162 486 168 162 487 169 162 488 178 163 489 188 163 490 177 163 491 178 164 492 187 164 493 188 164 494 179 165 495 189 165 496 178 165 497 189 166 498 187 166 499 178 166 500 179 167 501 200 167 502 189 167 503 190 168 504 187 168 505 189 168 506 179 169 507 199 169 508 200 169 509 191 170 510 187 170 511 190 170 512 191 171 513 186 171 514 187 171 515 180 172 516 199 172 517 179 172 518 180 173 519 198 173 520 199 173 521 192 174 522 186 174 523 191 174 524 181 175 525 198 175 526 180 175 527 181 176 528 197 176 529 198 176 530 192 177 531 185 177 532 186 177 533 193 178 534 185 178 535 192 178 536 181 179 537 196 179 538 197 179 539 194 180 540 185 180 541 193 180 542 182 181 543 196 181 544 181 181 545 194 182 546 184 182 547 185 182 548 182 183 549 195 183 550 196 183 551 195 184 552 184 184 553 194 184 554 182 185 555 184 185 556 195 185 557 183 186 558 184 186 559 182 186 560 215 187 561 213 187 562 214 187 563 215 188 564 216 188 565 213 188 566 205 189 567 203 189 568 204 189 569 206 190 570 203 190 571 205 190 572 206 191 573 202 191 574 203 191 575 207 192 576 202 192 577 206 192 578 207 193 579 201 193 580 202 193 581 208 194 582 201 194 583 207 194 584 208 195 585 212 195 586 201 195 587 209 196 588 212 196 589 208 196 590 209 197 591 211 197 592 212 197 593 209 198 594 210 198 595 211 198 596 218 199 597 238 199 598 217 199 599 218 200 600 237 200 601 238 200 602 218 201 603 236 201 604 237 201 605 219 202 606 236 202 607 218 202 608 220 203 609 236 203 610 219 203 611 221 204 612 235 204 613 220 204 614 235 205 615 236 205 616 220 205 617 221 206 618 234 206 619 235 206 620 221 207 621 233 207 622 234 207 623 222 208 624 233 208 625 221 208 626 229 209 627 227 209 628 228 209 629 222 210 630 232 210 631 233 210 632 230 211 633 227 211 634 229 211 635 222 212 636 231 212 637 232 212 638 231 213 639 227 213 640 230 213 641 222 214 642 227 214 643 231 214 644 223 215 645 227 215 646 222 215 647 223 216 648 226 216 649 227 216 650 224 217 651 226 217 652 223 217 653 224 218 654 225 218 655 226 218 656 250 219 657 248 219 658 249 219 659 251 220 660 248 220 661 250 220 662 251 221 663 247 221 664 248 221 665 252 222 666 247 222 667 251 222 668 253 223 669 254 223 670 252 223 671 254 224 672 255 224 673 252 224 674 255 225 675 256 225 676 252 225 677 256 226 678 247 226 679 252 226 680 256 227 681 257 227 682 247 227 683 257 228 684 246 228 685 247 228 686 258 229 687 246 229 688 257 229 689 259 230 690 246 230 691 258 230 692 259 231 693 245 231 694 246 231 695 260 232 696 245 232 697 259 232 698 261 233 699 286 233 700 260 233 701 286 234 702 245 234 703 260 234 704 262 235 705 286 235 706 261 235 707 262 236 708 285 236 709 286 236 710 277 237 711 245 237 712 286 237 713 263 238 714 285 238 715 262 238 716 263 239 717 284 239 718 285 239 719 264 240 720 284 240 721 263 240 722 264 241 723 283 241 724 284 241 725 264 242 726 282 242 727 283 242 728 265 243 729 282 243 730 264 243 731 278 244 732 245 244 733 277 244 734 265 245 735 281 245 736 282 245 737 240 246 738 276 246 739 239 246 740 278 247 741 244 247 742 245 247 743 279 248 744 244 248 745 278 248 746 241 249 747 276 249 748 240 249 749 279 250 750 243 250 751 244 250 752 265 251 753 280 251 754 281 251 755 242 252 756 276 252 757 241 252 758 280 253 759 243 253 760 279 253 761 280 254 762 242 254 763 243 254 764 280 255 765 276 255 766 242 255 767 265 256 768 270 256 769 280 256 770 270 257 771 276 257 772 280 257 773 266 258 774 270 258 775 265 258 776 266 259 777 269 259 778 270 259 779 271 260 780 276 260 781 270 260 782 271 261 783 275 261 784 276 261 785 266 262 786 268 262 787 269 262 788 272 263 789 275 263 790 271 263 791 267 264 792 268 264 793 266 264 794 272 265 795 274 265 796 275 265 797 273 266 798 274 266 799 272 266 800 288 267 801 308 267 802 287 267 803 288 268 804 307 268 805 308 268 806 288 269 807 306 269 808 307 269 809 289 270 810 306 270 811 288 270 812 290 271 813 306 271 814 289 271 815 291 272 816 305 272 817 290 272 818 305 273 819 306 273 820 290 273 821 291 274 822 304 274 823 305 274 824 291 275 825 303 275 826 304 275 827 292 276 828 303 276 829 291 276 830 299 277 831 297 277 832 298 277 833 292 278 834 302 278 835 303 278 836 300 279 837 297 279 838 299 279 839 292 280 840 301 280 841 302 280 842 301 281 843 297 281 844 300 281 845 292 282 846 297 282 847 301 282 848 293 283 849 297 283 850 292 283 851 293 284 852 296 284 853 297 284 854 294 285 855 296 285 856 293 285 857 294 286 858 295 286 859 296 286 860 326 287 861 324 287 862 325 287 863 327 288 864 324 288 865 326 288 866 311 289 867 309 289 868 310 289 869 311 290 870 329 290 871 309 290 872 327 291 873 323 291 874 324 291 875 328 292 876 316 292 877 327 292 878 316 293 879 323 293 880 327 293 881 311 294 882 328 294 883 329 294 884 311 295 885 313 295 886 328 295 887 313 296 888 314 296 889 328 296 890 314 297 891 315 297 892 328 297 893 315 298 894 316 298 895 328 298 896 317 299 897 323 299 898 316 299 899 317 300 900 322 300 901 323 300 902 318 301 903 322 301 904 317 301 905 319 302 906 322 302 907 318 302 908 311 303 909 312 303 910 313 303 911 320 304 912 322 304 913 319 304 914 320 305 915 321 305 916 322 305 917 341 306 918 339 306 919 340 306 920 342 307 921 339 307 922 341 307 923 342 308 924 338 308 925 339 308 926 343 309 927 338 309 928 342 309 929 344 310 930 345 310 931 343 310 932 345 311 933 346 311 934 343 311 935 346 312 936 347 312 937 343 312 938 347 313 939 338 313 940 343 313 941 347 314 942 348 314 943 338 314 944 348 315 945 337 315 946 338 315 947 349 316 948 337 316 949 348 316 950 350 317 951 337 317 952 349 317 953 350 318 954 336 318 955 337 318 956 351 319 957 336 319 958 350 319 959 352 320 960 377 320 961 351 320 962 377 321 963 336 321 964 351 321 965 353 322 966 377 322 967 352 322 968 353 323 969 376 323 970 377 323 971 368 324 972 336 324 973 377 324 974 354 325 975 376 325 976 353 325 977 354 326 978 375 326 979 376 326 980 355 327 981 375 327 982 354 327 983 355 328 984 374 328 985 375 328 986 355 329 987 373 329 988 374 329 989 356 330 990 373 330 991 355 330 992 369 331 993 336 331 994 368 331 995 356 332 996 372 332 997 373 332 998 331 333 999 367 333 1000 330 333 1001 369 334 1002 335 334 1003 336 334 1004 370 335 1005 335 335 1006 369 335 1007 332 336 1008 367 336 1009 331 336 1010 370 337 1011 334 337 1012 335 337 1013 356 338 1014 371 338 1015 372 338 1016 333 339 1017 367 339 1018 332 339 1019 371 340 1020 334 340 1021 370 340 1022 371 341 1023 333 341 1024 334 341 1025 371 342 1026 367 342 1027 333 342 1028 356 343 1029 361 343 1030 371 343 1031 361 344 1032 367 344 1033 371 344 1034 357 345 1035 361 345 1036 356 345 1037 357 346 1038 360 346 1039 361 346 1040 362 347 1041 367 347 1042 361 347 1043 362 348 1044 366 348 1045 367 348 1046 357 349 1047 359 349 1048 360 349 1049 363 350 1050 366 350 1051 362 350 1052 358 351 1053 359 351 1054 357 351 1055 363 352 1056 365 352 1057 366 352 1058 364 353 1059 365 353 1060 363 353 1061 380 354 1062 378 354 1063 379 354 1064 380 355 1065 381 355 1066 378 355 1067 393 356 1068 395 356 1069 392 356 1070 395 357 1071 391 357 1072 392 357 1073 395 358 1074 390 358 1075 391 358 1076 395 359 1077 396 359 1078 390 359 1079 396 360 1080 389 360 1081 390 360 1082 393 361 1083 405 361 1084 395 361 1085 397 362 1086 389 362 1087 396 362 1088 398 363 1089 389 363 1090 397 363 1091 398 364 1092 388 364 1093 389 364 1094 399 365 1095 388 365 1096 398 365 1097 400 366 1098 388 366 1099 399 366 1100 400 367 1101 387 367 1102 388 367 1103 401 368 1104 387 368 1105 400 368 1106 401 369 1107 386 369 1108 387 369 1109 393 370 1110 382 370 1111 405 370 1112 382 371 1113 404 371 1114 405 371 1115 402 372 1116 386 372 1117 401 372 1118 382 373 1119 403 373 1120 404 373 1121 382 374 1122 402 374 1123 403 374 1124 382 375 1125 386 375 1126 402 375 1127 382 376 1128 385 376 1129 386 376 1130 393 377 1131 394 377 1132 382 377 1133 383 378 1134 385 378 1135 382 378 1136 384 379 1137 385 379 1138 383 379 1139 437 380 1140 435 380 1141 436 380 1142 431 381 1143 429 381 1144 430 381 1145 438 382 1146 435 382 1147 437 382 1148 407 383 1149 440 383 1150 406 383 1151 407 384 1152 439 384 1153 440 384 1154 438 385 1155 434 385 1156 435 385 1157 432 386 1158 429 386 1159 431 386 1160 432 387 1161 428 387 1162 429 387 1163 439 388 1164 434 388 1165 438 388 1166 439 389 1167 433 389 1168 434 389 1169 433 390 1170 421 390 1171 432 390 1172 421 391 1173 428 391 1174 432 391 1175 407 392 1176 409 392 1177 439 392 1178 409 393 1179 410 393 1180 439 393 1181 410 394 1182 411 394 1183 439 394 1184 411 395 1185 412 395 1186 439 395 1187 412 396 1188 433 396 1189 439 396 1190 413 397 1191 433 397 1192 412 397 1193 433 398 1194 420 398 1195 421 398 1196 422 399 1197 428 399 1198 421 399 1199 413 400 1200 420 400 1201 433 400 1202 413 401 1203 419 401 1204 420 401 1205 422 402 1206 427 402 1207 428 402 1208 414 403 1209 419 403 1210 413 403 1211 423 404 1212 427 404 1213 422 404 1214 414 405 1215 418 405 1216 419 405 1217 415 406 1218 418 406 1219 414 406 1220 424 407 1221 427 407 1222 423 407 1223 407 408 1224 408 408 1225 409 408 1226 415 409 1227 417 409 1228 418 409 1229 424 410 1230 426 410 1231 427 410 1232 416 411 1233 417 411 1234 415 411 1235 425 412 1236 426 412 1237 424 412 1238 455 413 1239 453 413 1240 454 413 1241 455 414 1242 456 414 1243 453 414 1244 445 415 1245 443 415 1246 444 415 1247 446 416 1248 443 416 1249 445 416 1250 446 417 1251 442 417 1252 443 417 1253 447 418 1254 442 418 1255 446 418 1256 447 419 1257 441 419 1258 442 419 1259 448 420 1260 441 420 1261 447 420 1262 448 421 1263 452 421 1264 441 421 1265 449 422 1266 452 422 1267 448 422 1268 449 423 1269 451 423 1270 452 423 1271 449 424 1272 450 424 1273 451 424 1274 468 425 1275 466 425 1276 467 425 1277 468 426 1278 465 426 1279 466 426 1280 469 427 1281 480 427 1282 468 427 1283 480 428 1284 465 428 1285 468 428 1286 469 429 1287 479 429 1288 480 429 1289 481 430 1290 465 430 1291 480 430 1292 469 431 1293 478 431 1294 479 431 1295 482 432 1296 465 432 1297 481 432 1298 470 433 1299 478 433 1300 469 433 1301 482 434 1302 464 434 1303 465 434 1304 470 435 1305 477 435 1306 478 435 1307 483 436 1308 464 436 1309 482 436 1310 470 437 1311 483 437 1312 477 437 1313 470 438 1314 464 438 1315 483 438 1316 471 439 1317 463 439 1318 470 439 1319 463 440 1320 464 440 1321 470 440 1322 471 441 1323 462 441 1324 463 441 1325 471 442 1326 461 442 1327 462 442 1328 458 443 1329 476 443 1330 457 443 1331 472 444 1332 461 444 1333 471 444 1334 459 445 1335 476 445 1336 458 445 1337 472 446 1338 460 446 1339 461 446 1340 460 447 1341 476 447 1342 459 447 1343 472 448 1344 476 448 1345 460 448 1346 472 449 1347 475 449 1348 476 449 1349 473 450 1350 475 450 1351 472 450 1352 473 451 1353 474 451 1354 475 451 1355 501 452 1356 499 452 1357 500 452 1358 502 453 1359 499 453 1360 501 453 1361 486 454 1362 484 454 1363 485 454 1364 486 455 1365 504 455 1366 484 455 1367 502 456 1368 498 456 1369 499 456 1370 503 457 1371 491 457 1372 502 457 1373 491 458 1374 498 458 1375 502 458 1376 486 459 1377 503 459 1378 504 459 1379 486 460 1380 488 460 1381 503 460 1382 488 461 1383 489 461 1384 503 461 1385 489 462 1386 490 462 1387 503 462 1388 490 463 1389 491 463 1390 503 463 1391 492 464 1392 498 464 1393 491 464 1394 492 465 1395 497 465 1396 498 465 1397 493 466 1398 497 466 1399 492 466 1400 494 467 1401 497 467 1402 493 467 1403 486 468 1404 487 468 1405 488 468 1406 495 469 1407 497 469 1408 494 469 1409 495 470 1410 496 470 1411 497 470 1412 517 471 1413 515 471 1414 516 471 1415 517 472 1416 514 472 1417 515 472 1418 508 473 1419 506 473 1420 507 473 1421 508 474 1422 505 474 1423 506 474 1424 518 475 1425 514 475 1426 517 475 1427 518 476 1428 513 476 1429 514 476 1430 509 477 1431 505 477 1432 508 477 1433 518 478 1434 512 478 1435 513 478 1436 510 479 1437 523 479 1438 509 479 1439 523 480 1440 505 480 1441 509 480 1442 518 481 1443 511 481 1444 512 481 1445 519 482 1446 511 482 1447 518 482 1448 511 483 1449 523 483 1450 510 483 1451 519 484 1452 523 484 1453 511 484 1454 519 485 1455 522 485 1456 523 485 1457 524 486 1458 505 486 1459 523 486 1460 519 487 1461 521 487 1462 522 487 1463 520 488 1464 521 488 1465 519 488 1466 529 489 1467 527 489 1468 528 489 1469 529 490 1470 526 490 1471 527 490 1472 529 491 1473 525 491 1474 526 491 1475 530 492 1476 525 492 1477 529 492 1478 530 493 1479 553 493 1480 525 493 1481 553 494 1482 554 494 1483 525 494 1484 554 495 1485 555 495 1486 525 495 1487 555 496 1488 556 496 1489 525 496 1490 531 497 1491 552 497 1492 530 497 1493 552 498 1494 553 498 1495 530 498 1496 531 499 1497 551 499 1498 552 499 1499 531 500 1500 550 500 1501 551 500 1502 531 501 1503 549 501 1504 550 501 1505 532 502 1506 549 502 1507 531 502 1508 532 503 1509 548 503 1510 549 503 1511 533 504 1512 548 504 1513 532 504 1514 533 505 1515 547 505 1516 548 505 1517 534 506 1518 547 506 1519 533 506 1520 541 507 1521 539 507 1522 540 507 1523 534 508 1524 546 508 1525 547 508 1526 535 509 1527 546 509 1528 534 509 1529 536 510 1530 546 510 1531 535 510 1532 541 511 1533 538 511 1534 539 511 1535 537 512 1536 546 512 1537 536 512 1538 541 513 1539 537 513 1540 538 513 1541 537 514 1542 545 514 1543 546 514 1544 541 515 1545 545 515 1546 537 515 1547 542 516 1548 545 516 1549 541 516 1550 543 517 1551 545 517 1552 542 517 1553 543 518 1554 544 518 1555 545 518 1556 559 519 1557 557 519 1558 558 519 1559 559 520 1560 565 520 1561 557 520 1562 565 521 1563 564 521 1564 557 521 1565 559 522 1566 567 522 1567 565 522 1568 566 523 1569 564 523 1570 565 523 1571 559 524 1572 561 524 1573 567 524 1574 561 525 1575 566 525 1576 567 525 1577 561 526 1578 562 526 1579 566 526 1580 562 527 1581 564 527 1582 566 527 1583 559 528 1584 560 528 1585 561 528 1586 563 529 1587 564 529 1588 562 529 1589 569 530 1590 579 530 1591 568 530 1592 579 531 1593 578 531 1594 568 531 1595 579 532 1596 577 532 1597 578 532 1598 579 533 1599 580 533 1600 577 533 1601 580 534 1602 576 534 1603 577 534 1604 569 535 1605 587 535 1606 579 535 1607 581 536 1608 576 536 1609 580 536 1610 581 537 1611 575 537 1612 576 537 1613 582 538 1614 575 538 1615 581 538 1616 583 539 1617 575 539 1618 582 539 1619 584 540 1620 575 540 1621 583 540 1622 584 541 1623 574 541 1624 575 541 1625 585 542 1626 574 542 1627 584 542 1628 586 543 1629 574 543 1630 585 543 1631 586 544 1632 573 544 1633 574 544 1634 569 545 1635 571 545 1636 587 545 1637 571 546 1638 586 546 1639 587 546 1640 571 547 1641 573 547 1642 586 547 1643 571 548 1644 572 548 1645 573 548 1646 569 549 1647 570 549 1648 571 549 1649 589 550 1650 609 550 1651 588 550 1652 589 551 1653 608 551 1654 609 551 1655 589 552 1656 607 552 1657 608 552 1658 590 553 1659 607 553 1660 589 553 1661 591 554 1662 607 554 1663 590 554 1664 592 555 1665 606 555 1666 591 555 1667 606 556 1668 607 556 1669 591 556 1670 592 557 1671 605 557 1672 606 557 1673 592 558 1674 604 558 1675 605 558 1676 593 559 1677 604 559 1678 592 559 1679 600 560 1680 598 560 1681 599 560 1682 593 561 1683 603 561 1684 604 561 1685 601 562 1686 598 562 1687 600 562 1688 593 563 1689 602 563 1690 603 563 1691 602 564 1692 598 564 1693 601 564 1694 593 565 1695 598 565 1696 602 565 1697 594 566 1698 598 566 1699 593 566 1700 594 567 1701 597 567 1702 598 567 1703 595 568 1704 597 568 1705 594 568 1706 595 569 1707 596 569 1708 597 569 1709 627 570 1710 625 570 1711 626 570 1712 628 571 1713 625 571 1714 627 571 1715 612 572 1716 610 572 1717 611 572 1718 612 573 1719 630 573 1720 610 573 1721 628 574 1722 624 574 1723 625 574 1724 629 575 1725 617 575 1726 628 575 1727 617 576 1728 624 576 1729 628 576 1730 612 577 1731 629 577 1732 630 577 1733 612 578 1734 614 578 1735 629 578 1736 614 579 1737 615 579 1738 629 579 1739 615 580 1740 616 580 1741 629 580 1742 616 581 1743 617 581 1744 629 581 1745 618 582 1746 624 582 1747 617 582 1748 618 583 1749 623 583 1750 624 583 1751 619 584 1752 623 584 1753 618 584 1754 620 585 1755 623 585 1756 619 585 1757 612 586 1758 613 586 1759 614 586 1760 621 587 1761 623 587 1762 620 587 1763 621 588 1764 622 588 1765 623 588 1766 632 589 1767 642 589 1768 631 589 1769 632 590 1770 641 590 1771 642 590 1772 633 591 1773 643 591 1774 632 591 1775 643 592 1776 641 592 1777 632 592 1778 633 593 1779 654 593 1780 643 593 1781 644 594 1782 641 594 1783 643 594 1784 633 595 1785 653 595 1786 654 595 1787 645 596 1788 641 596 1789 644 596 1790 645 597 1791 640 597 1792 641 597 1793 634 598 1794 653 598 1795 633 598 1796 634 599 1797 652 599 1798 653 599 1799 646 600 1800 640 600 1801 645 600 1802 635 601 1803 652 601 1804 634 601 1805 635 602 1806 651 602 1807 652 602 1808 646 603 1809 639 603 1810 640 603 1811 647 604 1812 639 604 1813 646 604 1814 635 605 1815 650 605 1816 651 605 1817 648 606 1818 639 606 1819 647 606 1820 636 607 1821 650 607 1822 635 607 1823 648 608 1824 638 608 1825 639 608 1826 636 609 1827 649 609 1828 650 609 1829 649 610 1830 638 610 1831 648 610 1832 636 611 1833 638 611 1834 649 611 1835 637 612 1836 638 612 1837 636 612 1838 659 613 1839 657 613 1840 658 613 1841 659 614 1842 656 614 1843 657 614 1844 660 615 1845 656 615 1846 659 615 1847 660 616 1848 655 616 1849 656 616 1850 660 617 1851 687 617 1852 655 617 1853 687 618 1854 688 618 1855 655 618 1856 688 619 1857 689 619 1858 655 619 1859 661 620 1860 685 620 1861 660 620 1862 685 621 1863 686 621 1864 660 621 1865 686 622 1866 687 622 1867 660 622 1868 661 623 1869 684 623 1870 685 623 1871 661 624 1872 683 624 1873 684 624 1874 661 625 1875 682 625 1876 683 625 1877 662 626 1878 682 626 1879 661 626 1880 662 627 1881 681 627 1882 682 627 1883 662 628 1884 680 628 1885 681 628 1886 662 629 1887 679 629 1888 680 629 1889 663 630 1890 679 630 1891 662 630 1892 663 631 1893 678 631 1894 679 631 1895 664 632 1896 678 632 1897 663 632 1898 664 633 1899 677 633 1900 678 633 1901 671 634 1902 669 634 1903 670 634 1904 664 635 1905 676 635 1906 677 635 1907 665 636 1908 676 636 1909 664 636 1910 671 637 1911 668 637 1912 669 637 1913 666 638 1914 676 638 1915 665 638 1916 667 639 1917 676 639 1918 666 639 1919 671 640 1920 667 640 1921 668 640 1922 671 641 1923 676 641 1924 667 641 1925 671 642 1926 675 642 1927 676 642 1928 672 643 1929 675 643 1930 671 643 1931 673 644 1932 675 644 1933 672 644 1934 673 645 1935 674 645 1936 675 645 1937 701 646 1938 699 646 1939 700 646 1940 701 647 1941 698 647 1942 699 647 1943 702 648 1944 713 648 1945 701 648 1946 713 649 1947 698 649 1948 701 649 1949 702 650 1950 712 650 1951 713 650 1952 714 651 1953 698 651 1954 713 651 1955 702 652 1956 711 652 1957 712 652 1958 715 653 1959 698 653 1960 714 653 1961 703 654 1962 711 654 1963 702 654 1964 715 655 1965 697 655 1966 698 655 1967 703 656 1968 710 656 1969 711 656 1970 716 657 1971 697 657 1972 715 657 1973 703 658 1974 716 658 1975 710 658 1976 703 659 1977 697 659 1978 716 659 1979 704 660 1980 696 660 1981 703 660 1982 696 661 1983 697 661 1984 703 661 1985 704 662 1986 695 662 1987 696 662 1988 704 663 1989 694 663 1990 695 663 1991 691 664 1992 709 664 1993 690 664 1994 705 665 1995 694 665 1996 704 665 1997 692 666 1998 709 666 1999 691 666 2000 705 667 2001 693 667 2002 694 667 2003 693 668 2004 709 668 2005 692 668 2006 705 669 2007 709 669 2008 693 669 2009 705 670 2010 708 670 2011 709 670 2012 706 671 2013 708 671 2014 705 671 2015 706 672 2016 707 672 2017 708 672 2018 734 673 2019 732 673 2020 733 673 2021 735 674 2022 732 674 2023 734 674 2024 719 675 2025 717 675 2026 718 675 2027 719 676 2028 737 676 2029 717 676 2030 735 677 2031 731 677 2032 732 677 2033 736 678 2034 724 678 2035 735 678 2036 724 679 2037 731 679 2038 735 679 2039 719 680 2040 736 680 2041 737 680 2042 719 681 2043 721 681 2044 736 681 2045 721 682 2046 722 682 2047 736 682 2048 722 683 2049 723 683 2050 736 683 2051 723 684 2052 724 684 2053 736 684 2054 725 685 2055 731 685 2056 724 685 2057 725 686 2058 730 686 2059 731 686 2060 726 687 2061 730 687 2062 725 687 2063 727 688 2064 730 688 2065 726 688 2066 719 689 2067 720 689 2068 721 689 2069 728 690 2070 730 690 2071 727 690 2072 728 691 2073 729 691 2074 730 691 2075 755 692 2076 753 692 2077 754 692 2078 756 693 2079 753 693 2080 755 693 2081 740 694 2082 738 694 2083 739 694 2084 740 695 2085 758 695 2086 738 695 2087 756 696 2088 752 696 2089 753 696 2090 757 697 2091 745 697 2092 756 697 2093 745 698 2094 752 698 2095 756 698 2096 740 699 2097 757 699 2098 758 699 2099 740 700 2100 742 700 2101 757 700 2102 742 701 2103 743 701 2104 757 701 2105 743 702 2106 744 702 2107 757 702 2108 744 703 2109 745 703 2110 757 703 2111 746 704 2112 752 704 2113 745 704 2114 746 705 2115 751 705 2116 752 705 2117 747 706 2118 751 706 2119 746 706 2120 748 707 2121 751 707 2122 747 707 2123 740 708 2124 741 708 2125 742 708 2126 749 709 2127 751 709 2128 748 709 2129 749 710 2130 750 710 2131 751 710 2132 760 711 2133 770 711 2134 759 711 2135 760 712 2136 769 712 2137 770 712 2138 761 713 2139 771 713 2140 760 713 2141 771 714 2142 769 714 2143 760 714 2144 761 715 2145 782 715 2146 771 715 2147 772 716 2148 769 716 2149 771 716 2150 761 717 2151 781 717 2152 782 717 2153 773 718 2154 769 718 2155 772 718 2156 773 719 2157 768 719 2158 769 719 2159 762 720 2160 781 720 2161 761 720 2162 762 721 2163 780 721 2164 781 721 2165 774 722 2166 768 722 2167 773 722 2168 763 723 2169 780 723 2170 762 723 2171 763 724 2172 779 724 2173 780 724 2174 774 725 2175 767 725 2176 768 725 2177 775 726 2178 767 726 2179 774 726 2180 763 727 2181 778 727 2182 779 727 2183 776 728 2184 767 728 2185 775 728 2186 764 729 2187 778 729 2188 763 729 2189 776 730 2190 766 730 2191 767 730 2192 764 731 2193 777 731 2194 778 731 2195 777 732 2196 766 732 2197 776 732 2198 764 733 2199 766 733 2200 777 733 2201 765 734 2202 766 734 2203 764 734 2204 797 735 2205 795 735 2206 796 735 2207 797 736 2208 798 736 2209 795 736 2210 787 737 2211 785 737 2212 786 737 2213 788 738 2214 785 738 2215 787 738 2216 788 739 2217 784 739 2218 785 739 2219 789 740 2220 784 740 2221 788 740 2222 789 741 2223 783 741 2224 784 741 2225 790 742 2226 783 742 2227 789 742 2228 790 743 2229 794 743 2230 783 743 2231 791 744 2232 794 744 2233 790 744 2234 791 745 2235 793 745 2236 794 745 2237 791 746 2238 792 746 2239 793 746 2240 800 747 2241 820 747 2242 799 747 2243 800 748 2244 819 748 2245 820 748 2246 800 749 2247 818 749 2248 819 749 2249 801 750 2250 818 750 2251 800 750 2252 802 751 2253 818 751 2254 801 751 2255 803 752 2256 817 752 2257 802 752 2258 817 753 2259 818 753 2260 802 753 2261 803 754 2262 816 754 2263 817 754 2264 803 755 2265 815 755 2266 816 755 2267 804 756 2268 815 756 2269 803 756 2270 811 757 2271 809 757 2272 810 757 2273 804 758 2274 814 758 2275 815 758 2276 812 759 2277 809 759 2278 811 759 2279 804 760 2280 813 760 2281 814 760 2282 813 761 2283 809 761 2284 812 761 2285 804 762 2286 809 762 2287 813 762 2288 805 763 2289 809 763 2290 804 763 2291 805 764 2292 808 764 2293 809 764 2294 806 765 2295 808 765 2296 805 765 2297 806 766 2298 807 766 2299 808 766 2300 832 767 2301 830 767 2302 831 767 2303 833 768 2304 830 768 2305 832 768 2306 833 769 2307 829 769 2308 830 769 2309 834 770 2310 829 770 2311 833 770 2312 835 771 2313 836 771 2314 834 771 2315 836 772 2316 837 772 2317 834 772 2318 837 773 2319 838 773 2320 834 773 2321 838 774 2322 829 774 2323 834 774 2324 838 775 2325 839 775 2326 829 775 2327 839 776 2328 828 776 2329 829 776 2330 840 777 2331 828 777 2332 839 777 2333 841 778 2334 828 778 2335 840 778 2336 841 779 2337 827 779 2338 828 779 2339 842 780 2340 827 780 2341 841 780 2342 843 781 2343 868 781 2344 842 781 2345 868 782 2346 827 782 2347 842 782 2348 844 783 2349 868 783 2350 843 783 2351 844 784 2352 867 784 2353 868 784 2354 859 785 2355 827 785 2356 868 785 2357 845 786 2358 867 786 2359 844 786 2360 845 787 2361 866 787 2362 867 787 2363 846 788 2364 866 788 2365 845 788 2366 846 789 2367 865 789 2368 866 789 2369 846 790 2370 864 790 2371 865 790 2372 847 791 2373 864 791 2374 846 791 2375 860 792 2376 827 792 2377 859 792 2378 847 793 2379 863 793 2380 864 793 2381 822 794 2382 858 794 2383 821 794 2384 860 795 2385 826 795 2386 827 795 2387 861 796 2388 826 796 2389 860 796 2390 823 797 2391 858 797 2392 822 797 2393 861 798 2394 825 798 2395 826 798 2396 847 799 2397 862 799 2398 863 799 2399 824 800 2400 858 800 2401 823 800 2402 862 801 2403 825 801 2404 861 801 2405 862 802 2406 824 802 2407 825 802 2408 862 803 2409 858 803 2410 824 803 2411 847 804 2412 852 804 2413 862 804 2414 852 805 2415 858 805 2416 862 805 2417 848 806 2418 852 806 2419 847 806 2420 848 807 2421 851 807 2422 852 807 2423 853 808 2424 858 808 2425 852 808 2426 853 809 2427 857 809 2428 858 809 2429 848 810 2430 850 810 2431 851 810 2432 854 811 2433 857 811 2434 853 811 2435 849 812 2436 850 812 2437 848 812 2438 854 813 2439 856 813 2440 857 813 2441 855 814 2442 856 814 2443 854 814 2444 870 815 2445 890 815 2446 869 815 2447 870 816 2448 889 816 2449 890 816 2450 870 817 2451 888 817 2452 889 817 2453 871 818 2454 888 818 2455 870 818 2456 872 819 2457 888 819 2458 871 819 2459 873 820 2460 887 820 2461 872 820 2462 887 821 2463 888 821 2464 872 821 2465 873 822 2466 886 822 2467 887 822 2468 873 823 2469 885 823 2470 886 823 2471 874 824 2472 885 824 2473 873 824 2474 881 825 2475 879 825 2476 880 825 2477 874 826 2478 884 826 2479 885 826 2480 882 827 2481 879 827 2482 881 827 2483 874 828 2484 883 828 2485 884 828 2486 883 829 2487 879 829 2488 882 829 2489 874 830 2490 879 830 2491 883 830 2492 875 831 2493 879 831 2494 874 831 2495 875 832 2496 878 832 2497 879 832 2498 876 833 2499 878 833 2500 875 833 2501 876 834 2502 877 834 2503 878 834 2504 908 835 2505 906 835 2506 907 835 2507 909 836 2508 906 836 2509 908 836 2510 893 837 2511 891 837 2512 892 837 2513 893 838 2514 911 838 2515 891 838 2516 909 839 2517 905 839 2518 906 839 2519 910 840 2520 898 840 2521 909 840 2522 898 841 2523 905 841 2524 909 841 2525 893 842 2526 910 842 2527 911 842 2528 893 843 2529 895 843 2530 910 843 2531 895 844 2532 896 844 2533 910 844 2534 896 845 2535 897 845 2536 910 845 2537 897 846 2538 898 846 2539 910 846 2540 899 847 2541 905 847 2542 898 847 2543 899 848 2544 904 848 2545 905 848 2546 900 849 2547 904 849 2548 899 849 2549 901 850 2550 904 850 2551 900 850 2552 893 851 2553 894 851 2554 895 851 2555 902 852 2556 904 852 2557 901 852 2558 902 853 2559 903 853 2560 904 853 2561 923 854 2562 921 854 2563 922 854 2564 923 855 2565 920 855 2566 921 855 2567 924 856 2568 935 856 2569 923 856 2570 935 857 2571 920 857 2572 923 857 2573 924 858 2574 934 858 2575 935 858 2576 936 859 2577 920 859 2578 935 859 2579 924 860 2580 933 860 2581 934 860 2582 937 861 2583 920 861 2584 936 861 2585 925 862 2586 933 862 2587 924 862 2588 937 863 2589 919 863 2590 920 863 2591 925 864 2592 932 864 2593 933 864 2594 938 865 2595 919 865 2596 937 865 2597 925 866 2598 938 866 2599 932 866 2600 925 867 2601 919 867 2602 938 867 2603 926 868 2604 918 868 2605 925 868 2606 918 869 2607 919 869 2608 925 869 2609 926 870 2610 917 870 2611 918 870 2612 926 871 2613 916 871 2614 917 871 2615 913 872 2616 931 872 2617 912 872 2618 927 873 2619 916 873 2620 926 873 2621 914 874 2622 931 874 2623 913 874 2624 927 875 2625 915 875 2626 916 875 2627 915 876 2628 931 876 2629 914 876 2630 927 877 2631 931 877 2632 915 877 2633 927 878 2634 930 878 2635 931 878 2636 928 879 2637 930 879 2638 927 879 2639 928 880 2640 929 880 2641 930 880 2642 943 881 2643 941 881 2644 942 881 2645 943 882 2646 940 882 2647 941 882 2648 944 883 2649 940 883 2650 943 883 2651 944 884 2652 939 884 2653 940 884 2654 944 885 2655 971 885 2656 939 885 2657 971 886 2658 972 886 2659 939 886 2660 972 887 2661 973 887 2662 939 887 2663 945 888 2664 969 888 2665 944 888 2666 969 889 2667 970 889 2668 944 889 2669 970 890 2670 971 890 2671 944 890 2672 945 891 2673 968 891 2674 969 891 2675 945 892 2676 967 892 2677 968 892 2678 945 893 2679 966 893 2680 967 893 2681 946 894 2682 966 894 2683 945 894 2684 946 895 2685 965 895 2686 966 895 2687 946 896 2688 964 896 2689 965 896 2690 946 897 2691 963 897 2692 964 897 2693 947 898 2694 963 898 2695 946 898 2696 947 899 2697 962 899 2698 963 899 2699 948 900 2700 962 900 2701 947 900 2702 948 901 2703 961 901 2704 962 901 2705 955 902 2706 953 902 2707 954 902 2708 948 903 2709 960 903 2710 961 903 2711 949 904 2712 960 904 2713 948 904 2714 955 905 2715 952 905 2716 953 905 2717 950 906 2718 960 906 2719 949 906 2720 951 907 2721 960 907 2722 950 907 2723 955 908 2724 951 908 2725 952 908 2726 955 909 2727 960 909 2728 951 909 2729 955 910 2730 959 910 2731 960 910 2732 956 911 2733 959 911 2734 955 911 2735 957 912 2736 959 912 2737 956 912 2738 957 913 2739 958 913 2740 959 913 2741 985 914 2742 983 914 2743 984 914 2744 985 915 2745 982 915 2746 983 915 2747 986 916 2748 997 916 2749 985 916 2750 997 917 2751 982 917 2752 985 917 2753 986 918 2754 996 918 2755 997 918 2756 998 919 2757 982 919 2758 997 919 2759 986 920 2760 995 920 2761 996 920 2762 999 921 2763 982 921 2764 998 921 2765 987 922 2766 995 922 2767 986 922 2768 999 923 2769 981 923 2770 982 923 2771 987 924 2772 994 924 2773 995 924 2774 1000 925 2775 981 925 2776 999 925 2777 987 926 2778 1000 926 2779 994 926 2780 987 927 2781 981 927 2782 1000 927 2783 988 928 2784 980 928 2785 987 928 2786 980 929 2787 981 929 2788 987 929 2789 988 930 2790 979 930 2791 980 930 2792 988 931 2793 978 931 2794 979 931 2795 975 932 2796 993 932 2797 974 932 2798 989 933 2799 978 933 2800 988 933 2801 976 934 2802 993 934 2803 975 934 2804 989 935 2805 977 935 2806 978 935 2807 977 936 2808 993 936 2809 976 936 2810 989 937 2811 993 937 2812 977 937 2813 989 938 2814 992 938 2815 993 938 2816 990 939 2817 992 939 2818 989 939 2819 990 940 2820 991 940 2821 992 940 2822 1015 941 2823 1013 941 2824 1014 941 2825 1015 942 2826 1012 942 2827 1013 942 2828 1002 943 2829 1019 943 2830 1001 943 2831 1002 944 2832 1018 944 2833 1019 944 2834 1016 945 2835 1012 945 2836 1015 945 2837 1016 946 2838 1011 946 2839 1012 946 2840 1017 947 2841 1011 947 2842 1016 947 2843 1017 948 2844 1007 948 2845 1011 948 2846 1007 949 2847 1008 949 2848 1011 949 2849 1008 950 2850 1009 950 2851 1011 950 2852 1009 951 2853 1010 951 2854 1011 951 2855 1017 952 2856 1006 952 2857 1007 952 2858 1017 953 2859 1005 953 2860 1006 953 2861 1002 954 2862 1017 954 2863 1018 954 2864 1002 955 2865 1005 955 2866 1017 955 2867 1002 956 2868 1004 956 2869 1005 956 2870 1002 957 2871 1003 957 2872 1004 957 2873 1031 958 2874 1033 958 2875 1030 958 2876 1033 959 2877 1029 959 2878 1030 959 2879 1033 960 2880 1028 960 2881 1029 960 2882 1033 961 2883 1034 961 2884 1028 961 2885 1034 962 2886 1027 962 2887 1028 962 2888 1031 963 2889 1043 963 2890 1033 963 2891 1035 964 2892 1027 964 2893 1034 964 2894 1036 965 2895 1027 965 2896 1035 965 2897 1036 966 2898 1026 966 2899 1027 966 2900 1037 967 2901 1026 967 2902 1036 967 2903 1038 968 2904 1026 968 2905 1037 968 2906 1038 969 2907 1025 969 2908 1026 969 2909 1039 970 2910 1025 970 2911 1038 970 2912 1039 971 2913 1024 971 2914 1025 971 2915 1031 972 2916 1020 972 2917 1043 972 2918 1020 973 2919 1042 973 2920 1043 973 2921 1040 974 2922 1024 974 2923 1039 974 2924 1020 975 2925 1041 975 2926 1042 975 2927 1020 976 2928 1040 976 2929 1041 976 2930 1020 977 2931 1024 977 2932 1040 977 2933 1020 978 2934 1023 978 2935 1024 978 2936 1031 979 2937 1032 979 2938 1020 979 2939 1021 980 2940 1023 980 2941 1020 980 2942 1022 981 2943 1023 981 2944 1021 981 2945 1055 982 2946 1053 982 2947 1054 982 2948 1055 983 2949 1052 983 2950 1053 983 2951 1056 984 2952 1067 984 2953 1055 984 2954 1067 985 2955 1052 985 2956 1055 985 2957 1056 986 2958 1066 986 2959 1067 986 2960 1068 987 2961 1052 987 2962 1067 987 2963 1056 988 2964 1065 988 2965 1066 988 2966 1069 989 2967 1052 989 2968 1068 989 2969 1057 990 2970 1065 990 2971 1056 990 2972 1069 991 2973 1051 991 2974 1052 991 2975 1057 992 2976 1064 992 2977 1065 992 2978 1070 993 2979 1051 993 2980 1069 993 2981 1057 994 2982 1070 994 2983 1064 994 2984 1057 995 2985 1051 995 2986 1070 995 2987 1058 996 2988 1050 996 2989 1057 996 2990 1050 997 2991 1051 997 2992 1057 997 2993 1058 998 2994 1049 998 2995 1050 998 2996 1058 999 2997 1048 999 2998 1049 999 2999 1045 1000 3000 1063 1000 3001 1044 1000 3002 1059 1001 3003 1048 1001 3004 1058 1001 3005 1046 1002 3006 1063 1002 3007 1045 1002 3008 1059 1003 3009 1047 1003 3010 1048 1003 3011 1047 1004 3012 1063 1004 3013 1046 1004 3014 1059 1005 3015 1063 1005 3016 1047 1005 3017 1059 1006 3018 1062 1006 3019 1063 1006 3020 1060 1007 3021 1062 1007 3022 1059 1007 3023 1060 1008 3024 1061 1008 3025 1062 1008 3026 1073 1009 3027 1071 1009 3028 1072 1009 3029 1073 1010 3030 1083 1010 3031 1071 1010 3032 1077 1011 3033 1075 1011 3034 1076 1011 3035 1077 1012 3036 1074 1012 3037 1075 1012 3038 1077 1013 3039 1073 1013 3040 1074 1013 3041 1077 1014 3042 1093 1014 3043 1073 1014 3044 1093 1015 3045 1094 1015 3046 1073 1015 3047 1094 1016 3048 1083 1016 3049 1073 1016 3050 1078 1017 3051 1091 1017 3052 1077 1017 3053 1091 1018 3054 1092 1018 3055 1077 1018 3056 1092 1019 3057 1093 1019 3058 1077 1019 3059 1078 1020 3060 1090 1020 3061 1091 1020 3062 1084 1021 3063 1083 1021 3064 1094 1021 3065 1078 1022 3066 1089 1022 3067 1090 1022 3068 1079 1023 3069 1089 1023 3070 1078 1023 3071 1079 1024 3072 1088 1024 3073 1089 1024 3074 1080 1025 3075 1088 1025 3076 1079 1025 3077 1080 1026 3078 1087 1026 3079 1088 1026 3080 1080 1027 3081 1086 1027 3082 1087 1027 3083 1081 1028 3084 1086 1028 3085 1080 1028 3086 1081 1029 3087 1085 1029 3088 1086 1029 3089 1081 1030 3090 1084 1030 3091 1085 1030 3092 1081 1031 3093 1083 1031 3094 1084 1031 3095 1082 1032 3096 1083 1032 3097 1081 1032 3098 1099 1033 3099 1097 1033 3100 1098 1033 3101 1099 1034 3102 1096 1034 3103 1097 1034 3104 1100 1035 3105 1096 1035 3106 1099 1035 3107 1100 1036 3108 1095 1036 3109 1096 1036 3110 1100 1037 3111 1127 1037 3112 1095 1037 3113 1127 1038 3114 1128 1038 3115 1095 1038 3116 1128 1039 3117 1129 1039 3118 1095 1039 3119 1101 1040 3120 1125 1040 3121 1100 1040 3122 1125 1041 3123 1126 1041 3124 1100 1041 3125 1126 1042 3126 1127 1042 3127 1100 1042 3128 1101 1043 3129 1124 1043 3130 1125 1043 3131 1101 1044 3132 1123 1044 3133 1124 1044 3134 1101 1045 3135 1122 1045 3136 1123 1045 3137 1102 1046 3138 1122 1046 3139 1101 1046 3140 1102 1047 3141 1121 1047 3142 1122 1047 3143 1102 1048 3144 1120 1048 3145 1121 1048 3146 1102 1049 3147 1119 1049 3148 1120 1049 3149 1103 1050 3150 1119 1050 3151 1102 1050 3152 1103 1051 3153 1118 1051 3154 1119 1051 3155 1104 1052 3156 1118 1052 3157 1103 1052 3158 1104 1053 3159 1117 1053 3160 1118 1053 3161 1111 1054 3162 1109 1054 3163 1110 1054 3164 1104 1055 3165 1116 1055 3166 1117 1055 3167 1105 1056 3168 1116 1056 3169 1104 1056 3170 1111 1057 3171 1108 1057 3172 1109 1057 3173 1106 1058 3174 1116 1058 3175 1105 1058 3176 1107 1059 3177 1116 1059 3178 1106 1059 3179 1111 1060 3180 1107 1060 3181 1108 1060 3182 1111 1061 3183 1116 1061 3184 1107 1061 3185 1111 1062 3186 1115 1062 3187 1116 1062 3188 1112 1063 3189 1115 1063 3190 1111 1063 3191 1113 1064 3192 1115 1064 3193 1112 1064 3194 1113 1065 3195 1114 1065 3196 1115 1065 3197 1147 1066 3198 1145 1066 3199 1146 1066 3200 1148 1067 3201 1145 1067 3202 1147 1067 3203 1132 1068 3204 1130 1068 3205 1131 1068 3206 1132 1069 3207 1150 1069 3208 1130 1069 3209 1148 1070 3210 1144 1070 3211 1145 1070 3212 1149 1071 3213 1137 1071 3214 1148 1071 3215 1137 1072 3216 1144 1072 3217 1148 1072 3218 1132 1073 3219 1149 1073 3220 1150 1073 3221 1132 1074 3222 1134 1074 3223 1149 1074 3224 1134 1075 3225 1135 1075 3226 1149 1075 3227 1135 1076 3228 1136 1076 3229 1149 1076 3230 1136 1077 3231 1137 1077 3232 1149 1077 3233 1138 1078 3234 1144 1078 3235 1137 1078 3236 1138 1079 3237 1143 1079 3238 1144 1079 3239 1139 1080 3240 1143 1080 3241 1138 1080 3242 1140 1081 3243 1143 1081 3244 1139 1081 3245 1132 1082 3246 1133 1082 3247 1134 1082 3248 1141 1083 3249 1143 1083 3250 1140 1083 3251 1141 1084 3252 1142 1084 3253 1143 1084 3254 1152 1085 3255 1162 1085 3256 1151 1085 3257 1152 1086 3258 1161 1086 3259 1162 1086 3260 1153 1087 3261 1163 1087 3262 1152 1087 3263 1163 1088 3264 1161 1088 3265 1152 1088 3266 1153 1089 3267 1174 1089 3268 1163 1089 3269 1164 1090 3270 1161 1090 3271 1163 1090 3272 1153 1091 3273 1173 1091 3274 1174 1091 3275 1165 1092 3276 1161 1092 3277 1164 1092 3278 1165 1093 3279 1160 1093 3280 1161 1093 3281 1154 1094 3282 1173 1094 3283 1153 1094 3284 1154 1095 3285 1172 1095 3286 1173 1095 3287 1166 1096 3288 1160 1096 3289 1165 1096 3290 1155 1097 3291 1172 1097 3292 1154 1097 3293 1155 1098 3294 1171 1098 3295 1172 1098 3296 1166 1099 3297 1159 1099 3298 1160 1099 3299 1167 1100 3300 1159 1100 3301 1166 1100 3302 1155 1101 3303 1170 1101 3304 1171 1101 3305 1168 1102 3306 1159 1102 3307 1167 1102 3308 1156 1103 3309 1170 1103 3310 1155 1103 3311 1168 1104 3312 1158 1104 3313 1159 1104 3314 1156 1105 3315 1169 1105 3316 1170 1105 3317 1169 1106 3318 1158 1106 3319 1168 1106 3320 1156 1107 3321 1158 1107 3322 1169 1107 3323 1157 1108 3324 1158 1108 3325 1156 1108 3326 1189 1109 3327 1187 1109 3328 1188 1109 3329 1189 1110 3330 1190 1110 3331 1187 1110 3332 1179 1111 3333 1177 1111 3334 1178 1111 3335 1180 1112 3336 1177 1112 3337 1179 1112 3338 1180 1113 3339 1176 1113 3340 1177 1113 3341 1181 1114 3342 1176 1114 3343 1180 1114 3344 1181 1115 3345 1175 1115 3346 1176 1115 3347 1182 1116 3348 1175 1116 3349 1181 1116 3350 1182 1117 3351 1186 1117 3352 1175 1117 3353 1183 1118 3354 1186 1118 3355 1182 1118 3356 1183 1119 3357 1185 1119 3358 1186 1119 3359 1183 1120 3360 1184 1120 3361 1185 1120 3362 1192 1121 3363 1212 1121 3364 1191 1121 3365 1192 1122 3366 1211 1122 3367 1212 1122 3368 1192 1123 3369 1210 1123 3370 1211 1123 3371 1193 1124 3372 1210 1124 3373 1192 1124 3374 1194 1125 3375 1210 1125 3376 1193 1125 3377 1195 1126 3378 1209 1126 3379 1194 1126 3380 1209 1127 3381 1210 1127 3382 1194 1127 3383 1195 1128 3384 1208 1128 3385 1209 1128 3386 1195 1129 3387 1207 1129 3388 1208 1129 3389 1196 1130 3390 1207 1130 3391 1195 1130 3392 1203 1131 3393 1201 1131 3394 1202 1131 3395 1196 1132 3396 1206 1132 3397 1207 1132 3398 1204 1133 3399 1201 1133 3400 1203 1133 3401 1196 1134 3402 1205 1134 3403 1206 1134 3404 1205 1135 3405 1201 1135 3406 1204 1135 3407 1196 1136 3408 1201 1136 3409 1205 1136 3410 1197 1137 3411 1201 1137 3412 1196 1137 3413 1197 1138 3414 1200 1138 3415 1201 1138 3416 1198 1139 3417 1200 1139 3418 1197 1139 3419 1198 1140 3420 1199 1140 3421 1200 1140 3422 1224 1141 3423 1222 1141 3424 1223 1141 3425 1225 1142 3426 1222 1142 3427 1224 1142 3428 1225 1143 3429 1221 1143 3430 1222 1143 3431 1226 1144 3432 1221 1144 3433 1225 1144 3434 1227 1145 3435 1228 1145 3436 1226 1145 3437 1228 1146 3438 1229 1146 3439 1226 1146 3440 1229 1147 3441 1230 1147 3442 1226 1147 3443 1230 1148 3444 1221 1148 3445 1226 1148 3446 1230 1149 3447 1231 1149 3448 1221 1149 3449 1231 1150 3450 1220 1150 3451 1221 1150 3452 1232 1151 3453 1220 1151 3454 1231 1151 3455 1233 1152 3456 1220 1152 3457 1232 1152 3458 1233 1153 3459 1219 1153 3460 1220 1153 3461 1234 1154 3462 1219 1154 3463 1233 1154 3464 1235 1155 3465 1260 1155 3466 1234 1155 3467 1260 1156 3468 1219 1156 3469 1234 1156 3470 1236 1157 3471 1260 1157 3472 1235 1157 3473 1236 1158 3474 1259 1158 3475 1260 1158 3476 1251 1159 3477 1219 1159 3478 1260 1159 3479 1237 1160 3480 1259 1160 3481 1236 1160 3482 1237 1161 3483 1258 1161 3484 1259 1161 3485 1238 1162 3486 1258 1162 3487 1237 1162 3488 1238 1163 3489 1257 1163 3490 1258 1163 3491 1238 1164 3492 1256 1164 3493 1257 1164 3494 1239 1165 3495 1256 1165 3496 1238 1165 3497 1252 1166 3498 1219 1166 3499 1251 1166 3500 1239 1167 3501 1255 1167 3502 1256 1167 3503 1214 1168 3504 1250 1168 3505 1213 1168 3506 1252 1169 3507 1218 1169 3508 1219 1169 3509 1253 1170 3510 1218 1170 3511 1252 1170 3512 1215 1171 3513 1250 1171 3514 1214 1171 3515 1253 1172 3516 1217 1172 3517 1218 1172 3518 1239 1173 3519 1254 1173 3520 1255 1173 3521 1216 1174 3522 1250 1174 3523 1215 1174 3524 1254 1175 3525 1217 1175 3526 1253 1175 3527 1254 1176 3528 1216 1176 3529 1217 1176 3530 1254 1177 3531 1250 1177 3532 1216 1177 3533 1239 1178 3534 1244 1178 3535 1254 1178 3536 1244 1179 3537 1250 1179 3538 1254 1179 3539 1240 1180 3540 1244 1180 3541 1239 1180 3542 1240 1181 3543 1243 1181 3544 1244 1181 3545 1245 1182 3546 1250 1182 3547 1244 1182 3548 1245 1183 3549 1249 1183 3550 1250 1183 3551 1240 1184 3552 1242 1184 3553 1243 1184 3554 1246 1185 3555 1249 1185 3556 1245 1185 3557 1241 1186 3558 1242 1186 3559 1240 1186 3560 1246 1187 3561 1248 1187 3562 1249 1187 3563 1247 1188 3564 1248 1188 3565 1246 1188 3566 1263 1189 3567 1261 1189 3568 1262 1189 3569 1263 1190 3570 1264 1190 3571 1261 1190 3572 1269 1191 3573 1267 1191 3574 1268 1191 3575 1269 1192 3576 1266 1192 3577 1267 1192 3578 1270 1193 3579 1266 1193 3580 1269 1193 3581 1270 1194 3582 1265 1194 3583 1266 1194 3584 1270 1195 3585 1297 1195 3586 1265 1195 3587 1297 1196 3588 1298 1196 3589 1265 1196 3590 1298 1197 3591 1299 1197 3592 1265 1197 3593 1271 1198 3594 1295 1198 3595 1270 1198 3596 1295 1199 3597 1296 1199 3598 1270 1199 3599 1296 1200 3600 1297 1200 3601 1270 1200 3602 1271 1201 3603 1294 1201 3604 1295 1201 3605 1271 1202 3606 1293 1202 3607 1294 1202 3608 1271 1203 3609 1292 1203 3610 1293 1203 3611 1272 1204 3612 1292 1204 3613 1271 1204 3614 1272 1205 3615 1291 1205 3616 1292 1205 3617 1272 1206 3618 1290 1206 3619 1291 1206 3620 1272 1207 3621 1289 1207 3622 1290 1207 3623 1273 1208 3624 1289 1208 3625 1272 1208 3626 1273 1209 3627 1288 1209 3628 1289 1209 3629 1274 1210 3630 1288 1210 3631 1273 1210 3632 1274 1211 3633 1287 1211 3634 1288 1211 3635 1281 1212 3636 1279 1212 3637 1280 1212 3638 1274 1213 3639 1286 1213 3640 1287 1213 3641 1275 1214 3642 1286 1214 3643 1274 1214 3644 1281 1215 3645 1278 1215 3646 1279 1215 3647 1276 1216 3648 1286 1216 3649 1275 1216 3650 1277 1217 3651 1286 1217 3652 1276 1217 3653 1281 1218 3654 1277 1218 3655 1278 1218 3656 1281 1219 3657 1286 1219 3658 1277 1219 3659 1281 1220 3660 1285 1220 3661 1286 1220 3662 1282 1221 3663 1285 1221 3664 1281 1221 3665 1283 1222 3666 1285 1222 3667 1282 1222 3668 1283 1223 3669 1284 1223 3670 1285 1223 3671 1317 1224 3672 1315 1224 3673 1316 1224 3674 1318 1225 3675 1315 1225 3676 1317 1225 3677 1302 1226 3678 1300 1226 3679 1301 1226 3680 1302 1227 3681 1320 1227 3682 1300 1227 3683 1318 1228 3684 1314 1228 3685 1315 1228 3686 1319 1229 3687 1307 1229 3688 1318 1229 3689 1307 1230 3690 1314 1230 3691 1318 1230 3692 1302 1231 3693 1319 1231 3694 1320 1231 3695 1302 1232 3696 1304 1232 3697 1319 1232 3698 1304 1233 3699 1305 1233 3700 1319 1233 3701 1305 1234 3702 1306 1234 3703 1319 1234 3704 1306 1235 3705 1307 1235 3706 1319 1235 3707 1308 1236 3708 1314 1236 3709 1307 1236 3710 1308 1237 3711 1313 1237 3712 1314 1237 3713 1309 1238 3714 1313 1238 3715 1308 1238 3716 1310 1239 3717 1313 1239 3718 1309 1239 3719 1302 1240 3720 1303 1240 3721 1304 1240 3722 1311 1241 3723 1313 1241 3724 1310 1241 3725 1311 1242 3726 1312 1242 3727 1313 1242 3728 1332 1243 3729 1330 1243 3730 1331 1243 3731 1333 1244 3732 1330 1244 3733 1332 1244 3734 1333 1245 3735 1329 1245 3736 1330 1245 3737 1334 1246 3738 1329 1246 3739 1333 1246 3740 1335 1247 3741 1336 1247 3742 1334 1247 3743 1336 1248 3744 1337 1248 3745 1334 1248 3746 1337 1249 3747 1338 1249 3748 1334 1249 3749 1338 1250 3750 1329 1250 3751 1334 1250 3752 1338 1251 3753 1339 1251 3754 1329 1251 3755 1339 1252 3756 1328 1252 3757 1329 1252 3758 1340 1253 3759 1328 1253 3760 1339 1253 3761 1341 1254 3762 1328 1254 3763 1340 1254 3764 1341 1255 3765 1327 1255 3766 1328 1255 3767 1342 1256 3768 1327 1256 3769 1341 1256 3770 1343 1257 3771 1368 1257 3772 1342 1257 3773 1368 1258 3774 1327 1258 3775 1342 1258 3776 1344 1259 3777 1368 1259 3778 1343 1259 3779 1344 1260 3780 1367 1260 3781 1368 1260 3782 1359 1261 3783 1327 1261 3784 1368 1261 3785 1345 1262 3786 1367 1262 3787 1344 1262 3788 1345 1263 3789 1366 1263 3790 1367 1263 3791 1346 1264 3792 1366 1264 3793 1345 1264 3794 1346 1265 3795 1365 1265 3796 1366 1265 3797 1346 1266 3798 1364 1266 3799 1365 1266 3800 1347 1267 3801 1364 1267 3802 1346 1267 3803 1360 1268 3804 1327 1268 3805 1359 1268 3806 1347 1269 3807 1363 1269 3808 1364 1269 3809 1322 1270 3810 1358 1270 3811 1321 1270 3812 1360 1271 3813 1326 1271 3814 1327 1271 3815 1361 1272 3816 1326 1272 3817 1360 1272 3818 1323 1273 3819 1358 1273 3820 1322 1273 3821 1361 1274 3822 1325 1274 3823 1326 1274 3824 1347 1275 3825 1362 1275 3826 1363 1275 3827 1324 1276 3828 1358 1276 3829 1323 1276 3830 1362 1277 3831 1325 1277 3832 1361 1277 3833 1362 1278 3834 1324 1278 3835 1325 1278 3836 1362 1279 3837 1358 1279 3838 1324 1279 3839 1347 1280 3840 1352 1280 3841 1362 1280 3842 1352 1281 3843 1358 1281 3844 1362 1281 3845 1348 1282 3846 1352 1282 3847 1347 1282 3848 1348 1283 3849 1351 1283 3850 1352 1283 3851 1353 1284 3852 1358 1284 3853 1352 1284 3854 1353 1285 3855 1357 1285 3856 1358 1285 3857 1348 1286 3858 1350 1286 3859 1351 1286 3860 1354 1287 3861 1357 1287 3862 1353 1287 3863 1349 1288 3864 1350 1288 3865 1348 1288 3866 1354 1289 3867 1356 1289 3868 1357 1289 3869 1355 1290 3870 1356 1290 3871 1354 1290 3872 1383 1291 3873 1381 1291 3874 1382 1291 3875 1383 1292 3876 1380 1292 3877 1381 1292 3878 1370 1293 3879 1387 1293 3880 1369 1293 3881 1370 1294 3882 1386 1294 3883 1387 1294 3884 1384 1295 3885 1380 1295 3886 1383 1295 3887 1384 1296 3888 1379 1296 3889 1380 1296 3890 1385 1297 3891 1379 1297 3892 1384 1297 3893 1385 1298 3894 1375 1298 3895 1379 1298 3896 1375 1299 3897 1376 1299 3898 1379 1299 3899 1376 1300 3900 1377 1300 3901 1379 1300 3902 1377 1301 3903 1378 1301 3904 1379 1301 3905 1385 1302 3906 1374 1302 3907 1375 1302 3908 1385 1303 3909 1373 1303 3910 1374 1303 3911 1370 1304 3912 1385 1304 3913 1386 1304 3914 1370 1305 3915 1373 1305 3916 1385 1305 3917 1370 1306 3918 1372 1306 3919 1373 1306 3920 1370 1307 3921 1371 1307 3922 1372 1307 3923 1389 1308 3924 1409 1308 3925 1388 1308 3926 1389 1309 3927 1408 1309 3928 1409 1309 3929 1389 1310 3930 1407 1310 3931 1408 1310 3932 1390 1311 3933 1407 1311 3934 1389 1311 3935 1391 1312 3936 1407 1312 3937 1390 1312 3938 1392 1313 3939 1406 1313 3940 1391 1313 3941 1406 1314 3942 1407 1314 3943 1391 1314 3944 1392 1315 3945 1405 1315 3946 1406 1315 3947 1392 1316 3948 1404 1316 3949 1405 1316 3950 1393 1317 3951 1404 1317 3952 1392 1317 3953 1400 1318 3954 1398 1318 3955 1399 1318 3956 1393 1319 3957 1403 1319 3958 1404 1319 3959 1401 1320 3960 1398 1320 3961 1400 1320 3962 1393 1321 3963 1402 1321 3964 1403 1321 3965 1402 1322 3966 1398 1322 3967 1401 1322 3968 1393 1323 3969 1398 1323 3970 1402 1323 3971 1394 1324 3972 1398 1324 3973 1393 1324 3974 1394 1325 3975 1397 1325 3976 1398 1325 3977 1395 1326 3978 1397 1326 3979 1394 1326 3980 1395 1327 3981 1396 1327 3982 1397 1327 3983 1414 1328 3984 1412 1328 3985 1413 1328 3986 1414 1329 3987 1411 1329 3988 1412 1329 3989 1415 1330 3990 1411 1330 3991 1414 1330 3992 1415 1331 3993 1410 1331 3994 1411 1331 3995 1415 1332 3996 1442 1332 3997 1410 1332 3998 1442 1333 3999 1443 1333 4000 1410 1333 4001 1443 1334 4002 1444 1334 4003 1410 1334 4004 1416 1335 4005 1440 1335 4006 1415 1335 4007 1440 1336 4008 1441 1336 4009 1415 1336 4010 1441 1337 4011 1442 1337 4012 1415 1337 4013 1416 1338 4014 1439 1338 4015 1440 1338 4016 1416 1339 4017 1438 1339 4018 1439 1339 4019 1416 1340 4020 1437 1340 4021 1438 1340 4022 1417 1341 4023 1437 1341 4024 1416 1341 4025 1417 1342 4026 1436 1342 4027 1437 1342 4028 1417 1343 4029 1435 1343 4030 1436 1343 4031 1417 1344 4032 1434 1344 4033 1435 1344 4034 1418 1345 4035 1434 1345 4036 1417 1345 4037 1418 1346 4038 1433 1346 4039 1434 1346 4040 1419 1347 4041 1433 1347 4042 1418 1347 4043 1419 1348 4044 1432 1348 4045 1433 1348 4046 1426 1349 4047 1424 1349 4048 1425 1349 4049 1419 1350 4050 1431 1350 4051 1432 1350 4052 1420 1351 4053 1431 1351 4054 1419 1351 4055 1426 1352 4056 1423 1352 4057 1424 1352 4058 1421 1353 4059 1431 1353 4060 1420 1353 4061 1422 1354 4062 1431 1354 4063 1421 1354 4064 1426 1355 4065 1422 1355 4066 1423 1355 4067 1426 1356 4068 1431 1356 4069 1422 1356 4070 1426 1357 4071 1430 1357 4072 1431 1357 4073 1427 1358 4074 1430 1358 4075 1426 1358 4076 1428 1359 4077 1430 1359 4078 1427 1359 4079 1428 1360 4080 1429 1360 4081 1430 1360 4082 1456 1361 4083 1454 1361 4084 1455 1361 4085 1456 1362 4086 1453 1362 4087 1454 1362 4088 1457 1363 4089 1468 1363 4090 1456 1363 4091 1468 1364 4092 1453 1364 4093 1456 1364 4094 1457 1365 4095 1467 1365 4096 1468 1365 4097 1469 1366 4098 1453 1366 4099 1468 1366 4100 1457 1367 4101 1466 1367 4102 1467 1367 4103 1470 1368 4104 1453 1368 4105 1469 1368 4106 1458 1369 4107 1466 1369 4108 1457 1369 4109 1470 1370 4110 1452 1370 4111 1453 1370 4112 1458 1371 4113 1465 1371 4114 1466 1371 4115 1471 1372 4116 1452 1372 4117 1470 1372 4118 1458 1373 4119 1471 1373 4120 1465 1373 4121 1458 1374 4122 1452 1374 4123 1471 1374 4124 1459 1375 4125 1451 1375 4126 1458 1375 4127 1451 1376 4128 1452 1376 4129 1458 1376 4130 1459 1377 4131 1450 1377 4132 1451 1377 4133 1459 1378 4134 1449 1378 4135 1450 1378 4136 1446 1379 4137 1464 1379 4138 1445 1379 4139 1460 1380 4140 1449 1380 4141 1459 1380 4142 1447 1381 4143 1464 1381 4144 1446 1381 4145 1460 1382 4146 1448 1382 4147 1449 1382 4148 1448 1383 4149 1464 1383 4150 1447 1383 4151 1460 1384 4152 1464 1384 4153 1448 1384 4154 1460 1385 4155 1463 1385 4156 1464 1385 4157 1461 1386 4158 1463 1386 4159 1460 1386 4160 1461 1387 4161 1462 1387 4162 1463 1387 4163 1474 1388 4164 1472 1388 4165 1473 1388 4166 1474 1389 4167 1477 1389 4168 1472 1389 4169 1474 1390 4170 1476 1390 4171 1477 1390 4172 1474 1391 4173 1475 1391 4174 1476 1391 4175</p>
        </triangles>
      </mesh>
    </geometry>
    <geometry id="Metres_1_1___4_reperes_locaux___disposition_eclatee_de_travai-mesh" name="Metres 1:1 | 4 reperes locaux | disposition eclatee de travai">
      <mesh>
        <source id="Metres_1_1___4_reperes_locaux___disposition_eclatee_de_travai-mesh-positions">
          <float_array id="Metres_1_1___4_reperes_locaux___disposition_eclatee_de_travai-mesh-positions-array" count="3495">6.54291 0.18414 0 6.51888 0.18414 0 6.51888 0 0 6.54291 0 0 6.48621 0.15795 0 6.484241 0.16514 0 6.479091 0.17029 0 6.4719 0.17226 0 6.46471 0.17029 0 6.45956 0.16514 0 6.45759 0.15795 0 6.45956 0.15076 0 6.464711 0.14561 0 6.4719 0.14364 0 6.479091 0.14561 0 6.484241 0.15076 0 6.48378 0.12123 0 6.459751 0.12123 0 6.459751 0 0 6.48378 0 0 6.43788 0.0216 0 6.432731 0.01811999 0 6.42836 0.01589995 0 6.42519 0.01511996 0 6.42268 0.01570999 0 6.42113 0.01767998 0 6.4206 0.02132999 0 6.4206 0.0837 0 6.41465 0.1063 0 6.398921 0.11942 0 6.37659 0.12366 0 6.36046 0.12185 0 6.34709 0.11638 0 6.33636 0.10719 0 6.33636 0.08099997 0 6.34852 0.09229999 0 6.361461 0.09885996 0 6.374701 0.10098 0 6.38685 0.09881001 0 6.39414 0.09189999 0 6.39657 0.07964998 0 6.39657 0.07317 0 6.375241 0.06560999 0 6.355891 0.05788999 0 6.340321 0.04632997 0 6.33393 0.02726995 0 6.33767 0.01260995 0 6.348011 0.001789987 0 6.36363 -0.002429962 0 6.37468 -0.001069962 0 6.385611 0.003049969 0 6.3963 0.009989976 0 6.39968 0.002929985 0 6.4057 -0.001129984 0 6.41466 -0.002429962 0 6.421581 -0.001599967 0 6.428621 0.001329958 0 6.43788 0.007019996 0 6.39657 0.02456998 0 6.38991 0.01921999 0 6.38289 0.01578998 0 6.375511 0.01457995 0 6.36659 0.01677 0 6.36049 0.02274 0 6.35823 0.03158998 0 6.36361 0.04373997 0 6.37751 0.05264997 0 6.39657 0.05993998 0 6.26427 -0.002429962 0 6.27237 -0.002429962 0 6.32583 0.12123 0 6.30018 0.12123 0 6.268321 0.04670995 0 6.235651 0.12123 0 6.209461 0.12123 0 6.20433 0.0216 0 6.199181 0.01811999 0 6.19481 0.01589995 0 6.19164 0.01511996 0 6.18913 0.01570999 0 6.18758 0.01767998 0 6.18705 0.02132999 0 6.18705 0.0837 0 6.1811 0.1063 0 6.16537 0.11942 0 6.143041 0.12366 0 6.12691 0.12185 0 6.11354 0.11638 0 6.10281 0.10719 0 6.10281 0.08099997 0 6.114971 0.09229999 0 6.127911 0.09885996 0 6.14115 0.10098 0 6.1533 0.09881001 0 6.16059 0.09189999 0 6.16302 0.07964998 0 6.16302 0.07317 0 6.141691 0.06560999 0 6.122341 0.05788999 0 6.10677 0.04632997 0 6.10038 0.02726995 0 6.10412 0.01260995 0 6.11446 0.001789987 0 6.13008 -0.002429962 0 6.14113 -0.001069962 0 6.15206 0.003049969 0 6.16275 0.009989976 0 6.166131 0.002929985 0 6.172151 -0.001129984 0 6.181111 -0.002429962 0 6.188031 -0.001599967 0 6.195071 0.001329958 0 6.20433 0.007019996 0 6.16302 0.02456998 0 6.15636 0.01921999 0 6.14934 0.01578998 0 6.141961 0.01457995 0 6.13304 0.01677 0 6.12694 0.02274 0 6.12468 0.03158998 0 6.13006 0.04373997 0 6.14396 0.05264997 0 6.16302 0.05993998 0 6.005071 0.12123 0 6.005071 0 0 6.029101 0 0 6.029101 0.06344997 0 6.033071 0.08235001 0 6.043581 0.09566998 0 6.05853 0.10071 0 6.06524 0.09918999 0 6.073151 0.09503 0 6.080941 0.08882999 0 6.09363 0.10962 0 6.08386 0.11746 0 6.07433 0.12212 0 6.064741 0.12366 0 6.0533 0.12056 0 6.04162 0.11074 0 6.029641 0.09341996 0 6.029101 0.09341996 0 6.029101 0.12123 0 5.94162 0.14634 0 5.896531 0.10233 0 5.896531 0.09962999 0 5.91759 0.09962999 0 5.91759 0.03564 0 5.92199 0.01604998 0 5.935151 0.002579987 0 5.957011 -0.002429962 0 5.96619 -0.001349985 0 5.97663 0.001529991 0 5.986171 0.005669951 0 5.986171 0.02807998 0 5.976701 0.02312999 0 5.967651 0.02015995 0 5.9589 0.01916998 0 5.951301 0.02074998 0 5.94454 0.02640998 0 5.94162 0.03753 0 5.94162 0.09962999 0 5.97996 0.09962999 0 5.97996 0.12123 0 5.94162 0.12123 0 5.8104 0.03509998 0 5.796411 0.02723997 0 5.782361 0.02225995 0 5.768011 0.02051997 0 5.747961 0.02462995 0 5.73433 0.03683996 0 5.72724 0.05697 0 5.81256 0.05697 0 5.80605 0.09417998 0 5.78784 0.11633 0 5.75991 0.12366 0 5.73033 0.11586 0 5.710471 0.09438002 0 5.70321 0.06209999 0 5.71007 0.03048998 0 5.73001 0.006859958 0 5.762071 -0.002429962 0 5.78048 -8.8e-4 0 5.79595 0.003849983 0 5.8104 0.01187998 0 5.72778 0.07289999 0 5.73361 0.08919 0 5.74454 0.09935998 0 5.76045 0.10287 0 5.77518 0.09917998 0 5.78487 0.08882999 0 5.7888 0.07289999 0 5.67621 0.18414 0 5.65218 0.18414 0 5.65218 0.1188 0 5.64308 0.12162 0 5.63482 0.12318 0 5.6268 0.12366 0 5.5954 0.11585 0 5.574141 0.09465998 0 5.56632 0.06344997 0 5.57354 0.02971994 0 5.59384 0.007809937 0 5.62518 0 0 5.67621 0 0 5.65218 0.02024996 0 5.62788 0.02024996 0 5.60593 0.02549999 0 5.5943 0.03956997 0 5.59089 0.05993998 0 5.59581 0.08213996 0 5.60937 0.09678 0 5.62977 0.10206 0 5.637381 0.10159 0 5.644571 0.1001 0 5.65218 0.09746998 0 5.46831 0.03509998 0 5.45432 0.02723997 0 5.44027 0.02225995 0 5.42592 0.02051997 0 5.40587 0.02462995 0 5.39224 0.03683996 0 5.38515 0.05697 0 5.47047 0.05697 0 5.46396 0.09417998 0 5.44575 0.11633 0 5.41782 0.12366 0 5.38824 0.11586 0 5.36838 0.09438002 0 5.36112 0.06209999 0 5.36798 0.03048998 0 5.38792 0.006859958 0 5.419981 -0.002429962 0 5.43839 -8.8e-4 0 5.45386 0.003849983 0 5.46831 0.01187998 0 5.38569 0.07289999 0 5.39152 0.08919 0 5.40245 0.09935998 0 5.41836 0.10287 0 5.43309 0.09917998 0 5.44278 0.08882999 0 5.44671 0.07289999 0 5.33898 0.03509998 0 5.32499 0.02723997 0 5.31094 0.02225995 0 5.29659 0.02051997 0 5.27654 0.02462995 0 5.26291 0.03683996 0 5.25582 0.05697 0 5.34114 0.05697 0 5.33463 0.09417998 0 5.316421 0.11633 0 5.28849 0.12366 0 5.258911 0.11586 0 5.239051 0.09438002 0 5.231791 0.06209999 0 5.23865 0.03048998 0 5.25859 0.006859958 0 5.29065 -0.002429962 0 5.30906 -8.8e-4 0 5.32453 0.003849983 0 5.33898 0.01187998 0 5.256361 0.07289999 0 5.26219 0.08919 0 5.27312 0.09935998 0 5.289031 0.10287 0 5.303761 0.09917998 0 5.31345 0.08882999 0 5.31738 0.07289999 0 5.1759 0.14634 0 5.13081 0.10233 0 5.13081 0.09962999 0 5.15187 0.09962999 0 5.15187 0.03564 0 5.15627 0.01604998 0 5.169431 0.002579987 0 5.19129 -0.002429962 0 5.20047 -0.001349985 0 5.21091 0.001529991 0 5.22045 0.005669951 0 5.22045 0.02807998 0 5.21098 0.02312999 0 5.20193 0.02015995 0 5.193181 0.01916998 0 5.18558 0.02074998 0 5.17882 0.02640998 0 5.1759 0.03753 0 5.1759 0.09962999 0 5.21424 0.09962999 0 5.21424 0.12123 0 5.1759 0.12123 0 5.12649 0.0216 0 5.12134 0.01811999 0 5.11697 0.01589995 0 5.113801 0.01511996 0 5.11129 0.01570999 0 5.10974 0.01767998 0 5.10921 0.02132999 0 5.10921 0.0837 0 5.10326 0.1063 0 5.087531 0.11942 0 5.0652 0.12366 0 5.04907 0.12185 0 5.0357 0.11638 0 5.02497 0.10719 0 5.02497 0.08099997 0 5.03713 0.09229999 0 5.05007 0.09885996 0 5.06331 0.10098 0 5.07546 0.09881001 0 5.08275 0.09189999 0 5.08518 0.07964998 0 5.08518 0.07317 0 5.06385 0.06560999 0 5.0445 0.05788999 0 5.02893 0.04632997 0 5.02254 0.02726995 0 5.02628 0.01260995 0 5.03662 0.001789987 0 5.05224 -0.002429962 0 5.06329 -0.001069962 0 5.07422 0.003049969 0 5.08491 0.009989976 0 5.08829 0.002929985 0 5.09431 -0.001129984 0 5.103271 -0.002429962 0 5.11019 -0.001599967 0 5.11723 0.001329958 0 5.12649 0.007019996 0 5.08518 0.02456998 0 5.07852 0.01921999 0 5.0715 0.01578998 0 5.06412 0.01457995 0 5.0552 0.01677 0 5.0491 0.02274 0 5.04684 0.03158998 0 5.05222 0.04373997 0 5.06612 0.05264997 0 5.08518 0.05993998 0 4.99797 0.18414 0 4.97394 0.18414 0 4.97394 0 0 4.99797 0 0 4.94424 0.11529 0 4.9331 0.11974 0 4.9219 0.12263 0 4.909141 0.12366 0 4.877281 0.1156 0 4.856581 0.09301996 0 4.8492 0.05831998 0 4.85712 0.02673 0 4.87872 0.005399942 0 4.91076 -0.002429962 0 4.92398 -0.001449942 0 4.93678 0.00108999 0 4.94694 0.004589974 0 4.94694 0.02834999 0 4.93549 0.02384996 0 4.925 0.02114999 0 4.914811 0.02024996 0 4.89313 0.02509999 0 4.87889 0.03889 0 4.87377 0.06047999 0 4.8785 0.08204001 0 4.89145 0.09634 0 4.91076 0.10152 0 4.92106 0.10048 0 4.93178 0.09679996 0 4.94424 0.08963996 0 4.82706 0.03509998 0 4.81307 0.02723997 0 4.79902 0.02225995 0 4.78467 0.02051997 0 4.76462 0.02462995 0 4.75099 0.03683996 0 4.7439 0.05697 0 4.82922 0.05697 0 4.82271 0.09417998 0 4.804501 0.11633 0 4.77657 0.12366 0 4.746991 0.11586 0 4.727131 0.09438002 0 4.719871 0.06209999 0 4.72673 0.03048998 0 4.74667 0.006859958 0 4.77873 -0.002429962 0 4.79714 -8.8e-4 0 4.81261 0.003849983 0 4.82706 0.01187998 0 4.744441 0.07289999 0 4.75027 0.08919 0 4.7612 0.09935998 0 4.777111 0.10287 0 4.791841 0.09917998 0 4.80153 0.08882999 0 4.80546 0.07289999 0 4.53924 0.12123 0 4.515211 0.12123 0 4.515211 0 0 4.53924 0 0 4.53924 0.08693999 0 4.54978 0.09713 0 4.55948 0.10276 0 4.56948 0.10449 0 4.58212 0.10082 0 4.59032 0.09060996 0 4.59324 0.07506 0 4.59324 0 0 4.61727 0 0 4.61727 0.07479 0 4.61166 0.10222 0 4.59687 0.11837 0 4.57596 0.12366 0 4.562621 0.12148 0 4.550241 0.11522 0 4.539781 0.1053 0 4.53924 0.1053 0 4.42341 0.12366 0 4.39074 0.11537 0 4.36797 0.09333997 0 4.35942 0.06182998 0 4.36773 0.02860999 0 4.39026 0.005949974 0 4.42341 -0.002429962 0 4.4577 0.005709946 0 4.48065 0.02812999 0 4.48902 0.06182998 0 4.48047 0.09381997 0 4.45734 0.11561 0 4.42314 0.10206 0 4.44453 0.09678 0 4.45908 0.08249998 0 4.46445 0.06155997 0 4.45938 0.03892999 0 4.44513 0.02433997 0 4.42314 0.01916998 0 4.40267 0.02452999 0 4.388981 0.03937 0 4.383991 0.06182998 0 4.389101 0.08257997 0 4.40291 0.09679001 0 4.33458 0.15795 0 4.332611 0.16514 0 4.327461 0.17029 0 4.320271 0.17226 0 4.31308 0.17029 0 4.30793 0.16514 0 4.30596 0.15795 0 4.30793 0.15076 0 4.313081 0.14561 0 4.320271 0.14364 0 4.32746 0.14561 0 4.33261 0.15076 0 4.33215 0.12123 0 4.30812 0.12123 0 4.30812 0 0 4.33215 0 0 4.24575 0.14634 0 4.20066 0.10233 0 4.20066 0.09962999 0 4.22172 0.09962999 0 4.22172 0.03564 0 4.22612 0.01604998 0 4.23928 0.002579987 0 4.26114 -0.002429962 0 4.27032 -0.001349985 0 4.28076 0.001529991 0 4.2903 0.005669951 0 4.2903 0.02807998 0 4.28083 0.02312999 0 4.27178 0.02015995 0 4.263031 0.01916998 0 4.255431 0.02074998 0 4.248671 0.02640998 0 4.24575 0.03753 0 4.24575 0.09962999 0 4.28409 0.09962999 0 4.28409 0.12123 0 4.24575 0.12123 0 4.18554 0.15795 0 4.18357 0.16514 0 4.178421 0.17029 0 4.17123 0.17226 0 4.164041 0.17029 0 4.158891 0.16514 0 4.15692 0.15795 0 4.15889 0.15076 0 4.16404 0.14561 0 4.17123 0.14364 0 4.178421 0.14561 0 4.18357 0.15076 0 4.18311 0.12123 0 4.15908 0.12123 0 4.15908 0 0 4.18311 0 0 4.125061 0.11367 0 4.1127 0.11926 0 4.100881 0.12257 0 4.08942 0.12366 0 4.06826 0.11968 0 4.05442 0.10838 0 4.04946 0.09071999 0 4.06416 0.06479996 0 4.09146 0.04769998 0 4.10616 0.03239995 0 4.1037 0.02511 0 4.09728 0.02051997 0 4.08834 0.01862996 0 4.07721 0.02035999 0 4.06374 0.02562999 0 4.04865 0.03455996 0 4.04865 0.008639991 0 4.06323 0.002169966 0 4.07673 -0.001359999 0 4.09077 -0.002429962 0 4.11133 0.00206995 0 4.125471 0.01448994 0 4.13073 0.03320997 0 4.1281 0.04460996 0 4.11941 0.05528998 0 4.10346 0.06722998 0 4.08635 0.07784998 0 4.07692 0.08559 0 4.07403 0.09152996 0 4.076 0.09727996 0 4.08151 0.10117 0 4.089961 0.1026 0 4.10002 0.10129 0 4.11194 0.09715998 0 4.125061 0.08990997 0 3.96225 0.12366 0 3.92958 0.11537 0 3.90681 0.09333997 0 3.89826 0.06182998 0 3.90657 0.02860999 0 3.9291 0.005949974 0 3.96225 -0.002429962 0 3.99654 0.005709946 0 4.01949 0.02812999 0 4.02786 0.06182998 0 4.01931 0.09381997 0 3.99618 0.11561 0 3.96198 0.10206 0 3.98337 0.09678 0 3.99792 0.08249998 0 4.00329 0.06155997 0 3.99822 0.03892999 0 3.98397 0.02433997 0 3.96198 0.01916998 0 3.94151 0.02452999 0 3.92782 0.03937 0 3.92283 0.06182998 0 3.92794 0.08257997 0 3.94175 0.09679001 0 3.79296 0.00296998 0 3.8016 -1.1e-4 0 3.80952 -0.001869976 0 3.81726 -0.002429962 0 3.84918 0.005569994 0 3.87084 0.02736997 0 3.87882 0.05966997 0 3.87095 0.09338998 0 3.8479 0.11415 0 3.81051 0.12123 0 3.76893 0.12123 0 3.76893 -0.06209999 0 3.79296 -0.06209999 0 3.79296 0.09962999 0 3.81483 0.09962999 0 3.83669 0.09491997 0 3.84985 0.08138996 0 3.85425 0.05993998 0 3.84922 0.03892999 0 3.83561 0.02451997 0 3.81564 0.01916998 0 3.80802 0.01978999 0 3.8004 0.02160996 0 3.79296 0.02456998 0 3.73707 0.11367 0 3.72471 0.11926 0 3.71289 0.12257 0 3.70143 0.12366 0 3.68027 0.11968 0 3.66643 0.10838 0 3.66147 0.09071999 0 3.67617 0.06479996 0 3.70347 0.04769998 0 3.71817 0.03239995 0 3.71571 0.02511 0 3.70929 0.02051997 0 3.70035 0.01862996 0 3.68922 0.02035999 0 3.67575 0.02562999 0 3.66066 0.03455996 0 3.66066 0.008639991 0 3.67524 0.002169966 0 3.68874 -0.001359999 0 3.70278 -0.002429962 0 3.72334 0.00206995 0 3.73748 0.01448994 0 3.74274 0.03320997 0 3.74011 0.04460996 0 3.73142 0.05528998 0 3.71547 0.06722998 0 3.69836 0.07784998 0 3.68893 0.08559 0 3.68604 0.09152996 0 3.68801 0.09727996 0 3.69352 0.10117 0 3.70197 0.1026 0 3.71203 0.10129 0 3.72395 0.09715998 0 3.73707 0.08990997 0 3.63447 0.15795 0 3.6325 0.16514 0 3.62735 0.17029 0 3.62016 0.17226 0 3.61297 0.17029 0 3.60782 0.16514 0 3.60585 0.15795 0 3.60782 0.15076 0 3.61297 0.14561 0 3.62016 0.14364 0 3.62735 0.14561 0 3.6325 0.15076 0 3.63204 0.12123 0 3.60801 0.12123 0 3.60801 0 0 3.63204 0 0 3.57453 0.18414 0 3.5505 0.18414 0 3.5505 0.1188 0 3.5414 0.12162 0 3.53314 0.12318 0 3.52512 0.12366 0 3.49372 0.11585 0 3.47246 0.09465998 0 3.46464 0.06344997 0 3.47186 0.02971994 0 3.49216 0.007809937 0 3.5235 0 0 3.57453 0 0 3.5505 0.02024996 0 3.5262 0.02024996 0 3.50425 0.02549999 0 3.49262 0.03956997 0 3.48921 0.05993998 0 3.49413 0.08213996 0 3.50769 0.09678 0 3.52809 0.10206 0 3.5357 0.10159 0 3.54289 0.1001 0 3.5505 0.09746998 0 3.33234 -0.06209999 0 3.35286 -0.06209999 0 3.35286 0.18414 0 3.33234 0.18414 0 3.22893 0.12123 0 3.19815 0.12123 0 3.16359 0.07964998 0 3.12768 0.12123 0 3.09744 0.12123 0 3.14847 0.06155997 0 3.09744 0 0 3.12768 0 0 3.16359 0.04346996 0 3.20166 0 0 3.23244 0 0 3.17898 0.06155997 0 3.08043 0 0 3.08043 0.12123 0 3.0564 0.12123 0 3.0564 0.03455996 0 3.04783 0.02522999 0 3.03806 0.01949995 0 3.02751 0.01754999 0 3.01375 0.02069997 0 3.00545 0.02978998 0 3.00267 0.04427999 0 3.00267 0.12123 0 2.97864 0.12123 0 2.97864 0.04589998 0 2.98403 0.01968997 0 2.99872 0.003259956 0 3.02049 -0.002429962 0 3.03286 -2.1e-4 0 3.04529 0.005969941 0 3.0564 0.01538997 0 3.0564 0 0 2.95812 0.0216 0 2.95297 0.01811999 0 2.9486 0.01589995 0 2.94543 0.01511996 0 2.94292 0.01570999 0 2.94137 0.01767998 0 2.94084 0.02132999 0 2.94084 0.0837 0 2.93489 0.1063 0 2.91916 0.11942 0 2.89683 0.12366 0 2.8807 0.12185 0 2.86733 0.11638 0 2.8566 0.10719 0 2.8566 0.08099997 0 2.86876 0.09229999 0 2.8817 0.09885996 0 2.89494 0.10098 0 2.90709 0.09881001 0 2.91438 0.09189999 0 2.91681 0.07964998 0 2.91681 0.07317 0 2.89548 0.06560999 0 2.87613 0.05788999 0 2.86056 0.04632997 0 2.85417 0.02726995 0 2.85791 0.01260995 0 2.86825 0.001789987 0 2.88387 -0.002429962 0 2.89492 -0.001069962 0 2.90585 0.003049969 0 2.91654 0.009989976 0 2.91992 0.002929985 0 2.92594 -0.001129984 0 2.9349 -0.002429962 0 2.94182 -0.001599967 0 2.94886 0.001329958 0 2.95812 0.007019996 0 2.91681 0.02456998 0 2.91015 0.01921999 0 2.90313 0.01578998 0 2.89575 0.01457995 0 2.88683 0.01677 0 2.88073 0.02274 0 2.87847 0.03158998 0 2.88385 0.04373997 0 2.89775 0.05264997 0 2.91681 0.05993998 0 2.835 0.11529 0 2.82386 0.11974 0 2.81266 0.12263 0 2.7999 0.12366 0 2.76804 0.1156 0 2.74734 0.09301996 0 2.73996 0.05831998 0 2.74788 0.02673 0 2.76948 0.005399942 0 2.80152 -0.002429962 0 2.81474 -0.001449942 0 2.82754 0.00108999 0 2.8377 0.004589974 0 2.8377 0.02834999 0 2.82625 0.02384996 0 2.81576 0.02114999 0 2.80557 0.02024996 0 2.78389 0.02509999 0 2.76965 0.03889 0 2.76453 0.06047999 0 2.76926 0.08204001 0 2.78221 0.09634 0 2.80152 0.10152 0 2.81182 0.10048 0 2.82254 0.09679996 0 2.835 0.08963996 0 2.65356 0.12366 0 2.62089 0.11537 0 2.59812 0.09333997 0 2.58957 0.06182998 0 2.59788 0.02860999 0 2.62041 0.005949974 0 2.65356 -0.002429962 0 2.68785 0.005709946 0 2.7108 0.02812999 0 2.71917 0.06182998 0 2.71062 0.09381997 0 2.68749 0.11561 0 2.65329 0.10206 0 2.67468 0.09678 0 2.68923 0.08249998 0 2.6946 0.06155997 0 2.68953 0.03892999 0 2.67528 0.02433997 0 2.65329 0.01916998 0 2.63282 0.02452999 0 2.61913 0.03937 0 2.61414 0.06182998 0 2.61925 0.08257997 0 2.63306 0.09679001 0 2.5623 0.18414 0 2.53827 0.18414 0 2.53827 0 0 2.5623 0 0 2.42919 0.11367 0 2.41683 0.11926 0 2.40501 0.12257 0 2.39355 0.12366 0 2.37239 0.11968 0 2.35855 0.10838 0 2.35359 0.09071999 0 2.36829 0.06479996 0 2.39559 0.04769998 0 2.41029 0.03239995 0 2.40783 0.02511 0 2.40141 0.02051997 0 2.39247 0.01862996 0 2.38134 0.02035999 0 2.36787 0.02562999 0 2.35278 0.03455996 0 2.35278 0.008639991 0 2.36736 0.002169966 0 2.38086 -0.001359999 0 2.3949 -0.002429962 0 2.41546 0.00206995 0 2.4296 0.01448994 0 2.43486 0.03320997 0 2.43223 0.04460996 0 2.42354 0.05528998 0 2.40759 0.06722998 0 2.39048 0.07784998 0 2.38105 0.08559 0 2.37816 0.09152996 0 2.38013 0.09727996 0 2.38564 0.10117 0 2.39409 0.1026 0 2.40415 0.10129 0 2.41607 0.09715998 0 2.42919 0.08990997 0 2.33064 0.03509998 0 2.31665 0.02723997 0 2.3026 0.02225995 0 2.28825 0.02051997 0 2.2682 0.02462995 0 2.25457 0.03683996 0 2.24748 0.05697 0 2.3328 0.05697 0 2.32629 0.09417998 0 2.30808 0.11633 0 2.28015 0.12366 0 2.25057 0.11586 0 2.23071 0.09438002 0 2.22345 0.06209999 0 2.23031 0.03048998 0 2.25025 0.006859958 0 2.28231 -0.002429962 0 2.30072 -8.8e-4 0 2.31619 0.003849983 0 2.33064 0.01187998 0 2.24802 0.07289999 0 2.25385 0.08919 0 2.26478 0.09935998 0 2.28069 0.10287 0 2.29542 0.09917998 0 2.30511 0.08882999 0 2.30904 0.07289999 0 2.12409 0.12123 0 2.12409 0 0 2.14812 0 0 2.14812 0.06344997 0 2.15209 0.08235001 0 2.1626 0.09566998 0 2.17755 0.10071 0 2.18426 0.09918999 0 2.19217 0.09503 0 2.19996 0.08882999 0 2.21265 0.10962 0 2.20288 0.11746 0 2.19335 0.12212 0 2.18376 0.12366 0 2.17232 0.12056 0 2.16064 0.11074 0 2.14866 0.09341996 0 2.14812 0.09341996 0 2.14812 0.12123 0 2.09439 0.03509998 0 2.0804 0.02723997 0 2.06635 0.02225995 0 2.052 0.02051997 0 2.03195 0.02462995 0 2.01832 0.03683996 0 2.01123 0.05697 0 2.09655 0.05697 0 2.09004 0.09417998 0 2.07183 0.11633 0 2.0439 0.12366 0 2.01432 0.11586 0 1.99446 0.09438002 0 1.9872 0.06209999 0 1.99406 0.03048998 0 2.014 0.006859958 0 2.04606 -0.002429962 0 2.06447 -8.8e-4 0 2.07994 0.003849983 0 2.09439 0.01187998 0 2.01177 0.07289999 0 2.0176 0.08919 0 2.02853 0.09935998 0 2.04444 0.10287 0 2.05917 0.09917998 0 2.06886 0.08882999 0 2.07279 0.07289999 0 1.88055 0.00296998 0 1.88919 -1.1e-4 0 1.89711 -0.001869976 0 1.90485 -0.002429962 0 1.93677 0.005569994 0 1.95843 0.02736997 0 1.96641 0.05966997 0 1.95854 0.09338998 0 1.93549 0.11415 0 1.8981 0.12123 0 1.85652 0.12123 0 1.85652 -0.06209999 0 1.88055 -0.06209999 0 1.88055 0.09962999 0 1.90242 0.09962999 0 1.92428 0.09491997 0 1.93744 0.08138996 0 1.94184 0.05993998 0 1.93681 0.03892999 0 1.9232 0.02451997 0 1.90323 0.01916998 0 1.89561 0.01978999 0 1.88799 0.02160996 0 1.88055 0.02456998 0 1.83006 0.03509998 0 1.81607 0.02723997 0 1.80202 0.02225995 0 1.78767 0.02051997 0 1.76762 0.02462995 0 1.75399 0.03683996 0 1.7469 0.05697 0 1.83222 0.05697 0 1.82571 0.09417998 0 1.8075 0.11633 0 1.77957 0.12366 0 1.74999 0.11586 0 1.73013 0.09438002 0 1.72287 0.06209999 0 1.72973 0.03048998 0 1.74967 0.006859958 0 1.78173 -0.002429962 0 1.80014 -8.8e-4 0 1.81561 0.003849983 0 1.83006 0.01187998 0 1.74744 0.07289999 0 1.75327 0.08919 0 1.7642 0.09935998 0 1.78011 0.10287 0 1.79484 0.09917998 0 1.80453 0.08882999 0 1.80846 0.07289999 0 1.62351 0.12123 0 1.62351 0 0 1.64754 0 0 1.64754 0.06344997 0 1.65151 0.08235001 0 1.66202 0.09566998 0 1.67697 0.10071 0 1.68368 0.09918999 0 1.69159 0.09503 0 1.69938 0.08882999 0 1.71207 0.10962 0 1.7023 0.11746 0 1.69277 0.12212 0 1.68318 0.12366 0 1.67174 0.12056 0 1.66006 0.11074 0 1.64808 0.09341996 0 1.64754 0.09341996 0 1.64754 0.12123 0 1.50228 0.18657 0 1.49094 0.18657 0 1.39779 0.07262998 0 1.39779 0.06047999 0 1.47582 0.06047999 0 1.47582 0 0 1.50228 0 0 1.50228 0.06047999 0 1.52199 0.06047999 0 1.52199 0.08423995 0 1.50228 0.08423995 0 1.47528 0.13662 0 1.47582 0.13662 0 1.47582 0.08423995 0 1.43316 0.08423995 0 1.2744 -0.06209999 0 1.29492 -0.06209999 0 1.29492 0.18414 0 1.2744 0.18414 0 1.1205 0.18414 0 1.09404 0.18414 0 1.09404 0 0 1.1205 0 0 1.0098 0.02996999 0 1.00164 0.02774995 0 0.9958201 0.02192997 0 0.9936001 0.01376998 0 0.9958201 0.005609989 0 1.00164 -2.10001e-4 0 1.0098 -0.002429962 0 1.01796 -2.1e-4 0 1.02378 0.005609989 0 1.026 0.01376998 0 1.02378 0.02192997 0 1.01796 0.02774995 0 1.0098 0.12366 0 1.00164 0.12144 0 0.9958201 0.11562 0 0.9936001 0.10746 0 0.9958201 0.09929996 0 1.00164 0.09347999 0 1.0098 0.09126001 0 1.01796 0.09347999 0 1.02378 0.09929996 0 1.026 0.10746 0 1.02378 0.11562 0 1.01796 0.12144 0 0.92637 0.18414 0 0.89991 0.18414 0 0.89991 0 0 0.92637 0 0 0.75384 0.11367 0 0.74148 0.11926 0 0.72966 0.12257 0 0.7182 0.12366 0 0.69704 0.11968 0 0.6832 0.10838 0 0.67824 0.09071999 0 0.69294 0.06479996 0 0.72024 0.04769998 0 0.73494 0.03239995 0 0.73248 0.02511 0 0.72606 0.02051997 0 0.71712 0.01862996 0 0.70599 0.02035999 0 0.69252 0.02562999 0 0.67743 0.03455996 0 0.67743 0.008639991 0 0.69201 0.002169966 0 0.70551 -0.001359999 0 0.71955 -0.002429962 0 0.74011 0.00206995 0 0.7542501 0.01448994 0 0.75951 0.03320997 0 0.7568801 0.04460996 0 0.7481901 0.05528998 0 0.73224 0.06722998 0 0.71513 0.07784998 0 0.7057 0.08559 0 0.70281 0.09152996 0 0.70478 0.09727996 0 0.71029 0.10117 0 0.71874 0.1026 0 0.7288 0.10129 0 0.74072 0.09715998 0 0.75384 0.08990997 0 0.6552901 0.03509998 0 0.6413 0.02723997 0 0.62725 0.02225995 0 0.6129 0.02051997 0 0.59285 0.02462995 0 0.57922 0.03683996 0 0.57213 0.05697 0 0.65745 0.05697 0 0.65094 0.09417998 0 0.63273 0.11633 0 0.6048001 0.12366 0 0.57522 0.11586 0 0.55536 0.09438002 0 0.5481 0.06209999 0 0.55496 0.03048998 0 0.5749 0.006859958 0 0.60696 -0.002429962 0 0.62537 -8.8e-4 0 0.64084 0.003849983 0 0.6552901 0.01187998 0 0.5726701 0.07289999 0 0.5785 0.08919 0 0.58943 0.09935998 0 0.6053401 0.10287 0 0.62007 0.09917998 0 0.62976 0.08882999 0 0.63369 0.07289999 0 0.44874 0.12123 0 0.44874 0 0 0.47277 0 0 0.47277 0.06344997 0 0.47674 0.08235001 0 0.48725 0.09566998 0 0.5022 0.10071 0 0.50891 0.09918999 0 0.51682 0.09503 0 0.52461 0.08882999 0 0.5373001 0.10962 0 0.52753 0.11746 0 0.518 0.12212 0 0.50841 0.12366 0 0.49697 0.12056 0 0.48529 0.11074 0 0.47331 0.09341996 0 0.47277 0.09341996 0 0.47277 0.12123 0 0.38529 0.14634 0 0.3402 0.10233 0 0.3402 0.09962999 0 0.36126 0.09962999 0 0.36126 0.03564 0 0.36566 0.01604998 0 0.37882 0.002579987 0 0.40068 -0.002429962 0 0.40986 -0.001349985 0 0.4203 0.001529991 0 0.42984 0.005669951 0 0.42984 0.02807998 0 0.42037 0.02312999 0 0.41132 0.02015995 0 0.40257 0.01916998 0 0.39497 0.02074998 0 0.38821 0.02640998 0 0.38529 0.03753 0 0.38529 0.09962999 0 0.42363 0.09962999 0 0.42363 0.12123 0 0.38529 0.12123 0 0.3291301 0.03509998 0 0.31514 0.02723997 0 0.30109 0.02225995 0 0.28674 0.02051997 0 0.26669 0.02462995 0 0.25306 0.03683996 0 0.24597 0.05697 0 0.33129 0.05697 0 0.32478 0.09417998 0 0.30657 0.11633 0 0.27864 0.12366 0 0.24906 0.11586 0 0.2292 0.09438002 0 0.22194 0.06209999 0 0.2288 0.03048998 0 0.24874 0.006859958 0 0.2808 -0.002429962 0 0.29921 -8.8e-4 0 0.31468 0.003849983 0 0.3291301 0.01187998 0 0.24651 0.07289999 0 0.25234 0.08919 0 0.26327 0.09935998 0 0.27918 0.10287 0 0.29391 0.09917998 0 0.3036 0.08882999 0 0.30753 0.07289999 0 0.19143 0.18414 0 0.16686 0.18414 0 0.10557 0.10854 0 0.04455 0.18414 0 0.01971 0.18414 0 0.01971 0 0 0.04616999 0 0 0.04616999 0.14337 0 0.04670995 0.14337 0 0.10341 0.07208997 0 0.10773 0.07208997 0 0.16443 0.14337 0 0.16497 0.14337 0 0.16497 0 0 0.19143 0 0</float_array>
          <technique_common>
            <accessor source="#Metres_1_1___4_reperes_locaux___disposition_eclatee_de_travai-mesh-positions-array" count="1165" stride="3">
              <param name="X" type="float"/>
              <param name="Y" type="float"/>
              <param name="Z" type="float"/>
            </accessor>
          </technique_common>
        </source>
        <source id="Metres_1_1___4_reperes_locaux___disposition_eclatee_de_travai-mesh-normals">
          <float_array id="Metres_1_1___4_reperes_locaux___disposition_eclatee_de_travai-mesh-normals-array" count="3279">0 0 1 0 0 1 0 0 1 0 0 1 0 0 1 0 0 1 0 0 1 0 0 1 0 0 1 0 0 1 0 0 1 0 0 1 0 0 1 0 0 1 0 0 1 0 0 1 0 0 1 0 0 1 0 0 1 0 0 1 0 0 1 0 0 1 0 0 1 0 0 1 0 0 1 0 0 1 0 0 1 0 0 1 0 0 1 0 0 1 0 0 1 0 0 1 0 0 1 0 0 1 0 0 1 0 0 1 0 0 1 0 0 1 0 0 1 0 0 1 0 0 1 0 0 1 0 0 1 0 0 1 0 0 1 0 0 1 0 0 1 0 0 1 0 0 1 0 0 1 0 0 1 0 0 1 0 0 1 0 0 1 0 0 1 0 0 1 0 0 1 0 0 1 0 0 1 0 0 1 0 0 1 0 0 1 0 0 1 0 0 1 0 0 1 0 0 1 0 0 1 0 0 1 0 0 1 0 0 1 0 0 1 0 0 1 0 0 1 0 0 1 0 0 1 0 0 1 0 0 1 0 0 1 0 0 1 0 0 1 0 0 1 0 0 1 0 0 1 0 0 1 0 0 1 0 0 1 0 0 1 0 0 1 0 0 1 0 0 1 0 0 1 0 0 1 0 0 1 0 0 1 0 0 1 0 0 1 0 0 1 0 0 1 0 0 1 0 0 1 0 0 1 0 0 1 0 0 1 0 0 1 0 0 1 0 0 1 0 0 1 0 0 1 0 0 1 0 0 1 0 0 1 0 0 1 0 0 1 0 0 1 0 0 1 0 0 1 0 0 1 0 0 1 0 0 1 0 0 1 0 0 1 0 0 1 0 0 1 0 0 1 0 0 1 0 0 1 0 0 1 0 0 1 0 0 1 0 0 1 0 0 1 0 0 1 0 0 1 0 0 1 0 0 1 0 0 1 0 0 1 0 0 1 0 0 1 0 0 1 0 0 1 0 0 1 0 0 1 0 0 1 0 0 1 0 0 1 0 0 1 0 0 1 0 0 1 0 0 1 0 0 1 0 0 1 0 0 1 0 0 1 0 0 1 0 0 1 0 0 1 0 0 1 0 0 1 0 0 1 0 0 1 0 0 1 0 0 1 0 0 1 0 0 1 0 0 1 0 0 1 0 0 1 0 0 1 0 0 1 0 0 1 0 0 1 0 0 1 0 0 1 0 0 1 0 0 1 0 0 1 0 0 1 0 0 1 0 0 1 0 0 1 0 0 1 0 0 1 0 0 1 0 0 1 0 0 1 0 0 1 0 0 1 0 0 1 0 0 1 0 0 1 0 0 1 0 0 1 0 0 1 0 0 1 0 0 1 0 0 1 0 0 1 0 0 1 0 0 1 0 0 1 0 0 1 0 0 1 0 0 1 0 0 1 0 0 1 0 0 1 0 0 1 0 0 1 0 0 1 0 0 1 0 0 1 0 0 1 0 0 1 0 0 1 0 0 1 0 0 1 0 0 1 0 0 1 0 0 1 0 0 1 0 0 1 0 0 1 0 0 1 0 0 1 0 0 1 0 0 1 0 0 1 0 0 1 0 0 1 0 0 1 0 0 1 0 0 1 0 0 1 0 0 1 0 0 1 0 0 1 0 0 1 0 0 1 0 0 1 0 0 1 0 0 1 0 0 1 0 0 1 0 0 1 0 0 1 0 0 1 0 0 1 0 0 1 0 0 1 0 0 1 0 0 1 0 0 1 0 0 1 0 0 1 0 0 1 0 0 1 0 0 1 0 0 1 0 0 1 0 0 1 0 0 1 0 0 1 0 0 1 0 0 1 0 0 1 0 0 1 0 0 1 0 0 1 0 0 1 0 0 1 0 0 1 0 0 1 0 0 1 0 0 1 0 0 1 0 0 1 0 0 1 0 0 1 0 0 1 0 0 1 0 0 1 0 0 1 0 0 1 0 0 1 0 0 1 0 0 1 0 0 1 0 0 1 0 0 1 0 0 1 0 0 1 0 0 1 0 0 1 0 0 1 0 0 1 0 0 1 0 0 1 0 0 1 0 0 1 0 0 1 0 0 1 0 0 1 0 0 1 0 0 1 0 0 1 0 0 1 0 0 1 0 0 1 0 0 1 0 0 1 0 0 1 0 0 1 0 0 1 0 0 1 0 0 1 0 0 1 0 0 1 0 0 1 0 0 1 0 0 1 0 0 1 0 0 1 0 0 1 0 0 1 0 0 1 0 0 1 0 0 1 0 0 1 0 0 1 0 0 1 0 0 1 0 0 1 0 0 1 0 0 1 0 0 1 0 0 1 0 0 1 0 0 1 0 0 1 0 0 1 0 0 1 0 0 1 0 0 1 0 0 1 0 0 1 0 0 1 0 0 1 0 0 1 0 0 1 0 0 1 0 0 1 0 0 1 0 0 1 0 0 1 0 0 1 0 0 1 0 0 1 0 0 1 0 0 1 0 0 1 0 0 1 0 0 1 0 0 1 0 0 1 0 0 1 0 0 1 0 0 1 0 0 1 0 0 1 0 0 1 0 0 1 0 0 1 0 0 1 0 0 1 0 0 1 0 0 1 0 0 1 0 0 1 0 0 1 0 0 1 0 0 1 0 0 1 0 0 1 0 0 1 0 0 1 0 0 1 0 0 1 0 0 1 0 0 1 0 0 1 0 0 1 0 0 1 0 0 1 0 0 1 0 0 1 0 0 1 0 0 1 0 0 1 0 0 1 0 0 1 0 0 1 0 0 1 0 0 1 0 0 1 0 0 1 0 0 1 0 0 1 0 0 1 0 0 1 0 0 1 0 0 1 0 0 1 0 0 1 0 0 1 0 0 1 0 0 1 0 0 1 0 0 1 0 0 1 0 0 1 0 0 1 0 0 1 0 0 1 0 0 1 0 0 1 0 0 1 0 0 1 0 0 1 0 0 1 0 0 1 0 0 1 0 0 1 0 0 1 0 0 1 0 0 1 0 0 1 0 0 1 0 0 1 0 0 1 0 0 1 0 0 1 0 0 1 0 0 1 0 0 1 0 0 1 0 0 1 0 0 1 0 0 1 0 0 1 0 0 1 0 0 1 0 0 1 0 0 1 0 0 1 0 0 1 0 0 1 0 0 1 0 0 1 0 0 1 0 0 1 0 0 1 0 0 1 0 0 1 0 0 1 0 0 1 0 0 1 0 0 1 0 0 1 0 0 1 0 0 1 0 0 1 0 0 1 0 0 1 0 0 1 0 0 1 0 0 1 0 0 1 0 0 1 0 0 1 0 0 1 0 0 1 0 0 1 0 0 1 0 0 1 0 0 1 0 0 1 0 0 1 0 0 1 0 0 1 0 0 1 0 0 1 0 0 1 0 0 1 0 0 1 0 0 1 0 0 1 0 0 1 0 0 1 0 0 1 0 0 1 0 0 1 0 0 1 0 0 1 0 0 1 0 0 1 0 0 1 0 0 1 0 0 1 0 0 1 0 0 1 0 0 1 0 0 1 0 0 1 0 0 1 0 0 1 0 0 1 0 0 1 0 0 1 0 0 1 0 0 1 0 0 1 0 0 1 0 0 1 0 0 1 0 0 1 0 0 1 0 0 1 0 0 1 0 0 1 0 0 1 0 0 1 0 0 1 0 0 1 0 0 1 0 0 1 0 0 1 0 0 1 0 0 1 0 0 1 0 0 1 0 0 1 0 0 1 0 0 1 0 0 1 0 0 1 0 0 1 0 0 1 0 0 1 0 0 1 0 0 1 0 0 1 0 0 1 0 0 1 0 0 1 0 0 1 0 0 1 0 0 1 0 0 1 0 0 1 0 0 1 0 0 1 0 0 1 0 0 1 0 0 1 0 0 1 0 0 1 0 0 1 0 0 1 0 0 1 0 0 1 0 0 1 0 0 1 0 0 1 0 0 1 0 0 1 0 0 1 0 0 1 0 0 1 0 0 1 0 0 1 0 0 1 0 0 1 0 0 1 0 0 1 0 0 1 0 0 1 0 0 1 0 0 1 0 0 1 0 0 1 0 0 1 0 0 1 0 0 1 0 0 1 0 0 1 0 0 1 0 0 1 0 0 1 0 0 1 0 0 1 0 0 1 0 0 1 0 0 1 0 0 1 0 0 1 0 0 1 0 0 1 0 0 1 0 0 1 0 0 1 0 0 1 0 0 1 0 0 1 0 0 1 0 0 1 0 0 1 0 0 1 0 0 1 0 0 1 0 0 1 0 0 1 0 0 1 0 0 1 0 0 1 0 0 1 0 0 1 0 0 1 0 0 1 0 0 1 0 0 1 0 0 1 0 0 1 0 0 1 0 0 1 0 0 1 0 0 1 0 0 1 0 0 1 0 0 1 0 0 1 0 0 1 0 0 1 0 0 1 0 0 1 0 0 1 0 0 1 0 0 1 0 0 1 0 0 1 0 0 1 0 0 1 0 0 1 0 0 1 0 0 1 0 0 1 0 0 1 0 0 1 0 0 1 0 0 1 0 0 1 0 0 1 0 0 1 0 0 1 0 0 1 0 0 1 0 0 1 0 0 1 0 0 1 0 0 1 0 0 1 0 0 1 0 0 1 0 0 1 0 0 1 0 0 1 0 0 1 0 0 1 0 0 1 0 0 1 0 0 1 0 0 1 0 0 1 0 0 1 0 0 1 0 0 1 0 0 1 0 0 1 0 0 1 0 0 1 0 0 1 0 0 1 0 0 1 0 0 1 0 0 1 0 0 1 0 0 1 0 0 1 0 0 1 0 0 1 0 0 1 0 0 1 0 0 1 0 0 1 0 0 1 0 0 1 0 0 1 0 0 1 0 0 1 0 0 1 0 0 1 0 0 1 0 0 1 0 0 1 0 0 1 0 0 1 0 0 1 0 0 1 0 0 1 0 0 1 0 0 1 0 0 1 0 0 1 0 0 1 0 0 1 0 0 1 0 0 1 0 0 1 0 0 1 0 0 1 0 0 1 0 0 1 0 0 1 0 0 1 0 0 1 0 0 1 0 0 1 0 0 1 0 0 1 0 0 1 0 0 1 0 0 1 0 0 1 0 0 1 0 0 1 0 0 1 0 0 1 0 0 1 0 0 1 0 0 1 0 0 1 0 0 1 0 0 1 0 0 1 0 0 1 0 0 1 0 0 1 0 0 1 0 0 1 0 0 1 0 0 1 0 0 1 0 0 1 0 0 1 0 0 1 0 0 1 0 0 1 0 0 1 0 0 1 0 0 1 0 0 1 0 0 1 0 0 1 0 0 1 0 0 1 0 0 1 0 0 1 0 0 1 0 0 1 0 0 1 0 0 1 0 0 1 0 0 1 0 0 1 0 0 1 0 0 1 0 0 1 0 0 1 0 0 1 0 0 1 0 0 1 0 0 1 0 0 1 0 0 1 0 0 1 0 0 1 0 0 1 0 0 1 0 0 1 0 0 1 0 0 1 0 0 1 0 0 1 0 0 1 0 0 1 0 0 1 0 0 1 0 0 1 0 0 1 0 0 1 0 0 1 0 0 1 0 0 1 0 0 1 0 0 1 0 0 1 0 0 1 0 0 1 0 0 1 0 0 1 0 0 1 0 0 1 0 0 1 0 0 1 0 0 1 0 0 1 0 0 1 0 0 1 0 0 1 0 0 1 0 0 1 0 0 1 0 0 1 0 0 1 0 0 1 0 0 1 0 0 1 0 0 1 0 0 1 0 0 1 0 0 1 0 0 1 0 0 1 0 0 1 0 0 1 0 0 1 0 0 1 0 0 1 0 0 1 0 0 1 0 0 1 0 0 1 0 0 1 0 0 1 0 0 1 0 0 1 0 0 1 0 0 1 0 0 1 0 0 1 0 0 1 0 0 1 0 0 1 0 0 1 0 0 1 0 0 1 0 0 1 0 0 1 0 0 1 0 0 1 0 0 1 0 0 1 0 0 1 0 0 1 0 0 1 0 0 1 0 0 1 0 0 1 0 0 1 0 0 1 0 0 1 0 0 1 0 0 1 0 0 1 0 0 1 0 0 1 0 0 1 0 0 1 0 0 1 0 0 1 0 0 1 0 0 1 0 0 1 0 0 1 0 0 1 0 0 1 0 0 1 0 0 1 0 0 1 0 0 1 0 0 1 0 0 1 0 0 1 0 0 1 0 0 1 0 0 1 0 0 1 0 0 1 0 0 1 0 0 1 0 0 1 0 0 1 0 0 1 0 0 1 0 0 1 0 0 1 0 0 1 0 0 1 0 0 1 0 0 1 0 0 1 0 0 1 0 0 1 0 0 1 0 0 1 0 0 1 0 0 1 0 0 1 0 0 1 0 0 1 0 0 1 0 0 1 0 0 1 0 0 1 0 0 1 0 0 1 0 0 1 0 0 1 0 0 1 0 0 1 0 0 1 0 0 1 0 0 1 0 0 1 0 0 1 0 0 1 0 0 1 0 0 1 0 0 1 0 0 1 0 0 1 0 0 1 0 0 1 0 0 1 0 0 1 0 0 1 0 0 1 0 0 1 0 0 1 0 0 1 0 0 1 0 0 1 0 0 1 0 0 1 0 0 1 0 0 1 0 0 1 0 0 1 0 0 1 0 0 1 0 0 1 0 0 1 0 0 1 0 0 1 0 0 1 0 0 1 0 0 1 0 0 1 0 0 1 0 0 1 0 0 1 0 0 1 0 0 1 0 0 1 0 0 1 0 0 1 0 0 1 0 0 1 0 0 1 0 0 1 0 0 1 0 0 1 0 0 1 0 0 1 0 0 1 0 0 1 0 0 1 0 0 1 0 0 1 0 0 1 0 0 1 0 0 1 0 0 1 0 0 1 0 0 1 0 0 1 0 0 1 0 0 1 0 0 1 0 0 1 0 0 1 0 0 1 0 0 1 0 0 1 0 0 1 0 0 1 0 0 1 0 0 1 0 0 1 0 0 1 0 0 1 0 0 1 0 0 1 0 0 1 0 0 1 0 0 1 0 0 1 0 0 1 0 0 1 0 0 1 0 0 1 0 0 1 0 0 1 0 0 1 0 0 1 0 0 1 0 0 1 0 0 1 0 0 1 0 0 1 0 0 1 0 0 1 0 0 1 0 0 1 0 0 1 0 0 1 0 0 1 0 0 1 0 0 1 0 0 1 0 0 1 0 0 1 0 0 1 0 0 1 0 0 1 0 0 1 0 0 1 0 0 1 0 0 1 0 0 1 0 0 1 0 0 1 0 0 1 0 0 1 0 0 1 0 0 1 0 0 1 0 0 1 0 0 1 0 0 1 0 0 1 0 0 1 0 0 1 0 0 1 0 0 1 0 0 1 0 0 1 0 0 1 0 0 1 0 0 1 0 0 1 0 0 1 0 0 1 0 0 1 0 0 1 0 0 1 0 0 1 0 0 1 0 0 1 0 0 1 0 0 1 0 0 1 0 0 1</float_array>
          <technique_common>
            <accessor source="#Metres_1_1___4_reperes_locaux___disposition_eclatee_de_travai-mesh-normals-array" count="1093" stride="3">
              <param name="X" type="float"/>
              <param name="Y" type="float"/>
              <param name="Z" type="float"/>
            </accessor>
          </technique_common>
        </source>
        <source id="Metres_1_1___4_reperes_locaux___disposition_eclatee_de_travai-mesh-map-0">
          <float_array id="Metres_1_1___4_reperes_locaux___disposition_eclatee_de_travai-mesh-map-0-array" count="6558">0.6666667 0 0 0 0.3333333 0 0.6666667 0 1 0 0 0 0.9333333 0 0.8 0 0.8666667 0 0.9333333 0 1 0 0.8 0 0.2666667 0 0.1333333 0 0.2 0 0.2666667 0 0.06666666 0 0.1333333 0 0.3333333 0 0.06666666 0 0.2666667 0 0.3333333 0 0 0 0.06666666 0 0.4 0 0 0 0.3333333 0 0.4666666 0 0 0 0.4 0 0.4666666 0 0.7333334 0 0 0 0.4666666 0 0.6666667 0 0.7333334 0 0.5333334 0 0.6666667 0 0.4666666 0 0.5333334 0 0.6 0 0.6666667 0 0.2340425 0 0.1914893 0 0.2127659 0 0.2553191 0 0.1914893 0 0.2340425 0 0.2553191 0 0.1702128 0 0.1914893 0 0.2765957 0 0.1702128 0 0.2553191 0 0.2978723 0 0.3191489 0 0.2765957 0 0.3191489 0 0.3404255 0 0.2765957 0 0.3404255 0 0.3617021 0 0.2765957 0 0.3617021 0 0.1702128 0 0.2765957 0 0.3617021 0 0.3829787 0 0.1702128 0 0.3829787 0 0.1489362 0 0.1702128 0 0.4042553 0 0.1489362 0 0.3829787 0 0.4255319 0 0.1489362 0 0.4042553 0 0.4255319 0 0.1276596 0 0.1489362 0 0.4468085 0 0.1276596 0 0.4255319 0 0.4680851 0 1 0 0.4468085 0 1 0 0.1276596 0 0.4468085 0 0.4893617 0 1 0 0.4680851 0 0.4893617 0 0.9787234 0 1 0 0.8085107 0 0.1276596 0 1 0 0.5106383 0 0.9787234 0 0.4893617 0 0.5106383 0 0.9574468 0 0.9787234 0 0.5319149 0 0.9574468 0 0.5106383 0 0.5319149 0 0.9361702 0 0.9574468 0 0.5319149 0 0.9148936 0 0.9361702 0 0.5531915 0 0.9148936 0 0.5319149 0 0.8297873 0 0.1276596 0 0.8085107 0 0.5531915 0 0.893617 0 0.9148936 0 0.02127659 0 0.7872341 0 0 0 0.8297873 0 0.106383 0 0.1276596 0 0.8510639 0 0.106383 0 0.8297873 0 0.04255318 0 0.7872341 0 0.02127659 0 0.8510639 0 0.08510637 0 0.106383 0 0.5531915 0 0.8723405 0 0.893617 0 0.06382977 0 0.7872341 0 0.04255318 0 0.8723405 0 0.08510637 0 0.8510639 0 0.8723405 0 0.06382977 0 0.08510637 0 0.8723405 0 0.7872341 0 0.06382977 0 0.5531915 0 0.6595745 0 0.8723405 0 0.6595745 0 0.7872341 0 0.8723405 0 0.5744681 0 0.6595745 0 0.5531915 0 0.5744681 0 0.6382979 0 0.6595745 0 0.6808511 0 0.7872341 0 0.6595745 0 0.6808511 0 0.7659575 0 0.7872341 0 0.5744681 0 0.6170213 0 0.6382979 0 0.7021276 0 0.7659575 0 0.6808511 0 0.5957447 0 0.6170213 0 0.5744681 0 0.7021276 0 0.7446808 0 0.7659575 0 0.7234042 0 0.7446808 0 0.7021276 0 0 0 0.8333333 0 1 0 0 0 0.6666667 0 0.8333333 0 0.6666667 0 0.3333333 0 0.5 0 0.6666667 0 0.1666666 0 0.3333333 0 0 0 0.1666666 0 0.6666667 0 0.2340425 0 0.1914893 0 0.2127659 0 0.2553191 0 0.1914893 0 0.2340425 0 0.2553191 0 0.1702128 0 0.1914893 0 0.2765957 0 0.1702128 0 0.2553191 0 0.2978723 0 0.3191489 0 0.2765957 0 0.3191489 0 0.3404255 0 0.2765957 0 0.3404255 0 0.3617021 0 0.2765957 0 0.3617021 0 0.1702128 0 0.2765957 0 0.3617021 0 0.3829787 0 0.1702128 0 0.3829787 0 0.1489362 0 0.1702128 0 0.4042553 0 0.1489362 0 0.3829787 0 0.4255319 0 0.1489362 0 0.4042553 0 0.4255319 0 0.1276596 0 0.1489362 0 0.4468085 0 0.1276596 0 0.4255319 0 0.4680851 0 1 0 0.4468085 0 1 0 0.1276596 0 0.4468085 0 0.4893617 0 1 0 0.4680851 0 0.4893617 0 0.9787234 0 1 0 0.8085107 0 0.1276596 0 1 0 0.5106383 0 0.9787234 0 0.4893617 0 0.5106383 0 0.9574468 0 0.9787234 0 0.5319149 0 0.9574468 0 0.5106383 0 0.5319149 0 0.9361702 0 0.9574468 0 0.5319149 0 0.9148936 0 0.9361702 0 0.5531915 0 0.9148936 0 0.5319149 0 0.8297873 0 0.1276596 0 0.8085107 0 0.5531915 0 0.893617 0 0.9148936 0 0.02127659 0 0.7872341 0 0 0 0.8297873 0 0.106383 0 0.1276596 0 0.8510639 0 0.106383 0 0.8297873 0 0.04255318 0 0.7872341 0 0.02127659 0 0.8510639 0 0.08510637 0 0.106383 0 0.5531915 0 0.8723405 0 0.893617 0 0.06382977 0 0.7872341 0 0.04255318 0 0.8723405 0 0.08510637 0 0.8510639 0 0.8723405 0 0.06382977 0 0.08510637 0 0.8723405 0 0.7872341 0 0.06382977 0 0.5531915 0 0.6595745 0 0.8723405 0 0.6595745 0 0.7872341 0 0.8723405 0 0.5744681 0 0.6595745 0 0.5531915 0 0.5744681 0 0.6382979 0 0.6595745 0 0.6808511 0 0.7872341 0 0.6595745 0 0.6808511 0 0.7659575 0 0.7872341 0 0.5744681 0 0.6170213 0 0.6382979 0 0.7021276 0 0.7659575 0 0.6808511 0 0.5957447 0 0.6170213 0 0.5744681 0 0.7021276 0 0.7446808 0 0.7659575 0 0.7234042 0 0.7446808 0 0.7021276 0 0.7777778 0 0.6666667 0 0.7222222 0 0.7777778 0 0.6111111 0 0.6666667 0 0.05555552 0 1 0 0 0 0.05555552 0 0.9444444 0 1 0 0.8333333 0 0.6111111 0 0.7777778 0 0.8333333 0 0.5555556 0 0.6111111 0 0.8888889 0 0.5555556 0 0.8333333 0 0.8888889 0 0.3333333 0 0.5555556 0 0.3333333 0 0.3888889 0 0.5555556 0 0.3888889 0 0.4444444 0 0.5555556 0 0.4444444 0 0.5 0 0.5555556 0 0.8888889 0 0.2777778 0 0.3333333 0 0.8888889 0 0.2222222 0 0.2777778 0 0.05555552 0 0.8888889 0 0.9444444 0 0.05555552 0 0.2222222 0 0.8888889 0 0.05555552 0 0.1666666 0 0.2222222 0 0.05555552 0 0.1111111 0 0.1666666 0 0.04761904 0 1 0 0 0 0.04761904 0 0.952381 0 1 0 0.04761904 0 0.9047619 0 0.952381 0 0.09523808 0 0.9047619 0 0.04761904 0 0.1428571 0 0.9047619 0 0.09523808 0 0.1904762 0 0.8571429 0 0.1428571 0 0.8571429 0 0.9047619 0 0.1428571 0 0.1904762 0 0.8095238 0 0.8571429 0 0.1904762 0 0.7619048 0 0.8095238 0 0.2380952 0 0.7619048 0 0.1904762 0 0.5714286 0 0.4761905 0 0.5238096 0 0.2380952 0 0.7142857 0 0.7619048 0 0.6190477 0 0.4761905 0 0.5714286 0 0.2380952 0 0.6666667 0 0.7142857 0 0.6666667 0 0.4761905 0 0.6190477 0 0.2380952 0 0.4761905 0 0.6666667 0 0.2857143 0 0.4761905 0 0.2380952 0 0.2857143 0 0.4285714 0 0.4761905 0 0.3333333 0 0.4285714 0 0.2857143 0 0.3333333 0 0.3809524 0 0.4285714 0 0.4230769 0 0.3461539 0 0.3846154 0 0.4230769 0 0.3076923 0 0.3461539 0 0.4615384 0 0.8846154 0 0.4230769 0 0.8846154 0 0.3076923 0 0.4230769 0 0.4615384 0 0.8461539 0 0.8846154 0 0.9230769 0 0.3076923 0 0.8846154 0 0.4615384 0 0.8076923 0 0.8461539 0 0.9615384 0 0.3076923 0 0.9230769 0 0.5 0 0.8076923 0 0.4615384 0 0.9615384 0 0.2692308 0 0.3076923 0 0.5 0 0.7692308 0 0.8076923 0 1 0 0.2692308 0 0.9615384 0 0.5 0 1 0 0.7692308 0 0.5 0 0.2692308 0 1 0 0.5384616 0 0.2307692 0 0.5 0 0.2307692 0 0.2692308 0 0.5 0 0.5384616 0 0.1923077 0 0.2307692 0 0.5384616 0 0.1538462 0 0.1923077 0 0.0384615 0 0.7307692 0 0 0 0.5769231 0 0.1538462 0 0.5384616 0 0.07692307 0 0.7307692 0 0.0384615 0 0.5769231 0 0.1153846 0 0.1538462 0 0.1153846 0 0.7307692 0 0.07692307 0 0.5769231 0 0.7307692 0 0.1153846 0 0.5769231 0 0.6923077 0 0.7307692 0 0.6153846 0 0.6923077 0 0.5769231 0 0.6153846 0 0.6538462 0 0.6923077 0 0.0869565 0 0 0 0.04347825 0 0.0869565 0 0.5217391 0 0 0 0.2608696 0 0.173913 0 0.2173913 0 0.2608696 0 0.1304348 0 0.173913 0 0.2608696 0 0.0869565 0 0.1304348 0 0.2608696 0 0.9565218 0 0.0869565 0 0.9565218 0 1 0 0.0869565 0 1 0 0.5217391 0 0.0869565 0 0.3043478 0 0.8695652 0 0.2608696 0 0.8695652 0 0.9130435 0 0.2608696 0 0.9130435 0 0.9565218 0 0.2608696 0 0.3043478 0 0.8260869 0 0.8695652 0 0.5652174 0 0.5217391 0 1 0 0.3043478 0 0.7826087 0 0.8260869 0 0.3478261 0 0.7826087 0 0.3043478 0 0.3478261 0 0.7391304 0 0.7826087 0 0.3913043 0 0.7391304 0 0.3478261 0 0.3913043 0 0.6956522 0 0.7391304 0 0.3913043 0 0.6521739 0 0.6956522 0 0.4347826 0 0.6521739 0 0.3913043 0 0.4347826 0 0.6086956 0 0.6521739 0 0.4347826 0 0.5652174 0 0.6086956 0 0.4347826 0 0.5217391 0 0.5652174 0 0.4782609 0 0.5217391 0 0.4347826 0 0.4230769 0 0.3461539 0 0.3846154 0 0.4230769 0 0.3076923 0 0.3461539 0 0.4615384 0 0.8846154 0 0.4230769 0 0.8846154 0 0.3076923 0 0.4230769 0 0.4615384 0 0.8461539 0 0.8846154 0 0.9230769 0 0.3076923 0 0.8846154 0 0.4615384 0 0.8076923 0 0.8461539 0 0.9615384 0 0.3076923 0 0.9230769 0 0.5 0 0.8076923 0 0.4615384 0 0.9615384 0 0.2692308 0 0.3076923 0 0.5 0 0.7692308 0 0.8076923 0 1 0 0.2692308 0 0.9615384 0 0.5 0 1 0 0.7692308 0 0.5 0 0.2692308 0 1 0 0.5384616 0 0.2307692 0 0.5 0 0.2307692 0 0.2692308 0 0.5 0 0.5384616 0 0.1923077 0 0.2307692 0 0.5384616 0 0.1538462 0 0.1923077 0 0.0384615 0 0.7307692 0 0 0 0.5769231 0 0.1538462 0 0.5384616 0 0.07692307 0 0.7307692 0 0.0384615 0 0.5769231 0 0.1153846 0 0.1538462 0 0.1153846 0 0.7307692 0 0.07692307 0 0.5769231 0 0.7307692 0 0.1153846 0 0.5769231 0 0.6923077 0 0.7307692 0 0.6153846 0 0.6923077 0 0.5769231 0 0.6153846 0 0.6538462 0 0.6923077 0 0.4230769 0 0.3461539 0 0.3846154 0 0.4230769 0 0.3076923 0 0.3461539 0 0.4615384 0 0.8846154 0 0.4230769 0 0.8846154 0 0.3076923 0 0.4230769 0 0.4615384 0 0.8461539 0 0.8846154 0 0.9230769 0 0.3076923 0 0.8846154 0 0.4615384 0 0.8076923 0 0.8461539 0 0.9615384 0 0.3076923 0 0.9230769 0 0.5 0 0.8076923 0 0.4615384 0 0.9615384 0 0.2692308 0 0.3076923 0 0.5 0 0.7692308 0 0.8076923 0 1 0 0.2692308 0 0.9615384 0 0.5 0 1 0 0.7692308 0 0.5 0 0.2692308 0 1 0 0.5384616 0 0.2307692 0 0.5 0 0.2307692 0 0.2692308 0 0.5 0 0.5384616 0 0.1923077 0 0.2307692 0 0.5384616 0 0.1538462 0 0.1923077 0 0.0384615 0 0.7307692 0 0 0 0.5769231 0 0.1538462 0 0.5384616 0 0.07692307 0 0.7307692 0 0.0384615 0 0.5769231 0 0.1153846 0 0.1538462 0 0.1153846 0 0.7307692 0 0.07692307 0 0.5769231 0 0.7307692 0 0.1153846 0 0.5769231 0 0.6923077 0 0.7307692 0 0.6153846 0 0.6923077 0 0.5769231 0 0.6153846 0 0.6538462 0 0.6923077 0 0.04761904 0 1 0 0 0 0.04761904 0 0.952381 0 1 0 0.04761904 0 0.9047619 0 0.952381 0 0.09523808 0 0.9047619 0 0.04761904 0 0.1428571 0 0.9047619 0 0.09523808 0 0.1904762 0 0.8571429 0 0.1428571 0 0.8571429 0 0.9047619 0 0.1428571 0 0.1904762 0 0.8095238 0 0.8571429 0 0.1904762 0 0.7619048 0 0.8095238 0 0.2380952 0 0.7619048 0 0.1904762 0 0.5714286 0 0.4761905 0 0.5238096 0 0.2380952 0 0.7142857 0 0.7619048 0 0.6190477 0 0.4761905 0 0.5714286 0 0.2380952 0 0.6666667 0 0.7142857 0 0.6666667 0 0.4761905 0 0.6190477 0 0.2380952 0 0.4761905 0 0.6666667 0 0.2857143 0 0.4761905 0 0.2380952 0 0.2857143 0 0.4285714 0 0.4761905 0 0.3333333 0 0.4285714 0 0.2857143 0 0.3333333 0 0.3809524 0 0.4285714 0 0.2340425 0 0.1914893 0 0.2127659 0 0.2553191 0 0.1914893 0 0.2340425 0 0.2553191 0 0.1702128 0 0.1914893 0 0.2765957 0 0.1702128 0 0.2553191 0 0.2978723 0 0.3191489 0 0.2765957 0 0.3191489 0 0.3404255 0 0.2765957 0 0.3404255 0 0.3617021 0 0.2765957 0 0.3617021 0 0.1702128 0 0.2765957 0 0.3617021 0 0.3829787 0 0.1702128 0 0.3829787 0 0.1489362 0 0.1702128 0 0.4042553 0 0.1489362 0 0.3829787 0 0.4255319 0 0.1489362 0 0.4042553 0 0.4255319 0 0.1276596 0 0.1489362 0 0.4468085 0 0.1276596 0 0.4255319 0 0.4680851 0 1 0 0.4468085 0 1 0 0.1276596 0 0.4468085 0 0.4893617 0 1 0 0.4680851 0 0.4893617 0 0.9787234 0 1 0 0.8085107 0 0.1276596 0 1 0 0.5106383 0 0.9787234 0 0.4893617 0 0.5106383 0 0.9574468 0 0.9787234 0 0.5319149 0 0.9574468 0 0.5106383 0 0.5319149 0 0.9361702 0 0.9574468 0 0.5319149 0 0.9148936 0 0.9361702 0 0.5531915 0 0.9148936 0 0.5319149 0 0.8297873 0 0.1276596 0 0.8085107 0 0.5531915 0 0.893617 0 0.9148936 0 0.02127659 0 0.7872341 0 0 0 0.8297873 0 0.106383 0 0.1276596 0 0.8510639 0 0.106383 0 0.8297873 0 0.04255318 0 0.7872341 0 0.02127659 0 0.8510639 0 0.08510637 0 0.106383 0 0.5531915 0 0.8723405 0 0.893617 0 0.06382977 0 0.7872341 0 0.04255318 0 0.8723405 0 0.08510637 0 0.8510639 0 0.8723405 0 0.06382977 0 0.08510637 0 0.8723405 0 0.7872341 0 0.06382977 0 0.5531915 0 0.6595745 0 0.8723405 0 0.6595745 0 0.7872341 0 0.8723405 0 0.5744681 0 0.6595745 0 0.5531915 0 0.5744681 0 0.6382979 0 0.6595745 0 0.6808511 0 0.7872341 0 0.6595745 0 0.6808511 0 0.7659575 0 0.7872341 0 0.5744681 0 0.6170213 0 0.6382979 0 0.7021276 0 0.7659575 0 0.6808511 0 0.5957447 0 0.6170213 0 0.5744681 0 0.7021276 0 0.7446808 0 0.7659575 0 0.7234042 0 0.7446808 0 0.7021276 0 0.6666667 0 0 0 0.3333333 0 0.6666667 0 1 0 0 0 0.16 0 0.07999998 0 0.12 0 0.16 0 0.03999996 0 0.07999998 0 0.16 0 0 0 0.03999996 0 0.2 0 0 0 0.16 0 0.2 0 0.88 0 0 0 0.88 0 0.92 0 0 0 0.92 0 0.96 0 0 0 0.96 0 1 0 0 0 0.2 0 0.84 0 0.88 0 0.2 0 0.8 0 0.84 0 0.24 0 0.8 0 0.2 0 0.24 0 0.76 0 0.8 0 0.24 0 0.72 0 0.76 0 0.28 0 0.72 0 0.24 0 0.28 0 0.68 0 0.72 0 0.56 0 0.48 0 0.52 0 0.32 0 0.68 0 0.28 0 0.32 0 0.64 0 0.68 0 0.6 0 0.48 0 0.56 0 0.64 0 0.48 0 0.6 0 0.32 0 0.48 0 0.64 0 0.36 0 0.48 0 0.32 0 0.36 0 0.44 0 0.48 0 0.36 0 0.4 0 0.44 0 0.4230769 0 0.3461539 0 0.3846154 0 0.4230769 0 0.3076923 0 0.3461539 0 0.4615384 0 0.8846154 0 0.4230769 0 0.8846154 0 0.3076923 0 0.4230769 0 0.4615384 0 0.8461539 0 0.8846154 0 0.9230769 0 0.3076923 0 0.8846154 0 0.4615384 0 0.8076923 0 0.8461539 0 0.9615384 0 0.3076923 0 0.9230769 0 0.5 0 0.8076923 0 0.4615384 0 0.9615384 0 0.2692308 0 0.3076923 0 0.5 0 0.7692308 0 0.8076923 0 1 0 0.2692308 0 0.9615384 0 0.5 0 1 0 0.7692308 0 0.5 0 0.2692308 0 1 0 0.5384616 0 0.2307692 0 0.5 0 0.2307692 0 0.2692308 0 0.5 0 0.5384616 0 0.1923077 0 0.2307692 0 0.5384616 0 0.1538462 0 0.1923077 0 0.0384615 0 0.7307692 0 0 0 0.5769231 0 0.1538462 0 0.5384616 0 0.07692307 0 0.7307692 0 0.0384615 0 0.5769231 0 0.1153846 0 0.1538462 0 0.1153846 0 0.7307692 0 0.07692307 0 0.5769231 0 0.7307692 0 0.1153846 0 0.5769231 0 0.6923077 0 0.7307692 0 0.6153846 0 0.6923077 0 0.5769231 0 0.6153846 0 0.6538462 0 0.6923077 0 0.85 0 0.75 0 0.8 0 0.9 0 0.75 0 0.85 0 0.1 0 0 0 0.04999995 0 0.1 0 1 0 0 0 0.9 0 0.7 0 0.75 0 0.95 0 0.35 0 0.9 0 0.35 0 0.7 0 0.9 0 0.1 0 0.95 0 1 0 0.1 0 0.2 0 0.95 0 0.2 0 0.25 0 0.95 0 0.25 0 0.3 0 0.95 0 0.3 0 0.35 0 0.95 0 0.4 0 0.7 0 0.35 0 0.4 0 0.65 0 0.7 0 0.45 0 0.65 0 0.4 0 0.5 0 0.65 0 0.45 0 0.1 0 0.15 0 0.2 0 0.55 0 0.65 0 0.5 0 0.55 0 0.6 0 0.65 0 0.04347825 0 0.4782609 0 0 0 0.04347825 0 0.4347826 0 0.4782609 0 0.0869565 0 0.5217391 0 0.04347825 0 0.5217391 0 0.4347826 0 0.04347825 0 0.0869565 0 1 0 0.5217391 0 0.5652174 0 0.4347826 0 0.5217391 0 0.0869565 0 0.9565218 0 1 0 0.6086956 0 0.4347826 0 0.5652174 0 0.6086956 0 0.3913043 0 0.4347826 0 0.1304348 0 0.9565218 0 0.0869565 0 0.1304348 0 0.9130435 0 0.9565218 0 0.6521739 0 0.3913043 0 0.6086956 0 0.173913 0 0.9130435 0 0.1304348 0 0.173913 0 0.8695652 0 0.9130435 0 0.6521739 0 0.3478261 0 0.3913043 0 0.6956522 0 0.3478261 0 0.6521739 0 0.173913 0 0.8260869 0 0.8695652 0 0.7391304 0 0.3478261 0 0.6956522 0 0.2173913 0 0.8260869 0 0.173913 0 0.7391304 0 0.3043478 0 0.3478261 0 0.2173913 0 0.7826087 0 0.8260869 0 0.7826087 0 0.3043478 0 0.7391304 0 0.2173913 0 0.3043478 0 0.7826087 0 0.2608696 0 0.3043478 0 0.2173913 0 0.9333333 0 0.8 0 0.8666667 0 0.9333333 0 1 0 0.8 0 0.2666667 0 0.1333333 0 0.2 0 0.2666667 0 0.06666666 0 0.1333333 0 0.3333333 0 0.06666666 0 0.2666667 0 0.3333333 0 0 0 0.06666666 0 0.4 0 0 0 0.3333333 0 0.4666666 0 0 0 0.4 0 0.4666666 0 0.7333334 0 0 0 0.4666666 0 0.6666667 0 0.7333334 0 0.5333334 0 0.6666667 0 0.4666666 0 0.5333334 0 0.6 0 0.6666667 0 0.04761904 0 1 0 0 0 0.04761904 0 0.952381 0 1 0 0.04761904 0 0.9047619 0 0.952381 0 0.09523808 0 0.9047619 0 0.04761904 0 0.1428571 0 0.9047619 0 0.09523808 0 0.1904762 0 0.8571429 0 0.1428571 0 0.8571429 0 0.9047619 0 0.1428571 0 0.1904762 0 0.8095238 0 0.8571429 0 0.1904762 0 0.7619048 0 0.8095238 0 0.2380952 0 0.7619048 0 0.1904762 0 0.5714286 0 0.4761905 0 0.5238096 0 0.2380952 0 0.7142857 0 0.7619048 0 0.6190477 0 0.4761905 0 0.5714286 0 0.2380952 0 0.6666667 0 0.7142857 0 0.6666667 0 0.4761905 0 0.6190477 0 0.2380952 0 0.4761905 0 0.6666667 0 0.2857143 0 0.4761905 0 0.2380952 0 0.2857143 0 0.4285714 0 0.4761905 0 0.3333333 0 0.4285714 0 0.2857143 0 0.3333333 0 0.3809524 0 0.4285714 0 0.9333333 0 0.8 0 0.8666667 0 0.9333333 0 1 0 0.8 0 0.2666667 0 0.1333333 0 0.2 0 0.2666667 0 0.06666666 0 0.1333333 0 0.3333333 0 0.06666666 0 0.2666667 0 0.3333333 0 0 0 0.06666666 0 0.4 0 0 0 0.3333333 0 0.4666666 0 0 0 0.4 0 0.4666666 0 0.7333334 0 0 0 0.4666666 0 0.6666667 0 0.7333334 0 0.5333334 0 0.6666667 0 0.4666666 0 0.5333334 0 0.6 0 0.6666667 0 0.1176471 0 0.05882352 0 0.08823525 0 0.1176471 0 0.02941173 0 0.05882352 0 0.1470588 0 0.02941173 0 0.1176471 0 0.1470588 0 0 0 0.02941173 0 0.1470588 0 0.9411765 0 0 0 0.9411765 0 0.9705882 0 0 0 0.9705882 0 1 0 0 0 0.1764706 0 0.882353 0 0.1470588 0 0.882353 0 0.9117647 0 0.1470588 0 0.9117647 0 0.9411765 0 0.1470588 0 0.1764706 0 0.8529412 0 0.882353 0 0.1764706 0 0.8235294 0 0.8529412 0 0.1764706 0 0.7941176 0 0.8235294 0 0.2058823 0 0.7941176 0 0.1764706 0 0.2058823 0 0.7647059 0 0.7941176 0 0.2058823 0 0.7352941 0 0.7647059 0 0.2058823 0 0.7058824 0 0.7352941 0 0.2352941 0 0.7058824 0 0.2058823 0 0.2352941 0 0.6764706 0 0.7058824 0 0.2647059 0 0.6764706 0 0.2352941 0 0.2647059 0 0.6470589 0 0.6764706 0 0.4705882 0 0.4117647 0 0.4411765 0 0.2647059 0 0.6176471 0 0.6470589 0 0.2941176 0 0.6176471 0 0.2647059 0 0.4705882 0 0.382353 0 0.4117647 0 0.3235294 0 0.6176471 0 0.2941176 0 0.3529412 0 0.6176471 0 0.3235294 0 0.4705882 0 0.3529412 0 0.382353 0 0.4705882 0 0.6176471 0 0.3529412 0 0.4705882 0 0.5882353 0 0.6176471 0 0.5 0 0.5882353 0 0.4705882 0 0.5294118 0 0.5882353 0 0.5 0 0.5294118 0 0.5588235 0 0.5882353 0 0.04347825 0 0.4782609 0 0 0 0.04347825 0 0.4347826 0 0.4782609 0 0.0869565 0 0.5217391 0 0.04347825 0 0.5217391 0 0.4347826 0 0.04347825 0 0.0869565 0 1 0 0.5217391 0 0.5652174 0 0.4347826 0 0.5217391 0 0.0869565 0 0.9565218 0 1 0 0.6086956 0 0.4347826 0 0.5652174 0 0.6086956 0 0.3913043 0 0.4347826 0 0.1304348 0 0.9565218 0 0.0869565 0 0.1304348 0 0.9130435 0 0.9565218 0 0.6521739 0 0.3913043 0 0.6086956 0 0.173913 0 0.9130435 0 0.1304348 0 0.173913 0 0.8695652 0 0.9130435 0 0.6521739 0 0.3478261 0 0.3913043 0 0.6956522 0 0.3478261 0 0.6521739 0 0.173913 0 0.8260869 0 0.8695652 0 0.7391304 0 0.3478261 0 0.6956522 0 0.2173913 0 0.8260869 0 0.173913 0 0.7391304 0 0.3043478 0 0.3478261 0 0.2173913 0 0.7826087 0 0.8260869 0 0.7826087 0 0.3043478 0 0.7391304 0 0.2173913 0 0.3043478 0 0.7826087 0 0.2608696 0 0.3043478 0 0.2173913 0 0.4782609 0 0.5652174 0 0.4347826 0 0.5652174 0 0.3913043 0 0.4347826 0 0.5652174 0 0.3478261 0 0.3913043 0 0.5652174 0 0.6086956 0 0.3478261 0 0.6086956 0 0.3043478 0 0.3478261 0 0.4782609 0 1 0 0.5652174 0 0.6521739 0 0.3043478 0 0.6086956 0 0.6956522 0 0.3043478 0 0.6521739 0 0.6956522 0 0.2608696 0 0.3043478 0 0.7391304 0 0.2608696 0 0.6956522 0 0.7826087 0 0.2608696 0 0.7391304 0 0.7826087 0 0.2173913 0 0.2608696 0 0.8260869 0 0.2173913 0 0.7826087 0 0.8260869 0 0.173913 0 0.2173913 0 0.4782609 0 0 0 1 0 0 0 0.9565218 0 1 0 0.8695652 0 0.173913 0 0.8260869 0 0 0 0.9130435 0 0.9565218 0 0 0 0.8695652 0 0.9130435 0 0 0 0.173913 0 0.8695652 0 0 0 0.1304348 0 0.173913 0 0.4782609 0 0.5217391 0 0 0 0.04347825 0 0.1304348 0 0 0 0.0869565 0 0.1304348 0 0.04347825 0 0.1176471 0 0.05882352 0 0.08823525 0 0.1176471 0 0.02941173 0 0.05882352 0 0.1470588 0 0.02941173 0 0.1176471 0 0.1470588 0 0 0 0.02941173 0 0.1470588 0 0.9411765 0 0 0 0.9411765 0 0.9705882 0 0 0 0.9705882 0 1 0 0 0 0.1764706 0 0.882353 0 0.1470588 0 0.882353 0 0.9117647 0 0.1470588 0 0.9117647 0 0.9411765 0 0.1470588 0 0.1764706 0 0.8529412 0 0.882353 0 0.1764706 0 0.8235294 0 0.8529412 0 0.1764706 0 0.7941176 0 0.8235294 0 0.2058823 0 0.7941176 0 0.1764706 0 0.2058823 0 0.7647059 0 0.7941176 0 0.2058823 0 0.7352941 0 0.7647059 0 0.2058823 0 0.7058824 0 0.7352941 0 0.2352941 0 0.7058824 0 0.2058823 0 0.2352941 0 0.6764706 0 0.7058824 0 0.2647059 0 0.6764706 0 0.2352941 0 0.2647059 0 0.6470589 0 0.6764706 0 0.4705882 0 0.4117647 0 0.4411765 0 0.2647059 0 0.6176471 0 0.6470589 0 0.2941176 0 0.6176471 0 0.2647059 0 0.4705882 0 0.382353 0 0.4117647 0 0.3235294 0 0.6176471 0 0.2941176 0 0.3529412 0 0.6176471 0 0.3235294 0 0.4705882 0 0.3529412 0 0.382353 0 0.4705882 0 0.6176471 0 0.3529412 0 0.4705882 0 0.5882353 0 0.6176471 0 0.5 0 0.5882353 0 0.4705882 0 0.5294118 0 0.5882353 0 0.5 0 0.5294118 0 0.5588235 0 0.5882353 0 0.9333333 0 0.8 0 0.8666667 0 0.9333333 0 1 0 0.8 0 0.2666667 0 0.1333333 0 0.2 0 0.2666667 0 0.06666666 0 0.1333333 0 0.3333333 0 0.06666666 0 0.2666667 0 0.3333333 0 0 0 0.06666666 0 0.4 0 0 0 0.3333333 0 0.4666666 0 0 0 0.4 0 0.4666666 0 0.7333334 0 0 0 0.4666666 0 0.6666667 0 0.7333334 0 0.5333334 0 0.6666667 0 0.4666666 0 0.5333334 0 0.6 0 0.6666667 0 0.0869565 0 0 0 0.04347825 0 0.0869565 0 0.5217391 0 0 0 0.2608696 0 0.173913 0 0.2173913 0 0.2608696 0 0.1304348 0 0.173913 0 0.2608696 0 0.0869565 0 0.1304348 0 0.2608696 0 0.9565218 0 0.0869565 0 0.9565218 0 1 0 0.0869565 0 1 0 0.5217391 0 0.0869565 0 0.3043478 0 0.8695652 0 0.2608696 0 0.8695652 0 0.9130435 0 0.2608696 0 0.9130435 0 0.9565218 0 0.2608696 0 0.3043478 0 0.8260869 0 0.8695652 0 0.5652174 0 0.5217391 0 1 0 0.3043478 0 0.7826087 0 0.8260869 0 0.3478261 0 0.7826087 0 0.3043478 0 0.3478261 0 0.7391304 0 0.7826087 0 0.3913043 0 0.7391304 0 0.3478261 0 0.3913043 0 0.6956522 0 0.7391304 0 0.3913043 0 0.6521739 0 0.6956522 0 0.4347826 0 0.6521739 0 0.3913043 0 0.4347826 0 0.6086956 0 0.6521739 0 0.4347826 0 0.5652174 0 0.6086956 0 0.4347826 0 0.5217391 0 0.5652174 0 0.4782609 0 0.5217391 0 0.4347826 0 0 0 0.6666667 0 1 0 0 0 0.3333333 0 0.6666667 0 0.4545454 0 0.2727273 0 0.3636364 0 0.4545454 0 0.1818181 0 0.2727273 0 0.1818181 0 0 0 0.09090906 0 0.1818181 0 1 0 0 0 0.4545454 0 1 0 0.1818181 0 0.5454546 0 1 0 0.4545454 0 0.5454546 0 0.7272728 0 1 0 0.7272728 0 0.9090909 0 1 0 0.5454546 0 0.6363636 0 0.7272728 0 0.8181818 0 0.9090909 0 0.7272728 0 0.6315789 0 0.5263158 0 0.5789474 0 0.6315789 0 0.4736842 0 0.5263158 0 0.1578947 0 0.05263155 0 0.1052631 0 0.1578947 0 0 0 0.05263155 0 0.6842105 0 0.4736842 0 0.6315789 0 0.6842105 0 0.4210526 0 0.4736842 0 0.2105263 0 0 0 0.1578947 0 0.6842105 0 0.368421 0 0.4210526 0 0.2631579 0 0.9473685 0 0.2105263 0 0.9473685 0 0 0 0.2105263 0 0.6842105 0 0.3157895 0 0.368421 0 0.7368421 0 0.3157895 0 0.6842105 0 0.3157895 0 0.9473685 0 0.2631579 0 0.7368421 0 0.9473685 0 0.3157895 0 0.7368421 0 0.8947368 0 0.9473685 0 1 0 0 0 0.9473685 0 0.7368421 0 0.8421053 0 0.8947368 0 0.7894737 0 0.8421053 0 0.7368421 0 0.2340425 0 0.1914893 0 0.2127659 0 0.2553191 0 0.1914893 0 0.2340425 0 0.2553191 0 0.1702128 0 0.1914893 0 0.2765957 0 0.1702128 0 0.2553191 0 0.2978723 0 0.3191489 0 0.2765957 0 0.3191489 0 0.3404255 0 0.2765957 0 0.3404255 0 0.3617021 0 0.2765957 0 0.3617021 0 0.1702128 0 0.2765957 0 0.3617021 0 0.3829787 0 0.1702128 0 0.3829787 0 0.1489362 0 0.1702128 0 0.4042553 0 0.1489362 0 0.3829787 0 0.4255319 0 0.1489362 0 0.4042553 0 0.4255319 0 0.1276596 0 0.1489362 0 0.4468085 0 0.1276596 0 0.4255319 0 0.4680851 0 1 0 0.4468085 0 1 0 0.1276596 0 0.4468085 0 0.4893617 0 1 0 0.4680851 0 0.4893617 0 0.9787234 0 1 0 0.8085107 0 0.1276596 0 1 0 0.5106383 0 0.9787234 0 0.4893617 0 0.5106383 0 0.9574468 0 0.9787234 0 0.5319149 0 0.9574468 0 0.5106383 0 0.5319149 0 0.9361702 0 0.9574468 0 0.5319149 0 0.9148936 0 0.9361702 0 0.5531915 0 0.9148936 0 0.5319149 0 0.8297873 0 0.1276596 0 0.8085107 0 0.5531915 0 0.893617 0 0.9148936 0 0.02127659 0 0.7872341 0 0 0 0.8297873 0 0.106383 0 0.1276596 0 0.8510639 0 0.106383 0 0.8297873 0 0.04255318 0 0.7872341 0 0.02127659 0 0.8510639 0 0.08510637 0 0.106383 0 0.5531915 0 0.8723405 0 0.893617 0 0.06382977 0 0.7872341 0 0.04255318 0 0.8723405 0 0.08510637 0 0.8510639 0 0.8723405 0 0.06382977 0 0.08510637 0 0.8723405 0 0.7872341 0 0.06382977 0 0.5531915 0 0.6595745 0 0.8723405 0 0.6595745 0 0.7872341 0 0.8723405 0 0.5744681 0 0.6595745 0 0.5531915 0 0.5744681 0 0.6382979 0 0.6595745 0 0.6808511 0 0.7872341 0 0.6595745 0 0.6808511 0 0.7659575 0 0.7872341 0 0.5744681 0 0.6170213 0 0.6382979 0 0.7021276 0 0.7659575 0 0.6808511 0 0.5957447 0 0.6170213 0 0.5744681 0 0.7021276 0 0.7446808 0 0.7659575 0 0.7234042 0 0.7446808 0 0.7021276 0 0.16 0 0.07999998 0 0.12 0 0.16 0 0.03999996 0 0.07999998 0 0.16 0 0 0 0.03999996 0 0.2 0 0 0 0.16 0 0.2 0 0.88 0 0 0 0.88 0 0.92 0 0 0 0.92 0 0.96 0 0 0 0.96 0 1 0 0 0 0.2 0 0.84 0 0.88 0 0.2 0 0.8 0 0.84 0 0.24 0 0.8 0 0.2 0 0.24 0 0.76 0 0.8 0 0.24 0 0.72 0 0.76 0 0.28 0 0.72 0 0.24 0 0.28 0 0.68 0 0.72 0 0.56 0 0.48 0 0.52 0 0.32 0 0.68 0 0.28 0 0.32 0 0.64 0 0.68 0 0.6 0 0.48 0 0.56 0 0.64 0 0.48 0 0.6 0 0.32 0 0.48 0 0.64 0 0.36 0 0.48 0 0.32 0 0.36 0 0.44 0 0.48 0 0.36 0 0.4 0 0.44 0 0.04347825 0 0.4782609 0 0 0 0.04347825 0 0.4347826 0 0.4782609 0 0.0869565 0 0.5217391 0 0.04347825 0 0.5217391 0 0.4347826 0 0.04347825 0 0.0869565 0 1 0 0.5217391 0 0.5652174 0 0.4347826 0 0.5217391 0 0.0869565 0 0.9565218 0 1 0 0.6086956 0 0.4347826 0 0.5652174 0 0.6086956 0 0.3913043 0 0.4347826 0 0.1304348 0 0.9565218 0 0.0869565 0 0.1304348 0 0.9130435 0 0.9565218 0 0.6521739 0 0.3913043 0 0.6086956 0 0.173913 0 0.9130435 0 0.1304348 0 0.173913 0 0.8695652 0 0.9130435 0 0.6521739 0 0.3478261 0 0.3913043 0 0.6956522 0 0.3478261 0 0.6521739 0 0.173913 0 0.8260869 0 0.8695652 0 0.7391304 0 0.3478261 0 0.6956522 0 0.2173913 0 0.8260869 0 0.173913 0 0.7391304 0 0.3043478 0 0.3478261 0 0.2173913 0 0.7826087 0 0.8260869 0 0.7826087 0 0.3043478 0 0.7391304 0 0.2173913 0 0.3043478 0 0.7826087 0 0.2608696 0 0.3043478 0 0.2173913 0 0.6666667 0 0 0 0.3333333 0 0.6666667 0 1 0 0 0 0.1176471 0 0.05882352 0 0.08823525 0 0.1176471 0 0.02941173 0 0.05882352 0 0.1470588 0 0.02941173 0 0.1176471 0 0.1470588 0 0 0 0.02941173 0 0.1470588 0 0.9411765 0 0 0 0.9411765 0 0.9705882 0 0 0 0.9705882 0 1 0 0 0 0.1764706 0 0.882353 0 0.1470588 0 0.882353 0 0.9117647 0 0.1470588 0 0.9117647 0 0.9411765 0 0.1470588 0 0.1764706 0 0.8529412 0 0.882353 0 0.1764706 0 0.8235294 0 0.8529412 0 0.1764706 0 0.7941176 0 0.8235294 0 0.2058823 0 0.7941176 0 0.1764706 0 0.2058823 0 0.7647059 0 0.7941176 0 0.2058823 0 0.7352941 0 0.7647059 0 0.2058823 0 0.7058824 0 0.7352941 0 0.2352941 0 0.7058824 0 0.2058823 0 0.2352941 0 0.6764706 0 0.7058824 0 0.2647059 0 0.6764706 0 0.2352941 0 0.2647059 0 0.6470589 0 0.6764706 0 0.4705882 0 0.4117647 0 0.4411765 0 0.2647059 0 0.6176471 0 0.6470589 0 0.2941176 0 0.6176471 0 0.2647059 0 0.4705882 0 0.382353 0 0.4117647 0 0.3235294 0 0.6176471 0 0.2941176 0 0.3529412 0 0.6176471 0 0.3235294 0 0.4705882 0 0.3529412 0 0.382353 0 0.4705882 0 0.6176471 0 0.3529412 0 0.4705882 0 0.5882353 0 0.6176471 0 0.5 0 0.5882353 0 0.4705882 0 0.5294118 0 0.5882353 0 0.5 0 0.5294118 0 0.5588235 0 0.5882353 0 0.4230769 0 0.3461539 0 0.3846154 0 0.4230769 0 0.3076923 0 0.3461539 0 0.4615384 0 0.8846154 0 0.4230769 0 0.8846154 0 0.3076923 0 0.4230769 0 0.4615384 0 0.8461539 0 0.8846154 0 0.9230769 0 0.3076923 0 0.8846154 0 0.4615384 0 0.8076923 0 0.8461539 0 0.9615384 0 0.3076923 0 0.9230769 0 0.5 0 0.8076923 0 0.4615384 0 0.9615384 0 0.2692308 0 0.3076923 0 0.5 0 0.7692308 0 0.8076923 0 1 0 0.2692308 0 0.9615384 0 0.5 0 1 0 0.7692308 0 0.5 0 0.2692308 0 1 0 0.5384616 0 0.2307692 0 0.5 0 0.2307692 0 0.2692308 0 0.5 0 0.5384616 0 0.1923077 0 0.2307692 0 0.5384616 0 0.1538462 0 0.1923077 0 0.0384615 0 0.7307692 0 0 0 0.5769231 0 0.1538462 0 0.5384616 0 0.07692307 0 0.7307692 0 0.0384615 0 0.5769231 0 0.1153846 0 0.1538462 0 0.1153846 0 0.7307692 0 0.07692307 0 0.5769231 0 0.7307692 0 0.1153846 0 0.5769231 0 0.6923077 0 0.7307692 0 0.6153846 0 0.6923077 0 0.5769231 0 0.6153846 0 0.6538462 0 0.6923077 0 0.7777778 0 0.6666667 0 0.7222222 0 0.7777778 0 0.6111111 0 0.6666667 0 0.05555552 0 1 0 0 0 0.05555552 0 0.9444444 0 1 0 0.8333333 0 0.6111111 0 0.7777778 0 0.8333333 0 0.5555556 0 0.6111111 0 0.8888889 0 0.5555556 0 0.8333333 0 0.8888889 0 0.3333333 0 0.5555556 0 0.3333333 0 0.3888889 0 0.5555556 0 0.3888889 0 0.4444444 0 0.5555556 0 0.4444444 0 0.5 0 0.5555556 0 0.8888889 0 0.2777778 0 0.3333333 0 0.8888889 0 0.2222222 0 0.2777778 0 0.05555552 0 0.8888889 0 0.9444444 0 0.05555552 0 0.2222222 0 0.8888889 0 0.05555552 0 0.1666666 0 0.2222222 0 0.05555552 0 0.1111111 0 0.1666666 0 0.4230769 0 0.3461539 0 0.3846154 0 0.4230769 0 0.3076923 0 0.3461539 0 0.4615384 0 0.8846154 0 0.4230769 0 0.8846154 0 0.3076923 0 0.4230769 0 0.4615384 0 0.8461539 0 0.8846154 0 0.9230769 0 0.3076923 0 0.8846154 0 0.4615384 0 0.8076923 0 0.8461539 0 0.9615384 0 0.3076923 0 0.9230769 0 0.5 0 0.8076923 0 0.4615384 0 0.9615384 0 0.2692308 0 0.3076923 0 0.5 0 0.7692308 0 0.8076923 0 1 0 0.2692308 0 0.9615384 0 0.5 0 1 0 0.7692308 0 0.5 0 0.2692308 0 1 0 0.5384616 0 0.2307692 0 0.5 0 0.2307692 0 0.2692308 0 0.5 0 0.5384616 0 0.1923077 0 0.2307692 0 0.5384616 0 0.1538462 0 0.1923077 0 0.0384615 0 0.7307692 0 0 0 0.5769231 0 0.1538462 0 0.5384616 0 0.07692307 0 0.7307692 0 0.0384615 0 0.5769231 0 0.1153846 0 0.1538462 0 0.1153846 0 0.7307692 0 0.07692307 0 0.5769231 0 0.7307692 0 0.1153846 0 0.5769231 0 0.6923077 0 0.7307692 0 0.6153846 0 0.6923077 0 0.5769231 0 0.6153846 0 0.6538462 0 0.6923077 0 0.4782609 0 0.5652174 0 0.4347826 0 0.5652174 0 0.3913043 0 0.4347826 0 0.5652174 0 0.3478261 0 0.3913043 0 0.5652174 0 0.6086956 0 0.3478261 0 0.6086956 0 0.3043478 0 0.3478261 0 0.4782609 0 1 0 0.5652174 0 0.6521739 0 0.3043478 0 0.6086956 0 0.6956522 0 0.3043478 0 0.6521739 0 0.6956522 0 0.2608696 0 0.3043478 0 0.7391304 0 0.2608696 0 0.6956522 0 0.7826087 0 0.2608696 0 0.7391304 0 0.7826087 0 0.2173913 0 0.2608696 0 0.8260869 0 0.2173913 0 0.7826087 0 0.8260869 0 0.173913 0 0.2173913 0 0.4782609 0 0 0 1 0 0 0 0.9565218 0 1 0 0.8695652 0 0.173913 0 0.8260869 0 0 0 0.9130435 0 0.9565218 0 0 0 0.8695652 0 0.9130435 0 0 0 0.173913 0 0.8695652 0 0 0 0.1304348 0 0.173913 0 0.4782609 0 0.5217391 0 0 0 0.04347825 0 0.1304348 0 0 0 0.0869565 0 0.1304348 0 0.04347825 0 0.4230769 0 0.3461539 0 0.3846154 0 0.4230769 0 0.3076923 0 0.3461539 0 0.4615384 0 0.8846154 0 0.4230769 0 0.8846154 0 0.3076923 0 0.4230769 0 0.4615384 0 0.8461539 0 0.8846154 0 0.9230769 0 0.3076923 0 0.8846154 0 0.4615384 0 0.8076923 0 0.8461539 0 0.9615384 0 0.3076923 0 0.9230769 0 0.5 0 0.8076923 0 0.4615384 0 0.9615384 0 0.2692308 0 0.3076923 0 0.5 0 0.7692308 0 0.8076923 0 1 0 0.2692308 0 0.9615384 0 0.5 0 1 0 0.7692308 0 0.5 0 0.2692308 0 1 0 0.5384616 0 0.2307692 0 0.5 0 0.2307692 0 0.2692308 0 0.5 0 0.5384616 0 0.1923077 0 0.2307692 0 0.5384616 0 0.1538462 0 0.1923077 0 0.0384615 0 0.7307692 0 0 0 0.5769231 0 0.1538462 0 0.5384616 0 0.07692307 0 0.7307692 0 0.0384615 0 0.5769231 0 0.1153846 0 0.1538462 0 0.1153846 0 0.7307692 0 0.07692307 0 0.5769231 0 0.7307692 0 0.1153846 0 0.5769231 0 0.6923077 0 0.7307692 0 0.6153846 0 0.6923077 0 0.5769231 0 0.6153846 0 0.6538462 0 0.6923077 0 0.7777778 0 0.6666667 0 0.7222222 0 0.7777778 0 0.6111111 0 0.6666667 0 0.05555552 0 1 0 0 0 0.05555552 0 0.9444444 0 1 0 0.8333333 0 0.6111111 0 0.7777778 0 0.8333333 0 0.5555556 0 0.6111111 0 0.8888889 0 0.5555556 0 0.8333333 0 0.8888889 0 0.3333333 0 0.5555556 0 0.3333333 0 0.3888889 0 0.5555556 0 0.3888889 0 0.4444444 0 0.5555556 0 0.4444444 0 0.5 0 0.5555556 0 0.8888889 0 0.2777778 0 0.3333333 0 0.8888889 0 0.2222222 0 0.2777778 0 0.05555552 0 0.8888889 0 0.9444444 0 0.05555552 0 0.2222222 0 0.8888889 0 0.05555552 0 0.1666666 0 0.2222222 0 0.05555552 0 0.1111111 0 0.1666666 0 0.1428571 0 0 0 0.07142853 0 0.1428571 0 0.7857143 0 0 0 0.7857143 0 0.8571429 0 0 0 0.8571429 0 0.7142857 0 0 0 0.1428571 0 1 0 0.7857143 0 0.9285714 0 0.7142857 0 0.8571429 0 0.1428571 0 0.9285714 0 1 0 0.1428571 0 0.7142857 0 0.9285714 0 0.1428571 0 0.6428571 0 0.7142857 0 0.1428571 0 0.5714286 0 0.6428571 0 0.2142857 0 0.5714286 0 0.1428571 0 0.2857143 0 0.5714286 0 0.2142857 0 0.3571429 0 0.5 0 0.2857143 0 0.5 0 0.5714286 0 0.2857143 0 0.3571429 0 0.4285714 0 0.5 0 0 0 0.6666667 0 1 0 0 0 0.3333333 0 0.6666667 0 0.6666667 0 0 0 0.3333333 0 0.6666667 0 1 0 0 0 0.5652174 0 1 0 0.5217391 0 0.6086956 0 1 0 0.5652174 0 0.6086956 0 0.9565218 0 1 0 0.6521739 0 0.9565218 0 0.6086956 0 0.6521739 0 0.9130435 0 0.9565218 0 0.6956522 0 0.9130435 0 0.6521739 0 0.6956522 0 0.8695652 0 0.9130435 0 0.7391304 0 0.8695652 0 0.6956522 0 0.7391304 0 0.8260869 0 0.8695652 0 0.7826087 0 0.8260869 0 0.7391304 0 0.04347825 0 0.4782609 0 0 0 0.0869565 0 0.4782609 0 0.04347825 0 0.0869565 0 0.4347826 0 0.4782609 0 0.1304348 0 0.4347826 0 0.0869565 0 0.1304348 0 0.3913043 0 0.4347826 0 0.173913 0 0.3913043 0 0.1304348 0 0.173913 0 0.3478261 0 0.3913043 0 0.173913 0 0.3043478 0 0.3478261 0 0.2173913 0 0.3043478 0 0.173913 0 0.2173913 0 0.2608696 0 0.3043478 0 0.6666667 0 0 0 0.3333333 0 0.6666667 0 1 0 0 0 0.1176471 0 0.05882352 0 0.08823525 0 0.1176471 0 0.02941173 0 0.05882352 0 0.1470588 0 0.02941173 0 0.1176471 0 0.1470588 0 0 0 0.02941173 0 0.1470588 0 0.9411765 0 0 0 0.9411765 0 0.9705882 0 0 0 0.9705882 0 1 0 0 0 0.1764706 0 0.882353 0 0.1470588 0 0.882353 0 0.9117647 0 0.1470588 0 0.9117647 0 0.9411765 0 0.1470588 0 0.1764706 0 0.8529412 0 0.882353 0 0.1764706 0 0.8235294 0 0.8529412 0 0.1764706 0 0.7941176 0 0.8235294 0 0.2058823 0 0.7941176 0 0.1764706 0 0.2058823 0 0.7647059 0 0.7941176 0 0.2058823 0 0.7352941 0 0.7647059 0 0.2058823 0 0.7058824 0 0.7352941 0 0.2352941 0 0.7058824 0 0.2058823 0 0.2352941 0 0.6764706 0 0.7058824 0 0.2647059 0 0.6764706 0 0.2352941 0 0.2647059 0 0.6470589 0 0.6764706 0 0.4705882 0 0.4117647 0 0.4411765 0 0.2647059 0 0.6176471 0 0.6470589 0 0.2941176 0 0.6176471 0 0.2647059 0 0.4705882 0 0.382353 0 0.4117647 0 0.3235294 0 0.6176471 0 0.2941176 0 0.3529412 0 0.6176471 0 0.3235294 0 0.4705882 0 0.3529412 0 0.382353 0 0.4705882 0 0.6176471 0 0.3529412 0 0.4705882 0 0.5882353 0 0.6176471 0 0.5 0 0.5882353 0 0.4705882 0 0.5294118 0 0.5882353 0 0.5 0 0.5294118 0 0.5588235 0 0.5882353 0 0.4230769 0 0.3461539 0 0.3846154 0 0.4230769 0 0.3076923 0 0.3461539 0 0.4615384 0 0.8846154 0 0.4230769 0 0.8846154 0 0.3076923 0 0.4230769 0 0.4615384 0 0.8461539 0 0.8846154 0 0.9230769 0 0.3076923 0 0.8846154 0 0.4615384 0 0.8076923 0 0.8461539 0 0.9615384 0 0.3076923 0 0.9230769 0 0.5 0 0.8076923 0 0.4615384 0 0.9615384 0 0.2692308 0 0.3076923 0 0.5 0 0.7692308 0 0.8076923 0 1 0 0.2692308 0 0.9615384 0 0.5 0 1 0 0.7692308 0 0.5 0 0.2692308 0 1 0 0.5384616 0 0.2307692 0 0.5 0 0.2307692 0 0.2692308 0 0.5 0 0.5384616 0 0.1923077 0 0.2307692 0 0.5384616 0 0.1538462 0 0.1923077 0 0.0384615 0 0.7307692 0 0 0 0.5769231 0 0.1538462 0 0.5384616 0 0.07692307 0 0.7307692 0 0.0384615 0 0.5769231 0 0.1153846 0 0.1538462 0 0.1153846 0 0.7307692 0 0.07692307 0 0.5769231 0 0.7307692 0 0.1153846 0 0.5769231 0 0.6923077 0 0.7307692 0 0.6153846 0 0.6923077 0 0.5769231 0 0.6153846 0 0.6538462 0 0.6923077 0 0.7777778 0 0.6666667 0 0.7222222 0 0.7777778 0 0.6111111 0 0.6666667 0 0.05555552 0 1 0 0 0 0.05555552 0 0.9444444 0 1 0 0.8333333 0 0.6111111 0 0.7777778 0 0.8333333 0 0.5555556 0 0.6111111 0 0.8888889 0 0.5555556 0 0.8333333 0 0.8888889 0 0.3333333 0 0.5555556 0 0.3333333 0 0.3888889 0 0.5555556 0 0.3888889 0 0.4444444 0 0.5555556 0 0.4444444 0 0.5 0 0.5555556 0 0.8888889 0 0.2777778 0 0.3333333 0 0.8888889 0 0.2222222 0 0.2777778 0 0.05555552 0 0.8888889 0 0.9444444 0 0.05555552 0 0.2222222 0 0.8888889 0 0.05555552 0 0.1666666 0 0.2222222 0 0.05555552 0 0.1111111 0 0.1666666 0 0.04761904 0 1 0 0 0 0.04761904 0 0.952381 0 1 0 0.04761904 0 0.9047619 0 0.952381 0 0.09523808 0 0.9047619 0 0.04761904 0 0.1428571 0 0.9047619 0 0.09523808 0 0.1904762 0 0.8571429 0 0.1428571 0 0.8571429 0 0.9047619 0 0.1428571 0 0.1904762 0 0.8095238 0 0.8571429 0 0.1904762 0 0.7619048 0 0.8095238 0 0.2380952 0 0.7619048 0 0.1904762 0 0.5714286 0 0.4761905 0 0.5238096 0 0.2380952 0 0.7142857 0 0.7619048 0 0.6190477 0 0.4761905 0 0.5714286 0 0.2380952 0 0.6666667 0 0.7142857 0 0.6666667 0 0.4761905 0 0.6190477 0 0.2380952 0 0.4761905 0 0.6666667 0 0.2857143 0 0.4761905 0 0.2380952 0 0.2857143 0 0.4285714 0 0.4761905 0 0.3333333 0 0.4285714 0 0.2857143 0 0.3333333 0 0.3809524 0 0.4285714 0 0.4230769 0 0.3461539 0 0.3846154 0 0.4230769 0 0.3076923 0 0.3461539 0 0.4615384 0 0.8846154 0 0.4230769 0 0.8846154 0 0.3076923 0 0.4230769 0 0.4615384 0 0.8461539 0 0.8846154 0 0.9230769 0 0.3076923 0 0.8846154 0 0.4615384 0 0.8076923 0 0.8461539 0 0.9615384 0 0.3076923 0 0.9230769 0 0.5 0 0.8076923 0 0.4615384 0 0.9615384 0 0.2692308 0 0.3076923 0 0.5 0 0.7692308 0 0.8076923 0 1 0 0.2692308 0 0.9615384 0 0.5 0 1 0 0.7692308 0 0.5 0 0.2692308 0 1 0 0.5384616 0 0.2307692 0 0.5 0 0.2307692 0 0.2692308 0 0.5 0 0.5384616 0 0.1923077 0 0.2307692 0 0.5384616 0 0.1538462 0 0.1923077 0 0.0384615 0 0.7307692 0 0 0 0.5769231 0 0.1538462 0 0.5384616 0 0.07692307 0 0.7307692 0 0.0384615 0 0.5769231 0 0.1153846 0 0.1538462 0 0.1153846 0 0.7307692 0 0.07692307 0 0.5769231 0 0.7307692 0 0.1153846 0 0.5769231 0 0.6923077 0 0.7307692 0 0.6153846 0 0.6923077 0 0.5769231 0 0.6153846 0 0.6538462 0 0.6923077 0 0.3571429 0 0.2142857 0 0.2857143 0 0.3571429 0 0.5 0 0.2142857 0 0.5 0 0.5714286 0 0.2142857 0 0.5714286 0 0.1428571 0 0.2142857 0 0.1428571 0 0 0 0.07142853 0 0.1428571 0 0.7857143 0 0 0 0.7857143 0 0.8571429 0 0 0 0.8571429 0 1 0 0 0 0.3571429 0 0.4285714 0 0.5 0 0.6428571 0 0.1428571 0 0.5714286 0 0.1428571 0 0.7142857 0 0.7857143 0 0.9285714 0 1 0 0.8571429 0 0.6428571 0 0.7142857 0 0.1428571 0</float_array>
          <technique_common>
            <accessor source="#Metres_1_1___4_reperes_locaux___disposition_eclatee_de_travai-mesh-map-0-array" count="3279" stride="2">
              <param name="S" type="float"/>
              <param name="T" type="float"/>
            </accessor>
          </technique_common>
        </source>
        <vertices id="Metres_1_1___4_reperes_locaux___disposition_eclatee_de_travai-mesh-vertices">
          <input semantic="POSITION" source="#Metres_1_1___4_reperes_locaux___disposition_eclatee_de_travai-mesh-positions"/>
        </vertices>
        <triangles material="Annotations_NON_METRIQUES_001-material" count="1093">
          <input semantic="VERTEX" source="#Metres_1_1___4_reperes_locaux___disposition_eclatee_de_travai-mesh-vertices" offset="0"/>
          <input semantic="NORMAL" source="#Metres_1_1___4_reperes_locaux___disposition_eclatee_de_travai-mesh-normals" offset="1"/>
          <input semantic="TEXCOORD" source="#Metres_1_1___4_reperes_locaux___disposition_eclatee_de_travai-mesh-map-0" offset="2" set="0"/>
          <p>2 0 0 0 0 1 1 0 2 2 1 3 3 1 4 0 1 5 18 2 6 16 2 7 17 2 8 18 3 9 19 3 10 16 3 11 8 4 12 6 4 13 7 4 14 8 5 15 5 5 16 6 5 17 9 6 18 5 6 19 8 6 20 9 7 21 4 7 22 5 7 23 10 8 24 4 8 25 9 8 26 11 9 27 4 9 28 10 9 29 11 10 30 15 10 31 4 10 32 11 11 33 14 11 34 15 11 35 12 12 36 14 12 37 11 12 38 12 13 39 13 13 40 14 13 41 31 14 42 29 14 43 30 14 44 32 15 45 29 15 46 31 15 47 32 16 48 28 16 49 29 16 50 33 17 51 28 17 52 32 17 53 34 18 54 35 18 55 33 18 56 35 19 57 36 19 58 33 19 59 36 20 60 37 20 61 33 20 62 37 21 63 28 21 64 33 21 65 37 22 66 38 22 67 28 22 68 38 23 69 27 23 70 28 23 71 39 24 72 27 24 73 38 24 74 40 25 75 27 25 76 39 25 77 40 26 78 26 26 79 27 26 80 41 27 81 26 27 82 40 27 83 42 28 84 67 28 85 41 28 86 67 29 87 26 29 88 41 29 89 43 30 90 67 30 91 42 30 92 43 31 93 66 31 94 67 31 95 58 32 96 26 32 97 67 32 98 44 33 99 66 33 100 43 33 101 44 34 102 65 34 103 66 34 104 45 35 105 65 35 106 44 35 107 45 36 108 64 36 109 65 36 110 45 37 111 63 37 112 64 37 113 46 38 114 63 38 115 45 38 116 59 39 117 26 39 118 58 39 119 46 40 120 62 40 121 63 40 122 21 41 123 57 41 124 20 41 125 59 42 126 25 42 127 26 42 128 60 43 129 25 43 130 59 43 131 22 44 132 57 44 133 21 44 134 60 45 135 24 45 136 25 45 137 46 46 138 61 46 139 62 46 140 23 47 141 57 47 142 22 47 143 61 48 144 24 48 145 60 48 146 61 49 147 23 49 148 24 49 149 61 50 150 57 50 151 23 50 152 46 51 153 51 51 154 61 51 155 51 52 156 57 52 157 61 52 158 47 53 159 51 53 160 46 53 161 47 54 162 50 54 163 51 54 164 52 55 165 57 55 166 51 55 167 52 56 168 56 56 169 57 56 170 47 57 171 49 57 172 50 57 173 53 58 174 56 58 175 52 58 176 48 59 177 49 59 178 47 59 179 53 60 180 55 60 181 56 60 182 54 61 183 55 61 184 53 61 185 68 62 186 73 62 187 74 62 188 68 63 189 72 63 190 73 63 191 72 64 192 70 64 193 71 64 194 72 65 195 69 65 196 70 65 197 68 66 198 69 66 199 72 66 200 86 67 201 84 67 202 85 67 203 87 68 204 84 68 205 86 68 206 87 69 207 83 69 208 84 69 209 88 70 210 83 70 211 87 70 212 89 71 213 90 71 214 88 71 215 90 72 216 91 72 217 88 72 218 91 73 219 92 73 220 88 73 221 92 74 222 83 74 223 88 74 224 92 75 225 93 75 226 83 75 227 93 76 228 82 76 229 83 76 230 94 77 231 82 77 232 93 77 233 95 78 234 82 78 235 94 78 236 95 79 237 81 79 238 82 79 239 96 80 240 81 80 241 95 80 242 97 81 243 122 81 244 96 81 245 122 82 246 81 82 247 96 82 248 98 83 249 122 83 250 97 83 251 98 84 252 121 84 253 122 84 254 113 85 255 81 85 256 122 85 257 99 86 258 121 86 259 98 86 260 99 87 261 120 87 262 121 87 263 100 88 264 120 88 265 99 88 266 100 89 267 119 89 268 120 89 269 100 90 270 118 90 271 119 90 272 101 91 273 118 91 274 100 91 275 114 92 276 81 92 277 113 92 278 101 93 279 117 93 280 118 93 281 76 94 282 112 94 283 75 94 284 114 95 285 80 95 286 81 95 287 115 96 288 80 96 289 114 96 290 77 97 291 112 97 292 76 97 293 115 98 294 79 98 295 80 98 296 101 99 297 116 99 298 117 99 299 78 100 300 112 100 301 77 100 302 116 101 303 79 101 304 115 101 305 116 102 306 78 102 307 79 102 308 116 103 309 112 103 310 78 103 311 101 104 312 106 104 313 116 104 314 106 105 315 112 105 316 116 105 317 102 106 318 106 106 319 101 106 320 102 107 321 105 107 322 106 107 323 107 108 324 112 108 325 106 108 326 107 109 327 111 109 328 112 109 329 102 110 330 104 110 331 105 110 332 108 111 333 111 111 334 107 111 335 103 112 336 104 112 337 102 112 338 108 113 339 110 113 340 111 113 341 109 114 342 110 114 343 108 114 344 137 115 345 135 115 346 136 115 347 137 116 348 134 116 349 135 116 350 124 117 351 141 117 352 123 117 353 124 118 354 140 118 355 141 118 356 138 119 357 134 119 358 137 119 359 138 120 360 133 120 361 134 120 362 139 121 363 133 121 364 138 121 365 139 122 366 129 122 367 133 122 368 129 123 369 130 123 370 133 123 371 130 124 372 131 124 373 133 124 374 131 125 375 132 125 376 133 125 377 139 126 378 128 126 379 129 126 380 139 127 381 127 127 382 128 127 383 124 128 384 139 128 385 140 128 386 124 129 387 127 129 388 139 129 389 124 130 390 126 130 391 127 130 392 124 131 393 125 131 394 126 131 395 143 132 396 163 132 397 142 132 398 143 133 399 162 133 400 163 133 401 143 134 402 161 134 403 162 134 404 144 135 405 161 135 406 143 135 407 145 136 408 161 136 409 144 136 410 146 137 411 160 137 412 145 137 413 160 138 414 161 138 415 145 138 416 146 139 417 159 139 418 160 139 419 146 140 420 158 140 421 159 140 422 147 141 423 158 141 424 146 141 425 154 142 426 152 142 427 153 142 428 147 143 429 157 143 430 158 143 431 155 144 432 152 144 433 154 144 434 147 145 435 156 145 436 157 145 437 156 146 438 152 146 439 155 146 440 147 147 441 152 147 442 156 147 443 148 148 444 152 148 445 147 148 446 148 149 447 151 149 448 152 149 449 149 150 450 151 150 451 148 150 452 149 151 453 150 151 454 151 151 455 175 152 456 173 152 457 174 152 458 175 153 459 172 153 460 173 153 461 176 154 462 187 154 463 175 154 464 187 155 465 172 155 466 175 155 467 176 156 468 186 156 469 187 156 470 188 157 471 172 157 472 187 157 473 176 158 474 185 158 475 186 158 476 189 159 477 172 159 478 188 159 479 177 160 480 185 160 481 176 160 482 189 161 483 171 161 484 172 161 485 177 162 486 184 162 487 185 162 488 190 163 489 171 163 490 189 163 491 177 164 492 190 164 493 184 164 494 177 165 495 171 165 496 190 165 497 178 166 498 170 166 499 177 166 500 170 167 501 171 167 502 177 167 503 178 168 504 169 168 505 170 168 506 178 169 507 168 169 508 169 169 509 165 170 510 183 170 511 164 170 512 179 171 513 168 171 514 178 171 515 166 172 516 183 172 517 165 172 518 179 173 519 167 173 520 168 173 521 167 174 522 183 174 523 166 174 524 179 175 525 183 175 526 167 175 527 179 176 528 182 176 529 183 176 530 180 177 531 182 177 532 179 177 533 180 178 534 181 178 535 182 178 536 193 179 537 191 179 538 192 179 539 193 180 540 203 180 541 191 180 542 197 181 543 195 181 544 196 181 545 197 182 546 194 182 547 195 182 548 197 183 549 193 183 550 194 183 551 197 184 552 213 184 553 193 184 554 213 185 555 214 185 556 193 185 557 214 186 558 203 186 559 193 186 560 198 187 561 211 187 562 197 187 563 211 188 564 212 188 565 197 188 566 212 189 567 213 189 568 197 189 569 198 190 570 210 190 571 211 190 572 204 191 573 203 191 574 214 191 575 198 192 576 209 192 577 210 192 578 199 193 579 209 193 580 198 193 581 199 194 582 208 194 583 209 194 584 200 195 585 208 195 586 199 195 587 200 196 588 207 196 589 208 196 590 200 197 591 206 197 592 207 197 593 201 198 594 206 198 595 200 198 596 201 199 597 205 199 598 206 199 599 201 200 600 204 200 601 205 200 602 201 201 603 203 201 604 204 201 605 202 202 606 203 202 607 201 202 608 226 203 609 224 203 610 225 203 611 226 204 612 223 204 613 224 204 614 227 205 615 238 205 616 226 205 617 238 206 618 223 206 619 226 206 620 227 207 621 237 207 622 238 207 623 239 208 624 223 208 625 238 208 626 227 209 627 236 209 628 237 209 629 240 210 630 223 210 631 239 210 632 228 211 633 236 211 634 227 211 635 240 212 636 222 212 637 223 212 638 228 213 639 235 213 640 236 213 641 241 214 642 222 214 643 240 214 644 228 215 645 241 215 646 235 215 647 228 216 648 222 216 649 241 216 650 229 217 651 221 217 652 228 217 653 221 218 654 222 218 655 228 218 656 229 219 657 220 219 658 221 219 659 229 220 660 219 220 661 220 220 662 216 221 663 234 221 664 215 221 665 230 222 666 219 222 667 229 222 668 217 223 669 234 223 670 216 223 671 230 224 672 218 224 673 219 224 674 218 225 675 234 225 676 217 225 677 230 226 678 234 226 679 218 226 680 230 227 681 233 227 682 234 227 683 231 228 684 233 228 685 230 228 686 231 229 687 232 229 688 233 229 689 253 230 690 251 230 691 252 230 692 253 231 693 250 231 694 251 231 695 254 232 696 265 232 697 253 232 698 265 233 699 250 233 700 253 233 701 254 234 702 264 234 703 265 234 704 266 235 705 250 235 706 265 235 707 254 236 708 263 236 709 264 236 710 267 237 711 250 237 712 266 237 713 255 238 714 263 238 715 254 238 716 267 239 717 249 239 718 250 239 719 255 240 720 262 240 721 263 240 722 268 241 723 249 241 724 267 241 725 255 242 726 268 242 727 262 242 728 255 243 729 249 243 730 268 243 731 256 244 732 248 244 733 255 244 734 248 245 735 249 245 736 255 245 737 256 246 738 247 246 739 248 246 740 256 247 741 246 247 742 247 247 743 243 248 744 261 248 745 242 248 746 257 249 747 246 249 748 256 249 749 244 250 750 261 250 751 243 250 752 257 251 753 245 251 754 246 251 755 245 252 756 261 252 757 244 252 758 257 253 759 261 253 760 245 253 761 257 254 762 260 254 763 261 254 764 258 255 765 260 255 766 257 255 767 258 256 768 259 256 769 260 256 770 270 257 771 290 257 772 269 257 773 270 258 774 289 258 775 290 258 776 270 259 777 288 259 778 289 259 779 271 260 780 288 260 781 270 260 782 272 261 783 288 261 784 271 261 785 273 262 786 287 262 787 272 262 788 287 263 789 288 263 790 272 263 791 273 264 792 286 264 793 287 264 794 273 265 795 285 265 796 286 265 797 274 266 798 285 266 799 273 266 800 281 267 801 279 267 802 280 267 803 274 268 804 284 268 805 285 268 806 282 269 807 279 269 808 281 269 809 274 270 810 283 270 811 284 270 812 283 271 813 279 271 814 282 271 815 274 272 816 279 272 817 283 272 818 275 273 819 279 273 820 274 273 821 275 274 822 278 274 823 279 274 824 276 275 825 278 275 826 275 275 827 276 276 828 277 276 829 278 276 830 302 277 831 300 277 832 301 277 833 303 278 834 300 278 835 302 278 836 303 279 837 299 279 838 300 279 839 304 280 840 299 280 841 303 280 842 305 281 843 306 281 844 304 281 845 306 282 846 307 282 847 304 282 848 307 283 849 308 283 850 304 283 851 308 284 852 299 284 853 304 284 854 308 285 855 309 285 856 299 285 857 309 286 858 298 286 859 299 286 860 310 287 861 298 287 862 309 287 863 311 288 864 298 288 865 310 288 866 311 289 867 297 289 868 298 289 869 312 290 870 297 290 871 311 290 872 313 291 873 338 291 874 312 291 875 338 292 876 297 292 877 312 292 878 314 293 879 338 293 880 313 293 881 314 294 882 337 294 883 338 294 884 329 295 885 297 295 886 338 295 887 315 296 888 337 296 889 314 296 890 315 297 891 336 297 892 337 297 893 316 298 894 336 298 895 315 298 896 316 299 897 335 299 898 336 299 899 316 300 900 334 300 901 335 300 902 317 301 903 334 301 904 316 301 905 330 302 906 297 302 907 329 302 908 317 303 909 333 303 910 334 303 911 292 304 912 328 304 913 291 304 914 330 305 915 296 305 916 297 305 917 331 306 918 296 306 919 330 306 920 293 307 921 328 307 922 292 307 923 331 308 924 295 308 925 296 308 926 317 309 927 332 309 928 333 309 929 294 310 930 328 310 931 293 310 932 332 311 933 295 311 934 331 311 935 332 312 936 294 312 937 295 312 938 332 313 939 328 313 940 294 313 941 317 314 942 322 314 943 332 314 944 322 315 945 328 315 946 332 315 947 318 316 948 322 316 949 317 316 950 318 317 951 321 317 952 322 317 953 323 318 954 328 318 955 322 318 956 323 319 957 327 319 958 328 319 959 318 320 960 320 320 961 321 320 962 324 321 963 327 321 964 323 321 965 319 322 966 320 322 967 318 322 968 324 323 969 326 323 970 327 323 971 325 324 972 326 324 973 324 324 974 341 325 975 339 325 976 340 325 977 341 326 978 342 326 979 339 326 980 347 327 981 345 327 982 346 327 983 347 328 984 344 328 985 345 328 986 347 329 987 343 329 988 344 329 989 348 330 990 343 330 991 347 330 992 348 331 993 365 331 994 343 331 995 365 332 996 366 332 997 343 332 998 366 333 999 367 333 1000 343 333 1001 367 334 1002 368 334 1003 343 334 1004 348 335 1005 364 335 1006 365 335 1007 348 336 1008 363 336 1009 364 336 1010 349 337 1011 363 337 1012 348 337 1013 349 338 1014 362 338 1015 363 338 1016 349 339 1017 361 339 1018 362 339 1019 350 340 1020 361 340 1021 349 340 1022 350 341 1023 360 341 1024 361 341 1025 357 342 1026 355 342 1027 356 342 1028 351 343 1029 360 343 1030 350 343 1031 351 344 1032 359 344 1033 360 344 1034 358 345 1035 355 345 1036 357 345 1037 359 346 1038 355 346 1039 358 346 1040 351 347 1041 355 347 1042 359 347 1043 352 348 1044 355 348 1045 351 348 1046 352 349 1047 354 349 1048 355 349 1049 352 350 1050 353 350 1051 354 350 1052 380 351 1053 378 351 1054 379 351 1055 380 352 1056 377 352 1057 378 352 1058 381 353 1059 392 353 1060 380 353 1061 392 354 1062 377 354 1063 380 354 1064 381 355 1065 391 355 1066 392 355 1067 393 356 1068 377 356 1069 392 356 1070 381 357 1071 390 357 1072 391 357 1073 394 358 1074 377 358 1075 393 358 1076 382 359 1077 390 359 1078 381 359 1079 394 360 1080 376 360 1081 377 360 1082 382 361 1083 389 361 1084 390 361 1085 395 362 1086 376 362 1087 394 362 1088 382 363 1089 395 363 1090 389 363 1091 382 364 1092 376 364 1093 395 364 1094 383 365 1095 375 365 1096 382 365 1097 375 366 1098 376 366 1099 382 366 1100 383 367 1101 374 367 1102 375 367 1103 383 368 1104 373 368 1105 374 368 1106 370 369 1107 388 369 1108 369 369 1109 384 370 1110 373 370 1111 383 370 1112 371 371 1113 388 371 1114 370 371 1115 384 372 1116 372 372 1117 373 372 1118 372 373 1119 388 373 1120 371 373 1121 384 374 1122 388 374 1123 372 374 1124 384 375 1125 387 375 1126 388 375 1127 385 376 1128 387 376 1129 384 376 1130 385 377 1131 386 377 1132 387 377 1133 413 378 1134 411 378 1135 412 378 1136 414 379 1137 411 379 1138 413 379 1139 398 380 1140 396 380 1141 397 380 1142 398 381 1143 416 381 1144 396 381 1145 414 382 1146 410 382 1147 411 382 1148 415 383 1149 403 383 1150 414 383 1151 403 384 1152 410 384 1153 414 384 1154 398 385 1155 415 385 1156 416 385 1157 398 386 1158 400 386 1159 415 386 1160 400 387 1161 401 387 1162 415 387 1163 401 388 1164 402 388 1165 415 388 1166 402 389 1167 403 389 1168 415 389 1169 404 390 1170 410 390 1171 403 390 1172 404 391 1173 409 391 1174 410 391 1175 405 392 1176 409 392 1177 404 392 1178 406 393 1179 409 393 1180 405 393 1181 398 394 1182 399 394 1183 400 394 1184 407 395 1185 409 395 1186 406 395 1187 407 396 1188 408 396 1189 409 396 1190 418 397 1191 428 397 1192 417 397 1193 418 398 1194 427 398 1195 428 398 1196 419 399 1197 429 399 1198 418 399 1199 429 400 1200 427 400 1201 418 400 1202 419 401 1203 440 401 1204 429 401 1205 430 402 1206 427 402 1207 429 402 1208 419 403 1209 439 403 1210 440 403 1211 431 404 1212 427 404 1213 430 404 1214 431 405 1215 426 405 1216 427 405 1217 420 406 1218 439 406 1219 419 406 1220 420 407 1221 438 407 1222 439 407 1223 432 408 1224 426 408 1225 431 408 1226 421 409 1227 438 409 1228 420 409 1229 421 410 1230 437 410 1231 438 410 1232 432 411 1233 425 411 1234 426 411 1235 433 412 1236 425 412 1237 432 412 1238 421 413 1239 436 413 1240 437 413 1241 434 414 1242 425 414 1243 433 414 1244 422 415 1245 436 415 1246 421 415 1247 434 416 1248 424 416 1249 425 416 1250 422 417 1251 435 417 1252 436 417 1253 435 418 1254 424 418 1255 434 418 1256 422 419 1257 424 419 1258 435 419 1259 423 420 1260 424 420 1261 422 420 1262 455 421 1263 453 421 1264 454 421 1265 455 422 1266 456 422 1267 453 422 1268 445 423 1269 443 423 1270 444 423 1271 445 424 1272 442 424 1273 443 424 1274 446 425 1275 442 425 1276 445 425 1277 446 426 1278 441 426 1279 442 426 1280 447 427 1281 441 427 1282 446 427 1283 448 428 1284 441 428 1285 447 428 1286 448 429 1287 452 429 1288 441 429 1289 448 430 1290 451 430 1291 452 430 1292 449 431 1293 451 431 1294 448 431 1295 449 432 1296 450 432 1297 451 432 1298 458 433 1299 478 433 1300 457 433 1301 458 434 1302 477 434 1303 478 434 1304 458 435 1305 476 435 1306 477 435 1307 459 436 1308 476 436 1309 458 436 1310 460 437 1311 476 437 1312 459 437 1313 461 438 1314 475 438 1315 460 438 1316 475 439 1317 476 439 1318 460 439 1319 461 440 1320 474 440 1321 475 440 1322 461 441 1323 473 441 1324 474 441 1325 462 442 1326 473 442 1327 461 442 1328 469 443 1329 467 443 1330 468 443 1331 462 444 1332 472 444 1333 473 444 1334 470 445 1335 467 445 1336 469 445 1337 462 446 1338 471 446 1339 472 446 1340 471 447 1341 467 447 1342 470 447 1343 462 448 1344 467 448 1345 471 448 1346 463 449 1347 467 449 1348 462 449 1349 463 450 1350 466 450 1351 467 450 1352 464 451 1353 466 451 1354 463 451 1355 464 452 1356 465 452 1357 466 452 1358 493 453 1359 491 453 1360 492 453 1361 493 454 1362 494 454 1363 491 454 1364 483 455 1365 481 455 1366 482 455 1367 483 456 1368 480 456 1369 481 456 1370 484 457 1371 480 457 1372 483 457 1373 484 458 1374 479 458 1375 480 458 1376 485 459 1377 479 459 1378 484 459 1379 486 460 1380 479 460 1381 485 460 1382 486 461 1383 490 461 1384 479 461 1385 486 462 1386 489 462 1387 490 462 1388 487 463 1389 489 463 1390 486 463 1391 487 464 1392 488 464 1393 489 464 1394 499 465 1395 497 465 1396 498 465 1397 499 466 1398 496 466 1399 497 466 1400 500 467 1401 496 467 1402 499 467 1403 500 468 1404 495 468 1405 496 468 1406 500 469 1407 527 469 1408 495 469 1409 527 470 1410 528 470 1411 495 470 1412 528 471 1413 529 471 1414 495 471 1415 501 472 1416 525 472 1417 500 472 1418 525 473 1419 526 473 1420 500 473 1421 526 474 1422 527 474 1423 500 474 1424 501 475 1425 524 475 1426 525 475 1427 501 476 1428 523 476 1429 524 476 1430 501 477 1431 522 477 1432 523 477 1433 502 478 1434 522 478 1435 501 478 1436 502 479 1437 521 479 1438 522 479 1439 502 480 1440 520 480 1441 521 480 1442 502 481 1443 519 481 1444 520 481 1445 503 482 1446 519 482 1447 502 482 1448 503 483 1449 518 483 1450 519 483 1451 504 484 1452 518 484 1453 503 484 1454 504 485 1455 517 485 1456 518 485 1457 511 486 1458 509 486 1459 510 486 1460 504 487 1461 516 487 1462 517 487 1463 505 488 1464 516 488 1465 504 488 1466 511 489 1467 508 489 1468 509 489 1469 506 490 1470 516 490 1471 505 490 1472 507 491 1473 516 491 1474 506 491 1475 511 492 1476 507 492 1477 508 492 1478 511 493 1479 516 493 1480 507 493 1481 511 494 1482 515 494 1483 516 494 1484 512 495 1485 515 495 1486 511 495 1487 513 496 1488 515 496 1489 512 496 1490 513 497 1491 514 497 1492 515 497 1493 531 498 1494 541 498 1495 530 498 1496 531 499 1497 540 499 1498 541 499 1499 532 500 1500 542 500 1501 531 500 1502 542 501 1503 540 501 1504 531 501 1505 532 502 1506 553 502 1507 542 502 1508 543 503 1509 540 503 1510 542 503 1511 532 504 1512 552 504 1513 553 504 1514 544 505 1515 540 505 1516 543 505 1517 544 506 1518 539 506 1519 540 506 1520 533 507 1521 552 507 1522 532 507 1523 533 508 1524 551 508 1525 552 508 1526 545 509 1527 539 509 1528 544 509 1529 534 510 1530 551 510 1531 533 510 1532 534 511 1533 550 511 1534 551 511 1535 545 512 1536 538 512 1537 539 512 1538 546 513 1539 538 513 1540 545 513 1541 534 514 1542 549 514 1543 550 514 1544 547 515 1545 538 515 1546 546 515 1547 535 516 1548 549 516 1549 534 516 1550 547 517 1551 537 517 1552 538 517 1553 535 518 1554 548 518 1555 549 518 1556 548 519 1557 537 519 1558 547 519 1559 535 520 1560 537 520 1561 548 520 1562 536 521 1563 537 521 1564 535 521 1565 565 522 1566 567 522 1567 564 522 1568 567 523 1569 563 523 1570 564 523 1571 567 524 1572 562 524 1573 563 524 1574 567 525 1575 568 525 1576 562 525 1577 568 526 1578 561 526 1579 562 526 1580 565 527 1581 577 527 1582 567 527 1583 569 528 1584 561 528 1585 568 528 1586 570 529 1587 561 529 1588 569 529 1589 570 530 1590 560 530 1591 561 530 1592 571 531 1593 560 531 1594 570 531 1595 572 532 1596 560 532 1597 571 532 1598 572 533 1599 559 533 1600 560 533 1601 573 534 1602 559 534 1603 572 534 1604 573 535 1605 558 535 1606 559 535 1607 565 536 1608 554 536 1609 577 536 1610 554 537 1611 576 537 1612 577 537 1613 574 538 1614 558 538 1615 573 538 1616 554 539 1617 575 539 1618 576 539 1619 554 540 1620 574 540 1621 575 540 1622 554 541 1623 558 541 1624 574 541 1625 554 542 1626 557 542 1627 558 542 1628 565 543 1629 566 543 1630 554 543 1631 555 544 1632 557 544 1633 554 544 1634 556 545 1635 557 545 1636 555 545 1637 582 546 1638 580 546 1639 581 546 1640 582 547 1641 579 547 1642 580 547 1643 583 548 1644 579 548 1645 582 548 1646 583 549 1647 578 549 1648 579 549 1649 583 550 1650 610 550 1651 578 550 1652 610 551 1653 611 551 1654 578 551 1655 611 552 1656 612 552 1657 578 552 1658 584 553 1659 608 553 1660 583 553 1661 608 554 1662 609 554 1663 583 554 1664 609 555 1665 610 555 1666 583 555 1667 584 556 1668 607 556 1669 608 556 1670 584 557 1671 606 557 1672 607 557 1673 584 558 1674 605 558 1675 606 558 1676 585 559 1677 605 559 1678 584 559 1679 585 560 1680 604 560 1681 605 560 1682 585 561 1683 603 561 1684 604 561 1685 585 562 1686 602 562 1687 603 562 1688 586 563 1689 602 563 1690 585 563 1691 586 564 1692 601 564 1693 602 564 1694 587 565 1695 601 565 1696 586 565 1697 587 566 1698 600 566 1699 601 566 1700 594 567 1701 592 567 1702 593 567 1703 587 568 1704 599 568 1705 600 568 1706 588 569 1707 599 569 1708 587 569 1709 594 570 1710 591 570 1711 592 570 1712 589 571 1713 599 571 1714 588 571 1715 590 572 1716 599 572 1717 589 572 1718 594 573 1719 590 573 1720 591 573 1721 594 574 1722 599 574 1723 590 574 1724 594 575 1725 598 575 1726 599 575 1727 595 576 1728 598 576 1729 594 576 1730 596 577 1731 598 577 1732 595 577 1733 596 578 1734 597 578 1735 598 578 1736 627 579 1737 625 579 1738 626 579 1739 627 580 1740 628 580 1741 625 580 1742 617 581 1743 615 581 1744 616 581 1745 617 582 1746 614 582 1747 615 582 1748 618 583 1749 614 583 1750 617 583 1751 618 584 1752 613 584 1753 614 584 1754 619 585 1755 613 585 1756 618 585 1757 620 586 1758 613 586 1759 619 586 1760 620 587 1761 624 587 1762 613 587 1763 620 588 1764 623 588 1765 624 588 1766 621 589 1767 623 589 1768 620 589 1769 621 590 1770 622 590 1771 623 590 1772 631 591 1773 629 591 1774 630 591 1775 631 592 1776 641 592 1777 629 592 1778 635 593 1779 633 593 1780 634 593 1781 635 594 1782 632 594 1783 633 594 1784 635 595 1785 631 595 1786 632 595 1787 635 596 1788 651 596 1789 631 596 1790 651 597 1791 652 597 1792 631 597 1793 652 598 1794 641 598 1795 631 598 1796 636 599 1797 649 599 1798 635 599 1799 649 600 1800 650 600 1801 635 600 1802 650 601 1803 651 601 1804 635 601 1805 636 602 1806 648 602 1807 649 602 1808 642 603 1809 641 603 1810 652 603 1811 636 604 1812 647 604 1813 648 604 1814 637 605 1815 647 605 1816 636 605 1817 637 606 1818 646 606 1819 647 606 1820 638 607 1821 646 607 1822 637 607 1823 638 608 1824 645 608 1825 646 608 1826 638 609 1827 644 609 1828 645 609 1829 639 610 1830 644 610 1831 638 610 1832 639 611 1833 643 611 1834 644 611 1835 639 612 1836 642 612 1837 643 612 1838 639 613 1839 641 613 1840 642 613 1841 640 614 1842 641 614 1843 639 614 1844 653 615 1845 655 615 1846 656 615 1847 653 616 1848 654 616 1849 655 616 1850 662 617 1851 660 617 1852 661 617 1853 662 618 1854 659 618 1855 660 618 1856 659 619 1857 657 619 1858 658 619 1859 659 620 1860 668 620 1861 657 620 1862 662 621 1863 668 621 1864 659 621 1865 663 622 1866 668 622 1867 662 622 1868 663 623 1869 665 623 1870 668 623 1871 665 624 1872 667 624 1873 668 624 1874 663 625 1875 664 625 1876 665 625 1877 666 626 1878 667 626 1879 665 626 1880 681 627 1881 679 627 1882 680 627 1883 681 628 1884 678 628 1885 679 628 1886 672 629 1887 670 629 1888 671 629 1889 672 630 1890 669 630 1891 670 630 1892 682 631 1893 678 631 1894 681 631 1895 682 632 1896 677 632 1897 678 632 1898 673 633 1899 669 633 1900 672 633 1901 682 634 1902 676 634 1903 677 634 1904 674 635 1905 687 635 1906 673 635 1907 687 636 1908 669 636 1909 673 636 1910 682 637 1911 675 637 1912 676 637 1913 683 638 1914 675 638 1915 682 638 1916 675 639 1917 687 639 1918 674 639 1919 683 640 1920 687 640 1921 675 640 1922 683 641 1923 686 641 1924 687 641 1925 688 642 1926 669 642 1927 687 642 1928 683 643 1929 685 643 1930 686 643 1931 684 644 1932 685 644 1933 683 644 1934 700 645 1935 698 645 1936 699 645 1937 701 646 1938 698 646 1939 700 646 1940 701 647 1941 697 647 1942 698 647 1943 702 648 1944 697 648 1945 701 648 1946 703 649 1947 704 649 1948 702 649 1949 704 650 1950 705 650 1951 702 650 1952 705 651 1953 706 651 1954 702 651 1955 706 652 1956 697 652 1957 702 652 1958 706 653 1959 707 653 1960 697 653 1961 707 654 1962 696 654 1963 697 654 1964 708 655 1965 696 655 1966 707 655 1967 709 656 1968 696 656 1969 708 656 1970 709 657 1971 695 657 1972 696 657 1973 710 658 1974 695 658 1975 709 658 1976 711 659 1977 736 659 1978 710 659 1979 736 660 1980 695 660 1981 710 660 1982 712 661 1983 736 661 1984 711 661 1985 712 662 1986 735 662 1987 736 662 1988 727 663 1989 695 663 1990 736 663 1991 713 664 1992 735 664 1993 712 664 1994 713 665 1995 734 665 1996 735 665 1997 714 666 1998 734 666 1999 713 666 2000 714 667 2001 733 667 2002 734 667 2003 714 668 2004 732 668 2005 733 668 2006 715 669 2007 732 669 2008 714 669 2009 728 670 2010 695 670 2011 727 670 2012 715 671 2013 731 671 2014 732 671 2015 690 672 2016 726 672 2017 689 672 2018 728 673 2019 694 673 2020 695 673 2021 729 674 2022 694 674 2023 728 674 2024 691 675 2025 726 675 2026 690 675 2027 729 676 2028 693 676 2029 694 676 2030 715 677 2031 730 677 2032 731 677 2033 692 678 2034 726 678 2035 691 678 2036 730 679 2037 693 679 2038 729 679 2039 730 680 2040 692 680 2041 693 680 2042 730 681 2043 726 681 2044 692 681 2045 715 682 2046 720 682 2047 730 682 2048 720 683 2049 726 683 2050 730 683 2051 716 684 2052 720 684 2053 715 684 2054 716 685 2055 719 685 2056 720 685 2057 721 686 2058 726 686 2059 720 686 2060 721 687 2061 725 687 2062 726 687 2063 716 688 2064 718 688 2065 719 688 2066 722 689 2067 725 689 2068 721 689 2069 717 690 2070 718 690 2071 716 690 2072 722 691 2073 724 691 2074 725 691 2075 723 692 2076 724 692 2077 722 692 2078 741 693 2079 739 693 2080 740 693 2081 741 694 2082 738 694 2083 739 694 2084 741 695 2085 737 695 2086 738 695 2087 742 696 2088 737 696 2089 741 696 2090 742 697 2091 759 697 2092 737 697 2093 759 698 2094 760 698 2095 737 698 2096 760 699 2097 761 699 2098 737 699 2099 761 700 2100 762 700 2101 737 700 2102 742 701 2103 758 701 2104 759 701 2105 742 702 2106 757 702 2107 758 702 2108 743 703 2109 757 703 2110 742 703 2111 743 704 2112 756 704 2113 757 704 2114 743 705 2115 755 705 2116 756 705 2117 744 706 2118 755 706 2119 743 706 2120 744 707 2121 754 707 2122 755 707 2123 751 708 2124 749 708 2125 750 708 2126 745 709 2127 754 709 2128 744 709 2129 745 710 2130 753 710 2131 754 710 2132 752 711 2133 749 711 2134 751 711 2135 753 712 2136 749 712 2137 752 712 2138 745 713 2139 749 713 2140 753 713 2141 746 714 2142 749 714 2143 745 714 2144 746 715 2145 748 715 2146 749 715 2147 746 716 2148 747 716 2149 748 716 2150 764 717 2151 774 717 2152 763 717 2153 764 718 2154 773 718 2155 774 718 2156 765 719 2157 775 719 2158 764 719 2159 775 720 2160 773 720 2161 764 720 2162 765 721 2163 786 721 2164 775 721 2165 776 722 2166 773 722 2167 775 722 2168 765 723 2169 785 723 2170 786 723 2171 777 724 2172 773 724 2173 776 724 2174 777 725 2175 772 725 2176 773 725 2177 766 726 2178 785 726 2179 765 726 2180 766 727 2181 784 727 2182 785 727 2183 778 728 2184 772 728 2185 777 728 2186 767 729 2187 784 729 2188 766 729 2189 767 730 2190 783 730 2191 784 730 2192 778 731 2193 771 731 2194 772 731 2195 779 732 2196 771 732 2197 778 732 2198 767 733 2199 782 733 2200 783 733 2201 780 734 2202 771 734 2203 779 734 2204 768 735 2205 782 735 2206 767 735 2207 780 736 2208 770 736 2209 771 736 2210 768 737 2211 781 737 2212 782 737 2213 781 738 2214 770 738 2215 780 738 2216 768 739 2217 770 739 2218 781 739 2219 769 740 2220 770 740 2221 768 740 2222 789 741 2223 787 741 2224 788 741 2225 789 742 2226 790 742 2227 787 742 2228 795 743 2229 793 743 2230 794 743 2231 795 744 2232 792 744 2233 793 744 2234 796 745 2235 792 745 2236 795 745 2237 796 746 2238 791 746 2239 792 746 2240 796 747 2241 823 747 2242 791 747 2243 823 748 2244 824 748 2245 791 748 2246 824 749 2247 825 749 2248 791 749 2249 797 750 2250 821 750 2251 796 750 2252 821 751 2253 822 751 2254 796 751 2255 822 752 2256 823 752 2257 796 752 2258 797 753 2259 820 753 2260 821 753 2261 797 754 2262 819 754 2263 820 754 2264 797 755 2265 818 755 2266 819 755 2267 798 756 2268 818 756 2269 797 756 2270 798 757 2271 817 757 2272 818 757 2273 798 758 2274 816 758 2275 817 758 2276 798 759 2277 815 759 2278 816 759 2279 799 760 2280 815 760 2281 798 760 2282 799 761 2283 814 761 2284 815 761 2285 800 762 2286 814 762 2287 799 762 2288 800 763 2289 813 763 2290 814 763 2291 807 764 2292 805 764 2293 806 764 2294 800 765 2295 812 765 2296 813 765 2297 801 766 2298 812 766 2299 800 766 2300 807 767 2301 804 767 2302 805 767 2303 802 768 2304 812 768 2305 801 768 2306 803 769 2307 812 769 2308 802 769 2309 807 770 2310 803 770 2311 804 770 2312 807 771 2313 812 771 2314 803 771 2315 807 772 2316 811 772 2317 812 772 2318 808 773 2319 811 773 2320 807 773 2321 809 774 2322 811 774 2323 808 774 2324 809 775 2325 810 775 2326 811 775 2327 837 776 2328 835 776 2329 836 776 2330 837 777 2331 834 777 2332 835 777 2333 838 778 2334 849 778 2335 837 778 2336 849 779 2337 834 779 2338 837 779 2339 838 780 2340 848 780 2341 849 780 2342 850 781 2343 834 781 2344 849 781 2345 838 782 2346 847 782 2347 848 782 2348 851 783 2349 834 783 2350 850 783 2351 839 784 2352 847 784 2353 838 784 2354 851 785 2355 833 785 2356 834 785 2357 839 786 2358 846 786 2359 847 786 2360 852 787 2361 833 787 2362 851 787 2363 839 788 2364 852 788 2365 846 788 2366 839 789 2367 833 789 2368 852 789 2369 840 790 2370 832 790 2371 839 790 2372 832 791 2373 833 791 2374 839 791 2375 840 792 2376 831 792 2377 832 792 2378 840 793 2379 830 793 2380 831 793 2381 827 794 2382 845 794 2383 826 794 2384 841 795 2385 830 795 2386 840 795 2387 828 796 2388 845 796 2389 827 796 2390 841 797 2391 829 797 2392 830 797 2393 829 798 2394 845 798 2395 828 798 2396 841 799 2397 845 799 2398 829 799 2399 841 800 2400 844 800 2401 845 800 2402 842 801 2403 844 801 2404 841 801 2405 842 802 2406 843 802 2407 844 802 2408 867 803 2409 865 803 2410 866 803 2411 867 804 2412 864 804 2413 865 804 2414 854 805 2415 871 805 2416 853 805 2417 854 806 2418 870 806 2419 871 806 2420 868 807 2421 864 807 2422 867 807 2423 868 808 2424 863 808 2425 864 808 2426 869 809 2427 863 809 2428 868 809 2429 869 810 2430 859 810 2431 863 810 2432 859 811 2433 860 811 2434 863 811 2435 860 812 2436 861 812 2437 863 812 2438 861 813 2439 862 813 2440 863 813 2441 869 814 2442 858 814 2443 859 814 2444 869 815 2445 857 815 2446 858 815 2447 854 816 2448 869 816 2449 870 816 2450 854 817 2451 857 817 2452 869 817 2453 854 818 2454 856 818 2455 857 818 2456 854 819 2457 855 819 2458 856 819 2459 883 820 2460 881 820 2461 882 820 2462 883 821 2463 880 821 2464 881 821 2465 884 822 2466 895 822 2467 883 822 2468 895 823 2469 880 823 2470 883 823 2471 884 824 2472 894 824 2473 895 824 2474 896 825 2475 880 825 2476 895 825 2477 884 826 2478 893 826 2479 894 826 2480 897 827 2481 880 827 2482 896 827 2483 885 828 2484 893 828 2485 884 828 2486 897 829 2487 879 829 2488 880 829 2489 885 830 2490 892 830 2491 893 830 2492 898 831 2493 879 831 2494 897 831 2495 885 832 2496 898 832 2497 892 832 2498 885 833 2499 879 833 2500 898 833 2501 886 834 2502 878 834 2503 885 834 2504 878 835 2505 879 835 2506 885 835 2507 886 836 2508 877 836 2509 878 836 2510 886 837 2511 876 837 2512 877 837 2513 873 838 2514 891 838 2515 872 838 2516 887 839 2517 876 839 2518 886 839 2519 874 840 2520 891 840 2521 873 840 2522 887 841 2523 875 841 2524 876 841 2525 875 842 2526 891 842 2527 874 842 2528 887 843 2529 891 843 2530 875 843 2531 887 844 2532 890 844 2533 891 844 2534 888 845 2535 890 845 2536 887 845 2537 888 846 2538 889 846 2539 890 846 2540 910 847 2541 912 847 2542 909 847 2543 912 848 2544 908 848 2545 909 848 2546 912 849 2547 907 849 2548 908 849 2549 912 850 2550 913 850 2551 907 850 2552 913 851 2553 906 851 2554 907 851 2555 910 852 2556 922 852 2557 912 852 2558 914 853 2559 906 853 2560 913 853 2561 915 854 2562 906 854 2563 914 854 2564 915 855 2565 905 855 2566 906 855 2567 916 856 2568 905 856 2569 915 856 2570 917 857 2571 905 857 2572 916 857 2573 917 858 2574 904 858 2575 905 858 2576 918 859 2577 904 859 2578 917 859 2579 918 860 2580 903 860 2581 904 860 2582 910 861 2583 899 861 2584 922 861 2585 899 862 2586 921 862 2587 922 862 2588 919 863 2589 903 863 2590 918 863 2591 899 864 2592 920 864 2593 921 864 2594 899 865 2595 919 865 2596 920 865 2597 899 866 2598 903 866 2599 919 866 2600 899 867 2601 902 867 2602 903 867 2603 910 868 2604 911 868 2605 899 868 2606 900 869 2607 902 869 2608 899 869 2609 901 870 2610 902 870 2611 900 870 2612 934 871 2613 932 871 2614 933 871 2615 934 872 2616 931 872 2617 932 872 2618 935 873 2619 946 873 2620 934 873 2621 946 874 2622 931 874 2623 934 874 2624 935 875 2625 945 875 2626 946 875 2627 947 876 2628 931 876 2629 946 876 2630 935 877 2631 944 877 2632 945 877 2633 948 878 2634 931 878 2635 947 878 2636 936 879 2637 944 879 2638 935 879 2639 948 880 2640 930 880 2641 931 880 2642 936 881 2643 943 881 2644 944 881 2645 949 882 2646 930 882 2647 948 882 2648 936 883 2649 949 883 2650 943 883 2651 936 884 2652 930 884 2653 949 884 2654 937 885 2655 929 885 2656 936 885 2657 929 886 2658 930 886 2659 936 886 2660 937 887 2661 928 887 2662 929 887 2663 937 888 2664 927 888 2665 928 888 2666 924 889 2667 942 889 2668 923 889 2669 938 890 2670 927 890 2671 937 890 2672 925 891 2673 942 891 2674 924 891 2675 938 892 2676 926 892 2677 927 892 2678 926 893 2679 942 893 2680 925 893 2681 938 894 2682 942 894 2683 926 894 2684 938 895 2685 941 895 2686 942 895 2687 939 896 2688 941 896 2689 938 896 2690 939 897 2691 940 897 2692 941 897 2693 964 898 2694 962 898 2695 963 898 2696 964 899 2697 961 899 2698 962 899 2699 951 900 2700 968 900 2701 950 900 2702 951 901 2703 967 901 2704 968 901 2705 965 902 2706 961 902 2707 964 902 2708 965 903 2709 960 903 2710 961 903 2711 966 904 2712 960 904 2713 965 904 2714 966 905 2715 956 905 2716 960 905 2717 956 906 2718 957 906 2719 960 906 2720 957 907 2721 958 907 2722 960 907 2723 958 908 2724 959 908 2725 960 908 2726 966 909 2727 955 909 2728 956 909 2729 966 910 2730 954 910 2731 955 910 2732 951 911 2733 966 911 2734 967 911 2735 951 912 2736 954 912 2737 966 912 2738 951 913 2739 953 913 2740 954 913 2741 951 914 2742 952 914 2743 953 914 2744 971 915 2745 969 915 2746 970 915 2747 971 916 2748 980 916 2749 969 916 2750 980 917 2751 981 917 2752 969 917 2753 981 918 2754 979 918 2755 969 918 2756 971 919 2757 983 919 2758 980 919 2759 982 920 2760 979 920 2761 981 920 2762 971 921 2763 982 921 2764 983 921 2765 971 922 2766 979 922 2767 982 922 2768 971 923 2769 978 923 2770 979 923 2771 971 924 2772 977 924 2773 978 924 2774 972 925 2775 977 925 2776 971 925 2777 973 926 2778 977 926 2779 972 926 2780 974 927 2781 976 927 2782 973 927 2783 976 928 2784 977 928 2785 973 928 2786 974 929 2787 975 929 2788 976 929 2789 984 930 2790 986 930 2791 987 930 2792 984 931 2793 985 931 2794 986 931 2795 990 932 2796 988 932 2797 989 932 2798 990 933 2799 991 933 2800 988 933 2801 1005 934 2802 1015 934 2803 1004 934 2804 1006 935 2805 1015 935 2806 1005 935 2807 1006 936 2808 1014 936 2809 1015 936 2810 1007 937 2811 1014 937 2812 1006 937 2813 1007 938 2814 1013 938 2815 1014 938 2816 1008 939 2817 1013 939 2818 1007 939 2819 1008 940 2820 1012 940 2821 1013 940 2822 1009 941 2823 1012 941 2824 1008 941 2825 1009 942 2826 1011 942 2827 1012 942 2828 1010 943 2829 1011 943 2830 1009 943 2831 993 944 2832 1003 944 2833 992 944 2834 994 945 2835 1003 945 2836 993 945 2837 994 946 2838 1002 946 2839 1003 946 2840 995 947 2841 1002 947 2842 994 947 2843 995 948 2844 1001 948 2845 1002 948 2846 996 949 2847 1001 949 2848 995 949 2849 996 950 2850 1000 950 2851 1001 950 2852 996 951 2853 999 951 2854 1000 951 2855 997 952 2856 999 952 2857 996 952 2858 997 953 2859 998 953 2860 999 953 2861 1018 954 2862 1016 954 2863 1017 954 2864 1018 955 2865 1019 955 2866 1016 955 2867 1024 956 2868 1022 956 2869 1023 956 2870 1024 957 2871 1021 957 2872 1022 957 2873 1025 958 2874 1021 958 2875 1024 958 2876 1025 959 2877 1020 959 2878 1021 959 2879 1025 960 2880 1052 960 2881 1020 960 2882 1052 961 2883 1053 961 2884 1020 961 2885 1053 962 2886 1054 962 2887 1020 962 2888 1026 963 2889 1050 963 2890 1025 963 2891 1050 964 2892 1051 964 2893 1025 964 2894 1051 965 2895 1052 965 2896 1025 965 2897 1026 966 2898 1049 966 2899 1050 966 2900 1026 967 2901 1048 967 2902 1049 967 2903 1026 968 2904 1047 968 2905 1048 968 2906 1027 969 2907 1047 969 2908 1026 969 2909 1027 970 2910 1046 970 2911 1047 970 2912 1027 971 2913 1045 971 2914 1046 971 2915 1027 972 2916 1044 972 2917 1045 972 2918 1028 973 2919 1044 973 2920 1027 973 2921 1028 974 2922 1043 974 2923 1044 974 2924 1029 975 2925 1043 975 2926 1028 975 2927 1029 976 2928 1042 976 2929 1043 976 2930 1036 977 2931 1034 977 2932 1035 977 2933 1029 978 2934 1041 978 2935 1042 978 2936 1030 979 2937 1041 979 2938 1029 979 2939 1036 980 2940 1033 980 2941 1034 980 2942 1031 981 2943 1041 981 2944 1030 981 2945 1032 982 2946 1041 982 2947 1031 982 2948 1036 983 2949 1032 983 2950 1033 983 2951 1036 984 2952 1041 984 2953 1032 984 2954 1036 985 2955 1040 985 2956 1041 985 2957 1037 986 2958 1040 986 2959 1036 986 2960 1038 987 2961 1040 987 2962 1037 987 2963 1038 988 2964 1039 988 2965 1040 988 2966 1066 989 2967 1064 989 2968 1065 989 2969 1066 990 2970 1063 990 2971 1064 990 2972 1067 991 2973 1078 991 2974 1066 991 2975 1078 992 2976 1063 992 2977 1066 992 2978 1067 993 2979 1077 993 2980 1078 993 2981 1079 994 2982 1063 994 2983 1078 994 2984 1067 995 2985 1076 995 2986 1077 995 2987 1080 996 2988 1063 996 2989 1079 996 2990 1068 997 2991 1076 997 2992 1067 997 2993 1080 998 2994 1062 998 2995 1063 998 2996 1068 999 2997 1075 999 2998 1076 999 2999 1081 1000 3000 1062 1000 3001 1080 1000 3002 1068 1001 3003 1081 1001 3004 1075 1001 3005 1068 1002 3006 1062 1002 3007 1081 1002 3008 1069 1003 3009 1061 1003 3010 1068 1003 3011 1061 1004 3012 1062 1004 3013 1068 1004 3014 1069 1005 3015 1060 1005 3016 1061 1005 3017 1069 1006 3018 1059 1006 3019 1060 1006 3020 1056 1007 3021 1074 1007 3022 1055 1007 3023 1070 1008 3024 1059 1008 3025 1069 1008 3026 1057 1009 3027 1074 1009 3028 1056 1009 3029 1070 1010 3030 1058 1010 3031 1059 1010 3032 1058 1011 3033 1074 1011 3034 1057 1011 3035 1070 1012 3036 1074 1012 3037 1058 1012 3038 1070 1013 3039 1073 1013 3040 1074 1013 3041 1071 1014 3042 1073 1014 3043 1070 1014 3044 1071 1015 3045 1072 1015 3046 1073 1015 3047 1096 1016 3048 1094 1016 3049 1095 1016 3050 1096 1017 3051 1093 1017 3052 1094 1017 3053 1083 1018 3054 1100 1018 3055 1082 1018 3056 1083 1019 3057 1099 1019 3058 1100 1019 3059 1097 1020 3060 1093 1020 3061 1096 1020 3062 1097 1021 3063 1092 1021 3064 1093 1021 3065 1098 1022 3066 1092 1022 3067 1097 1022 3068 1098 1023 3069 1088 1023 3070 1092 1023 3071 1088 1024 3072 1089 1024 3073 1092 1024 3074 1089 1025 3075 1090 1025 3076 1092 1025 3077 1090 1026 3078 1091 1026 3079 1092 1026 3080 1098 1027 3081 1087 1027 3082 1088 1027 3083 1098 1028 3084 1086 1028 3085 1087 1028 3086 1083 1029 3087 1098 1029 3088 1099 1029 3089 1083 1030 3090 1086 1030 3091 1098 1030 3092 1083 1031 3093 1085 1031 3094 1086 1031 3095 1083 1032 3096 1084 1032 3097 1085 1032 3098 1102 1033 3099 1122 1033 3100 1101 1033 3101 1102 1034 3102 1121 1034 3103 1122 1034 3104 1102 1035 3105 1120 1035 3106 1121 1035 3107 1103 1036 3108 1120 1036 3109 1102 1036 3110 1104 1037 3111 1120 1037 3112 1103 1037 3113 1105 1038 3114 1119 1038 3115 1104 1038 3116 1119 1039 3117 1120 1039 3118 1104 1039 3119 1105 1040 3120 1118 1040 3121 1119 1040 3122 1105 1041 3123 1117 1041 3124 1118 1041 3125 1106 1042 3126 1117 1042 3127 1105 1042 3128 1113 1043 3129 1111 1043 3130 1112 1043 3131 1106 1044 3132 1116 1044 3133 1117 1044 3134 1114 1045 3135 1111 1045 3136 1113 1045 3137 1106 1046 3138 1115 1046 3139 1116 1046 3140 1115 1047 3141 1111 1047 3142 1114 1047 3143 1106 1048 3144 1111 1048 3145 1115 1048 3146 1107 1049 3147 1111 1049 3148 1106 1049 3149 1107 1050 3150 1110 1050 3151 1111 1050 3152 1108 1051 3153 1110 1051 3154 1107 1051 3155 1108 1052 3156 1109 1052 3157 1110 1052 3158 1134 1053 3159 1132 1053 3160 1133 1053 3161 1134 1054 3162 1131 1054 3163 1132 1054 3164 1135 1055 3165 1146 1055 3166 1134 1055 3167 1146 1056 3168 1131 1056 3169 1134 1056 3170 1135 1057 3171 1145 1057 3172 1146 1057 3173 1147 1058 3174 1131 1058 3175 1146 1058 3176 1135 1059 3177 1144 1059 3178 1145 1059 3179 1148 1060 3180 1131 1060 3181 1147 1060 3182 1136 1061 3183 1144 1061 3184 1135 1061 3185 1148 1062 3186 1130 1062 3187 1131 1062 3188 1136 1063 3189 1143 1063 3190 1144 1063 3191 1149 1064 3192 1130 1064 3193 1148 1064 3194 1136 1065 3195 1149 1065 3196 1143 1065 3197 1136 1066 3198 1130 1066 3199 1149 1066 3200 1137 1067 3201 1129 1067 3202 1136 1067 3203 1129 1068 3204 1130 1068 3205 1136 1068 3206 1137 1069 3207 1128 1069 3208 1129 1069 3209 1137 1070 3210 1127 1070 3211 1128 1070 3212 1124 1071 3213 1142 1071 3214 1123 1071 3215 1138 1072 3216 1127 1072 3217 1137 1072 3218 1125 1073 3219 1142 1073 3220 1124 1073 3221 1138 1074 3222 1126 1074 3223 1127 1074 3224 1126 1075 3225 1142 1075 3226 1125 1075 3227 1138 1076 3228 1142 1076 3229 1126 1076 3230 1138 1077 3231 1141 1077 3232 1142 1077 3233 1139 1078 3234 1141 1078 3235 1138 1078 3236 1139 1079 3237 1140 1079 3238 1141 1079 3239 1155 1080 3240 1153 1080 3241 1154 1080 3242 1155 1081 3243 1157 1081 3244 1153 1081 3245 1157 1082 3246 1158 1082 3247 1153 1082 3248 1158 1083 3249 1152 1083 3250 1153 1083 3251 1152 1084 3252 1150 1084 3253 1151 1084 3254 1152 1085 3255 1161 1085 3256 1150 1085 3257 1161 1086 3258 1162 1086 3259 1150 1086 3260 1162 1087 3261 1164 1087 3262 1150 1087 3263 1155 1088 3264 1156 1088 3265 1157 1088 3266 1159 1089 3267 1152 1089 3268 1158 1089 3269 1152 1090 3270 1160 1090 3271 1161 1090 3272 1163 1091 3273 1164 1091 3274 1162 1091 3275 1159 1092 3276 1160 1092 3277 1152 1092 3278</p>
        </triangles>
      </mesh>
    </geometry>
    <geometry id="NOKOD_GARDENS_-_RELEVES_3D-mesh" name="NOKOD GARDENS - RELEVES 3D">
      <mesh>
        <source id="NOKOD_GARDENS_-_RELEVES_3D-mesh-positions">
          <float_array id="NOKOD_GARDENS_-_RELEVES_3D-mesh-positions-array" count="1212">7.7 0 0 7.8463 0 0 7.952919 0.02723515 0 8.021283 0.09614813 0 8.045401 0.18755 0 8.02444 0.2755296 0 7.959112 0.3461537 0 7.84575 0.3751 0 7.7 0.3751 0 7.7539 0.3267 0 7.83695 0.3267 0 7.923279 0.3073685 0 7.973553 0.2571148 0 7.98985 0.18755 0 7.978055 0.1309407 0 7.932894 0.07420927 0 7.8397 0.04839998 0 7.7539 0.04839998 0 7.42775 0.31295 0 7.451258 0.3222185 0 7.471709 0.3273315 0 7.49155 0.3289 0 7.525976 0.3220556 0 7.548424 0.3027445 0 7.55645 0.2728 0 7.5482 0.2435278 0 7.52345 0.2248889 0 7.4822 0.21835 0 7.4822 0.16885 0 7.52673 0.1620056 0 7.553537 0.1393944 0 7.5625 0.10615 0 7.555004 0.07447403 0 7.534063 0.05367588 0 7.502 0.04619997 0 7.474459 0.04933702 0 7.446674 0.0588296 0 7.4184 0.07480001 0 7.4184 0.01649999 0 7.44531 0.004827737 0 7.471974 -0.002444386 0 7.49815 -0.004949986 0 7.559607 0.009655535 0 7.601142 0.04956108 0 7.6164 0.1089 0 7.610737 0.1465444 0 7.593096 0.1783222 0 7.5625 0.198 0 7.590061 0.2188389 0 7.605522 0.2459111 0 7.61035 0.28215 0 7.5966 0.3339315 0 7.558283 0.3678686 0 7.4998 0.38005 0 7.473665 0.3783593 0 7.450218 0.3731241 0 7.42775 0.3641 0 7.19785 0.35365 0 7.170798 0.3683167 0 7.142768 0.3771167 0 7.11425 0.38005 0 7.054178 0.3676648 0 7.014639 0.3330352 0 7.0004 0.27995 0 7.042465 0.2024204 0 7.120585 0.151413 0 7.16265 0.09074997 0 7.156111 0.06919813 0 7.136006 0.05106848 0 7.1016 0.04344999 0 7.065667 0.04974442 0 7.0323 0.06813889 0 7.0026 0.09789997 0 7.0026 0.02969998 0 7.034724 0.0102055 0 7.069293 -0.001222193 0 7.10765 -0.004949986 0 7.161774 0.008351802 0 7.198909 0.04426479 0 7.2127 0.09679996 0 7.170635 0.1831703 0 7.092515 0.2322629 0 7.05045 0.2871 0 7.05815 0.3103834 0 7.07905 0.3259667 0 7.10985 0.33165 0 7.13682 0.3282482 0 7.16648 0.3161686 0 7.19785 0.2926 0 6.9575 0.3751 0 6.74465 0.3751 0 6.74465 0 0 6.96245 0 0 6.96245 0.04839998 0 6.79855 0.04839998 0 6.79855 0.165 0 6.952 0.165 0 6.952 0.2134 0 6.79855 0.2134 0 6.79855 0.3267 0 6.9575 0.3267 0 6.7034 0.3751 0 6.65005 0.3751 0 6.53785 0.11165 0 6.4251 0.3751 0 6.3712 0.3751 0 6.53345 -0.003299951 0 6.54445 -0.003299951 0 6.3503 0.3751 0 6.13745 0.3751 0 6.13745 0 0 6.35525 0 0 6.35525 0.04839998 0 6.19135 0.04839998 0 6.19135 0.165 0 6.344799 0.165 0 6.344799 0.2134 0 6.19135 0.2134 0 6.19135 0.3267 0 6.3503 0.3267 0 5.9213 0.3751 0 5.8674 0.3751 0 5.8674 0 0 6.0907 0 0 6.0907 0.04839998 0 5.9213 0.04839998 0 5.8058 0.3751 0 5.59295 0.3751 0 5.59295 0 0 5.81075 0 0 5.81075 0.04839998 0 5.64685 0.04839998 0 5.64685 0.165 0 5.8003 0.165 0 5.8003 0.2134 0 5.64685 0.2134 0 5.64685 0.3267 0 5.8058 0.3267 0 5.26185 0.3751 0 5.26185 0 0 5.31575 0 0 5.31575 0.1628 0 5.3383 0.1628 0 5.365331 0.1576666 0 5.396152 0.1334666 0 5.43785 0.07699996 0 5.48735 0 0 5.5517 0 0 5.530495 0.02939444 0 5.515156 0.05145555 0 5.50055 0.07424998 0 5.473742 0.1169667 0 5.447424 0.1516166 0 5.41695 0.1782 0 5.45105 0.1994463 0 5.472316 0.2304704 0 5.47965 0.27005 0 5.464576 0.3261296 0 5.422124 0.3622871 0 5.35645 0.3751 0 5.31575 0.3289 0 5.3504 0.3289 0 5.392607 0.3220352 0 5.416359 0.3025815 0 5.4241 0.27225 0 5.41807 0.2424889 0 5.395296 0.2200611 0 5.3504 0.2112 0 5.31575 0.2112 0 5.0446 0.14685 0 4.91095 0.14685 0 4.91095 0.09569996 0 5.0446 0.09569996 0 4.7036 0.35365 0 4.676548 0.3683167 0 4.648519 0.3771167 0 4.62 0.38005 0 4.559928 0.3676648 0 4.520389 0.3330352 0 4.50615 0.27995 0 4.548215 0.2024204 0 4.626335 0.151413 0 4.6684 0.09074997 0 4.661861 0.06919813 0 4.641756 0.05106848 0 4.60735 0.04344999 0 4.571416 0.04974442 0 4.53805 0.06813889 0 4.50835 0.09789997 0 4.50835 0.02969998 0 4.540474 0.0102055 0 4.575042 -0.001222193 0 4.6134 -0.004949986 0 4.667524 0.008351802 0 4.704659 0.04426479 0 4.71845 0.09679996 0 4.676385 0.1831703 0 4.598265 0.2322629 0 4.5562 0.2871 0 4.5639 0.3103834 0 4.5848 0.3259667 0 4.6156 0.33165 0 4.64257 0.3282482 0 4.67223 0.3161686 0 4.7036 0.2926 0 4.4429 0.3751 0 4.3923 0.3751 0 4.3923 0.08469998 0 4.1382 0.3751 0 4.0953 0.3751 0 4.0953 0 0 4.1459 0 0 4.1459 0.28875 0 4.3967 0 0 4.4429 0 0 4.0337 0.3751 0 3.82085 0.3751 0 3.82085 0 0 4.03865 0 0 4.03865 0.04839998 0 3.87475 0.04839998 0 3.87475 0.165 0 4.0282 0.165 0 4.0282 0.2134 0 3.87475 0.2134 0 3.87475 0.3267 0 4.0337 0.3267 0 3.4089 0 0 3.5552 0 0 3.661818 0.02723515 0 3.730181 0.09614813 0 3.7543 0.18755 0 3.733339 0.2755296 0 3.668011 0.3461537 0 3.55465 0.3751 0 3.4089 0.3751 0 3.4628 0.3267 0 3.54585 0.3267 0 3.632179 0.3073685 0 3.682454 0.2571148 0 3.69875 0.18755 0 3.686956 0.1309407 0 3.641795 0.07420927 0 3.5486 0.04839998 0 3.4628 0.04839998 0 3.07725 0.3751 0 3.07725 0 0 3.13115 0 0 3.13115 0.1628 0 3.1537 0.1628 0 3.180731 0.1576666 0 3.211552 0.1334666 0 3.25325 0.07699996 0 3.30275 0 0 3.3671 0 0 3.345894 0.02939444 0 3.330555 0.05145555 0 3.31595 0.07424998 0 3.289143 0.1169667 0 3.262824 0.1516166 0 3.23235 0.1782 0 3.26645 0.1994463 0 3.287717 0.2304704 0 3.29505 0.27005 0 3.279976 0.3261296 0 3.237524 0.3622871 0 3.17185 0.3751 0 3.13115 0.3289 0 3.1658 0.3289 0 3.208007 0.3220352 0 3.231759 0.3025815 0 3.2395 0.27225 0 3.23347 0.2424889 0 3.210696 0.2200611 0 3.1658 0.2112 0 3.13115 0.2112 0 2.86715 0.3773 0 2.8292 0.3773 0 2.66805 0 0 2.72305 0 0 2.77035 0.11055 0 2.92985 0.11055 0 2.9799 0 0 3.0349 0 0 2.84735 0.2948 0 2.90785 0.15895 0 2.79125 0.15895 0 2.6312 0.1848 0 2.50525 0.1848 0 2.50525 0.1364 0 2.5773 0.1364 0 2.5773 0.05939996 0 2.551185 0.05188333 0 2.524215 0.04656666 0 2.4959 0.04455 0 2.416944 0.0629037 0 2.363656 0.112913 0 2.3441 0.187 0 2.363513 0.2603945 0 2.415071 0.3114222 0 2.48875 0.33055 0 2.533952 0.3263741 0 2.579032 0.3140093 0 2.6235 0.2937 0 2.6235 0.34815 0 2.572472 0.3674204 0 2.530978 0.3772796 0 2.48985 0.38005 0 2.386817 0.3541389 0 2.315317 0.2849611 0 2.28855 0.18535 0 2.314767 0.08712404 0 2.38535 0.01994258 0 2.4882 -0.004949986 0 2.537374 -0.001853704 0 2.583493 0.008086979 0 2.6312 0.02584999 0 1.73745 0 0 1.88375 0 0 1.990369 0.02723515 0 2.058732 0.09614813 0 2.08285 0.18755 0 2.061889 0.2755296 0 1.996561 0.3461537 0 1.8832 0.3751 0 1.73745 0.3751 0 1.79135 0.3267 0 1.8744 0.3267 0 1.96073 0.3073685 0 2.011004 0.2571148 0 2.0273 0.18755 0 2.015506 0.1309407 0 1.970345 0.07420927 0 1.87715 0.04839998 0 1.79135 0.04839998 0 1.26775 0.18755 0 1.292398 0.09242033 0 1.361535 0.02234625 0 1.46795 -0.004949986 0 1.577033 0.0224685 0 1.646517 0.09266477 0 1.6709 0.18755 0 1.646069 0.2839019 0 1.576382 0.3533648 0 1.46905 0.38005 0 1.362839 0.3532426 0 1.292928 0.2836574 0 1.3233 0.18755 0 1.342509 0.2612907 0 1.394108 0.3118093 0 1.46905 0.33055 0 1.54438 0.3118093 0 1.596121 0.2612907 0 1.61535 0.18755 0 1.59612 0.1140537 0 1.54438 0.06341296 0 1.46905 0.04455 0 1.394108 0.06341296 0 1.342509 0.1140537 0 1.03895 0.19745 0 1.2023 0.3751 0 1.1352 0.3751 0 0.9773501 0.2035 0 0.9773501 0.3751 0 0.9234501 0.3751 0 0.9234501 0 0 0.9773501 0 0 0.9773501 0.18535 0 1.1682 0 0 1.24245 0 0 0.4543 0.18755 0 0.4789482 0.09242033 0 0.5480852 0.02234625 0 0.6545001 -0.004949986 0 0.7635834 0.0224685 0 0.8330667 0.09266477 0 0.85745 0.18755 0 0.8326185 0.2839019 0 0.7629315 0.3533648 0 0.6556 0.38005 0 0.5493889 0.3532426 0 0.4794778 0.2836574 0 0.50985 0.18755 0 0.5290593 0.2612907 0 0.5806574 0.3118093 0 0.6556 0.33055 0 0.7309297 0.3118093 0 0.7826704 0.2612907 0 0.8019 0.18755 0 0.7826704 0.1140537 0 0.7309296 0.06341296 0 0.6556 0.04455 0 0.5806574 0.06341296 0 0.5290593 0.1140537 0 0.3883 0.3751 0 0.3377 0.3751 0 0.3377 0.08469998 0 0.08359998 0.3751 0 0.04069995 0.3751 0 0.04069995 0 0 0.09130001 0 0 0.09130001 0.28875 0 0.3421 0 0 0.3883 0 0</float_array>
          <technique_common>
            <accessor source="#NOKOD_GARDENS_-_RELEVES_3D-mesh-positions-array" count="404" stride="3">
              <param name="X" type="float"/>
              <param name="Y" type="float"/>
              <param name="Z" type="float"/>
            </accessor>
          </technique_common>
        </source>
        <source id="NOKOD_GARDENS_-_RELEVES_3D-mesh-normals">
          <float_array id="NOKOD_GARDENS_-_RELEVES_3D-mesh-normals-array" count="1128">0 0 1 0 0 1 0 0 1 0 0 1 0 0 1 0 0 1 0 0 1 0 0 1 0 0 1 0 0 1 0 0 1 0 0 1 0 0 1 0 0 1 0 0 1 0 0 1 0 0 1 0 0 1 0 0 1 0 0 1 0 0 1 0 0 1 0 0 1 0 0 1 0 0 1 0 0 1 0 0 1 0 0 1 0 0 1 0 0 1 0 0 1 0 0 1 0 0 1 0 0 1 0 0 1 0 0 1 0 0 1 0 0 1 0 0 1 0 0 1 0 0 1 0 0 1 0 0 1 0 0 1 0 0 1 0 0 1 0 0 1 0 0 1 0 0 1 0 0 1 0 0 1 0 0 1 0 0 1 0 0 1 0 0 1 0 0 1 0 0 1 0 0 1 0 0 1 0 0 1 0 0 1 0 0 1 0 0 1 0 0 1 0 0 1 0 0 1 0 0 1 0 0 1 0 0 1 0 0 1 0 0 1 0 0 1 0 0 1 0 0 1 0 0 1 0 0 1 0 0 1 0 0 1 0 0 1 0 0 1 0 0 1 0 0 1 0 0 1 0 0 1 0 0 1 0 0 1 0 0 1 0 0 1 0 0 1 0 0 1 0 0 1 0 0 1 0 0 1 0 0 1 0 0 1 0 0 1 0 0 1 0 0 1 0 0 1 0 0 1 0 0 1 0 0 1 0 0 1 0 0 1 0 0 1 0 0 1 0 0 1 0 0 1 0 0 1 0 0 1 0 0 1 0 0 1 0 0 1 0 0 1 0 0 1 0 0 1 0 0 1 0 0 1 0 0 1 0 0 1 0 0 1 0 0 1 0 0 1 0 0 1 0 0 1 0 0 1 0 0 1 0 0 1 0 0 1 0 0 1 0 0 1 0 0 1 0 0 1 0 0 1 0 0 1 0 0 1 0 0 1 0 0 1 0 0 1 0 0 1 0 0 1 0 0 1 0 0 1 0 0 1 0 0 1 0 0 1 0 0 1 0 0 1 0 0 1 0 0 1 0 0 1 0 0 1 0 0 1 0 0 1 0 0 1 0 0 1 0 0 1 0 0 1 0 0 1 0 0 1 0 0 1 0 0 1 0 0 1 0 0 1 0 0 1 0 0 1 0 0 1 0 0 1 0 0 1 0 0 1 0 0 1 0 0 1 0 0 1 0 0 1 0 0 1 0 0 1 0 0 1 0 0 1 0 0 1 0 0 1 0 0 1 0 0 1 0 0 1 0 0 1 0 0 1 0 0 1 0 0 1 0 0 1 0 0 1 0 0 1 0 0 1 0 0 1 0 0 1 0 0 1 0 0 1 0 0 1 0 0 1 0 0 1 0 0 1 0 0 1 0 0 1 0 0 1 0 0 1 0 0 1 0 0 1 0 0 1 0 0 1 0 0 1 0 0 1 0 0 1 0 0 1 0 0 1 0 0 1 0 0 1 0 0 1 0 0 1 0 0 1 0 0 1 0 0 1 0 0 1 0 0 1 0 0 1 0 0 1 0 0 1 0 0 1 0 0 1 0 0 1 0 0 1 0 0 1 0 0 1 0 0 1 0 0 1 0 0 1 0 0 1 0 0 1 0 0 1 0 0 1 0 0 1 0 0 1 0 0 1 0 0 1 0 0 1 0 0 1 0 0 1 0 0 1 0 0 1 0 0 1 0 0 1 0 0 1 0 0 1 0 0 1 0 0 1 0 0 1 0 0 1 0 0 1 0 0 1 0 0 1 0 0 1 0 0 1 0 0 1 0 0 1 0 0 1 0 0 1 0 0 1 0 0 1 0 0 1 0 0 1 0 0 1 0 0 1 0 0 1 0 0 1 0 0 1 0 0 1 0 0 1 0 0 1 0 0 1 0 0 1 0 0 1 0 0 1 0 0 1 0 0 1 0 0 1 0 0 1 0 0 1 0 0 1 0 0 1 0 0 1 0 0 1 0 0 1 0 0 1 0 0 1 0 0 1 0 0 1 0 0 1 0 0 1 0 0 1 0 0 1 0 0 1 0 0 1 0 0 1 0 0 1 0 0 1 0 0 1 0 0 1 0 0 1 0 0 1 0 0 1 0 0 1 0 0 1 0 0 1 0 0 1 0 0 1 0 0 1 0 0 1 0 0 1 0 0 1 0 0 1 0 0 1 0 0 1 0 0 1 0 0 1 0 0 1 0 0 1 0 0 1 0 0 1 0 0 1 0 0 1 0 0 1 0 0 1 0 0 1 0 0 1 0 0 1 0 0 1 0 0 1 0 0 1 0 0 1 0 0 1 0 0 1 0 0 1 0 0 1 0 0 1 0 0 1 0 0 1 0 0 1 0 0 1 0 0 1 0 0 1 0 0 1 0 0 1 0 0 1 0 0 1 0 0 1 0 0 1 0 0 1 0 0 1 0 0 1 0 0 1 0 0 1 0 0 1 0 0 1 0 0 1 0 0 1 0 0 1 0 0 1 0 0 1 0 0 1 0 0 1 0 0 1 0 0 1 0 0 1 0 0 1 0 0 1 0 0 1 0 0 1 0 0 1 0 0 1</float_array>
          <technique_common>
            <accessor source="#NOKOD_GARDENS_-_RELEVES_3D-mesh-normals-array" count="376" stride="3">
              <param name="X" type="float"/>
              <param name="Y" type="float"/>
              <param name="Z" type="float"/>
            </accessor>
          </technique_common>
        </source>
        <source id="NOKOD_GARDENS_-_RELEVES_3D-mesh-map-0">
          <float_array id="NOKOD_GARDENS_-_RELEVES_3D-mesh-map-0-array" count="2256">0 0 0.5294118 0 0.4705882 0 0.5294118 0 0.4117647 0 0.4705882 0 0.5294118 0 0.3529412 0 0.4117647 0 0.5294118 0 0.5882353 0 0.3529412 0 0.5882353 0 0.6470589 0 0.3529412 0 0.6470589 0 0.2941176 0 0.3529412 0 0 0 1 0 0.5294118 0 0.7058824 0 0.2941176 0 0.6470589 0 0.7058824 0 0.2352941 0 0.2941176 0 0.7647059 0 0.2352941 0 0.7058824 0 0.8235294 0 0.2352941 0 0.7647059 0 0.8235294 0 0.1764706 0 0.2352941 0 0.882353 0 0.1764706 0 0.8235294 0 0.882353 0 0.1176471 0 0.1764706 0 0.9411765 0 0.1176471 0 0.882353 0 0 0 0.9411765 0 1 0 0 0 0.1176471 0 0.9411765 0 0 0 0.05882352 0 0.1176471 0 0.9473685 0 0.8947368 0 0.9210526 0 0.9736842 0 0.8947368 0 0.9473685 0 1 0 0.8947368 0 0.9736842 0 1 0 0.8684211 0 0.8947368 0 0 0 0.02631574 0 1 0 0.02631574 0 0.05263155 0 1 0 0.05263155 0 0.07894736 0 1 0 0.07894736 0 0.8684211 0 1 0 0.07894736 0 0.1052631 0 0.8684211 0 0.1052631 0 0.8421053 0 0.8684211 0 0.1315789 0 0.8421053 0 0.1052631 0 0.1578947 0 0.8421053 0 0.1315789 0 0.1578947 0 0.8157895 0 0.8421053 0 0.1842105 0 0.8157895 0 0.1578947 0 0.1842105 0 0.7894737 0 0.8157895 0 0.2105263 0 0.7894737 0 0.1842105 0 0.2368421 0 0.7894737 0 0.2105263 0 0.2368421 0 0.7631579 0 0.7894737 0 0.2631579 0 0.7631579 0 0.2368421 0 0.2631579 0 0.7368421 0 0.7631579 0 0.2631579 0 0.2894737 0 0.7368421 0 0.2894737 0 0.7105263 0 0.7368421 0 0.3157895 0 0.7105263 0 0.2894737 0 0.3157895 0 0.6842105 0 0.7105263 0 0.3421053 0 0.6842105 0 0.3157895 0 0.3421053 0 0.6578947 0 0.6842105 0 0.368421 0 0.6578947 0 0.3421053 0 0.5263158 0 0.4736842 0 0.5 0 0.3947368 0 0.6578947 0 0.368421 0 0.5263158 0 0.4473684 0 0.4736842 0 0.4210526 0 0.6578947 0 0.3947368 0 0.4210526 0 0.6315789 0 0.6578947 0 0.5263158 0 0.4210526 0 0.4473684 0 0.5263158 0 0.6315789 0 0.4210526 0 0.5526316 0 0.6315789 0 0.5263158 0 0.5526316 0 0.6052632 0 0.6315789 0 0.5789474 0 0.6052632 0 0.5526316 0 0.1290322 0 0.06451612 0 0.09677416 0 0.1290322 0 0.03225803 0 0.06451612 0 0.1290322 0 0 0 0.03225803 0 0.1612903 0 0 0 0.1290322 0 0.1612903 0 0.9032258 0 0 0 0.9032258 0 0.9354839 0 0 0 0.9354839 0 0.9677419 0 0 0 0.9677419 0 1 0 0 0 0.1935483 0 0.8709678 0 0.1612903 0 0.8709678 0 0.9032258 0 0.1612903 0 0.1935483 0 0.8387097 0 0.8709678 0 0.1935483 0 0.8064516 0 0.8387097 0 0.1935483 0 0.7741935 0 0.8064516 0 0.2258064 0 0.7741935 0 0.1935483 0 0.2258064 0 0.7419355 0 0.7741935 0 0.2580645 0 0.7419355 0 0.2258064 0 0.2580645 0 0.7096774 0 0.7419355 0 0.2903226 0 0.7096774 0 0.2580645 0 0.516129 0 0.4516129 0 0.4838709 0 0.2903226 0 0.6774194 0 0.7096774 0 0.3225806 0 0.6774194 0 0.2903226 0 0.3548387 0 0.6774194 0 0.3225806 0 0.516129 0 0.4193548 0 0.4516129 0 0.3870968 0 0.6774194 0 0.3548387 0 0.516129 0 0.3870968 0 0.4193548 0 0.3870968 0 0.6451613 0 0.6774194 0 0.516129 0 0.6451613 0 0.3870968 0 0.5483871 0 0.6451613 0 0.516129 0 0.5806452 0 0.6451613 0 0.5483871 0 0.5806452 0 0.6129032 0 0.6451613 0 0.1818181 0 0.9090909 0 0.09090906 0 0.9090909 0 0 0 0.09090906 0 0.9090909 0 1 0 0 0 0.1818181 0 0.8181818 0 0.9090909 0 0.1818181 0 0.5454546 0 0.8181818 0 0.5454546 0 0.7272728 0 0.8181818 0 0.5454546 0 0.6363636 0 0.7272728 0 0.1818181 0 0.4545454 0 0.5454546 0 0.1818181 0 0.3636364 0 0.4545454 0 0.1818181 0 0.2727273 0 0.3636364 0 0.8333333 0 0.5 0 0.6666667 0 0.8333333 0 0.3333333 0 0.5 0 0.3333333 0 0 0 0.1666666 0 0.3333333 0 1 0 0 0 0.8333333 0 1 0 0.3333333 0 0.1818181 0 0.9090909 0 0.09090906 0 0.9090909 0 0 0 0.09090906 0 0.9090909 0 1 0 0 0 0.1818181 0 0.8181818 0 0.9090909 0 0.1818181 0 0.5454546 0 0.8181818 0 0.5454546 0 0.7272728 0 0.8181818 0 0.5454546 0 0.6363636 0 0.7272728 0 0.1818181 0 0.4545454 0 0.5454546 0 0.1818181 0 0.3636364 0 0.4545454 0 0.1818181 0 0.2727273 0 0.3636364 0 0.4 0 0 0 0.2 0 0.4 0 1 0 0 0 0.4 0 0.8 0 1 0 0.4 0 0.6 0 0.8 0 0.1818181 0 0.9090909 0 0.09090906 0 0.9090909 0 0 0 0.09090906 0 0.9090909 0 1 0 0 0 0.1818181 0 0.8181818 0 0.9090909 0 0.1818181 0 0.5454546 0 0.8181818 0 0.5454546 0 0.7272728 0 0.8181818 0 0.5454546 0 0.6363636 0 0.7272728 0 0.1818181 0 0.4545454 0 0.5454546 0 0.1818181 0 0.3636364 0 0.4545454 0 0.1818181 0 0.2727273 0 0.3636364 0 0.0333333 0 0.7333334 0 0 0 0.7333334 0 0.7 0 0 0 0.7333334 0 0.6666667 0 0.7 0 0.7333334 0 0.7666667 0 0.6666667 0 0.7666667 0 0.6333333 0 0.6666667 0 0.0333333 0 1 0 0.7333334 0 0.8 0 0.6333333 0 0.7666667 0 0.8 0 0.6 0 0.6333333 0 0.8333333 0 0.6 0 0.8 0 0.8666667 0 0.6 0 0.8333333 0 0.9 0 0.6 0 0.8666667 0 0.9 0 0.5666667 0 0.6 0 0.9333333 0 0.5666667 0 0.9 0 0.9333333 0 0.5333334 0 0.5666667 0 0.9666666 0 0.5333334 0 0.9333333 0 0.0333333 0 0.1 0 1 0 0.1 0 0.9666666 0 1 0 0.1 0 0.5333334 0 0.9666666 0 0.1 0 0.5 0 0.5333334 0 0.1 0 0.1333333 0 0.5 0 0.1333333 0 0.4666666 0 0.5 0 0.0333333 0 0.06666666 0 0.1 0 0.1666666 0 0.4666666 0 0.1333333 0 0.2 0 0.4666666 0 0.1666666 0 0.2 0 0.4333333 0 0.4666666 0 0.2333333 0 0.4333333 0 0.2 0 0.2333333 0 0.4 0 0.4333333 0 0.2666667 0 0.4 0 0.2333333 0 0.2666667 0 0.3666667 0 0.4 0 0.2666667 0 0.3333333 0 0.3666667 0 0.2666667 0 0.3 0 0.3333333 0 0.6666667 0 0 0 0.3333333 0 0.6666667 0 1 0 0 0 0.1290322 0 0.06451612 0 0.09677416 0 0.1290322 0 0.03225803 0 0.06451612 0 0.1290322 0 0 0 0.03225803 0 0.1612903 0 0 0 0.1290322 0 0.1612903 0 0.9032258 0 0 0 0.9032258 0 0.9354839 0 0 0 0.9354839 0 0.9677419 0 0 0 0.9677419 0 1 0 0 0 0.1935483 0 0.8709678 0 0.1612903 0 0.8709678 0 0.9032258 0 0.1612903 0 0.1935483 0 0.8387097 0 0.8709678 0 0.1935483 0 0.8064516 0 0.8387097 0 0.1935483 0 0.7741935 0 0.8064516 0 0.2258064 0 0.7741935 0 0.1935483 0 0.2258064 0 0.7419355 0 0.7741935 0 0.2580645 0 0.7419355 0 0.2258064 0 0.2580645 0 0.7096774 0 0.7419355 0 0.2903226 0 0.7096774 0 0.2580645 0 0.516129 0 0.4516129 0 0.4838709 0 0.2903226 0 0.6774194 0 0.7096774 0 0.3225806 0 0.6774194 0 0.2903226 0 0.3548387 0 0.6774194 0 0.3225806 0 0.516129 0 0.4193548 0 0.4516129 0 0.3870968 0 0.6774194 0 0.3548387 0 0.516129 0 0.3870968 0 0.4193548 0 0.3870968 0 0.6451613 0 0.6774194 0 0.516129 0 0.6451613 0 0.3870968 0 0.5483871 0 0.6451613 0 0.516129 0 0.5806452 0 0.6451613 0 0.5483871 0 0.5806452 0 0.6129032 0 0.6451613 0 0.5555556 0 0.3333333 0 0.4444444 0 0.5555556 0 0.7777778 0 0.3333333 0 0.7777778 0 0.2222222 0 0.3333333 0 0.2222222 0 0 0 0.1111111 0 0.2222222 0 1 0 0 0 0.5555556 0 0.6666667 0 0.7777778 0 0.8888889 0 0.2222222 0 0.7777778 0 0.8888889 0 1 0 0.2222222 0 0.1818181 0 0.9090909 0 0.09090906 0 0.9090909 0 0 0 0.09090906 0 0.9090909 0 1 0 0 0 0.1818181 0 0.8181818 0 0.9090909 0 0.1818181 0 0.5454546 0 0.8181818 0 0.5454546 0 0.7272728 0 0.8181818 0 0.5454546 0 0.6363636 0 0.7272728 0 0.1818181 0 0.4545454 0 0.5454546 0 0.1818181 0 0.3636364 0 0.4545454 0 0.1818181 0 0.2727273 0 0.3636364 0 0 0 0.5294118 0 0.4705882 0 0.5294118 0 0.4117647 0 0.4705882 0 0.5294118 0 0.3529412 0 0.4117647 0 0.5294118 0 0.5882353 0 0.3529412 0 0.5882353 0 0.6470589 0 0.3529412 0 0.6470589 0 0.2941176 0 0.3529412 0 0 0 1 0 0.5294118 0 0.7058824 0 0.2941176 0 0.6470589 0 0.7058824 0 0.2352941 0 0.2941176 0 0.7647059 0 0.2352941 0 0.7058824 0 0.8235294 0 0.2352941 0 0.7647059 0 0.8235294 0 0.1764706 0 0.2352941 0 0.882353 0 0.1764706 0 0.8235294 0 0.882353 0 0.1176471 0 0.1764706 0 0.9411765 0 0.1176471 0 0.882353 0 0 0 0.9411765 0 1 0 0 0 0.1176471 0 0.9411765 0 0 0 0.05882352 0 0.1176471 0 0.0333333 0 0.7333334 0 0 0 0.7333334 0 0.7 0 0 0 0.7333334 0 0.6666667 0 0.7 0 0.7333334 0 0.7666667 0 0.6666667 0 0.7666667 0 0.6333333 0 0.6666667 0 0.0333333 0 1 0 0.7333334 0 0.8 0 0.6333333 0 0.7666667 0 0.8 0 0.6 0 0.6333333 0 0.8333333 0 0.6 0 0.8 0 0.8666667 0 0.6 0 0.8333333 0 0.9 0 0.6 0 0.8666667 0 0.9 0 0.5666667 0 0.6 0 0.9333333 0 0.5666667 0 0.9 0 0.9333333 0 0.5333334 0 0.5666667 0 0.9666666 0 0.5333334 0 0.9333333 0 0.0333333 0 0.1 0 1 0 0.1 0 0.9666666 0 1 0 0.1 0 0.5333334 0 0.9666666 0 0.1 0 0.5 0 0.5333334 0 0.1 0 0.1333333 0 0.5 0 0.1333333 0 0.4666666 0 0.5 0 0.0333333 0 0.06666666 0 0.1 0 0.1666666 0 0.4666666 0 0.1333333 0 0.2 0 0.4666666 0 0.1666666 0 0.2 0 0.4333333 0 0.4666666 0 0.2333333 0 0.4333333 0 0.2 0 0.2333333 0 0.4 0 0.4333333 0 0.2666667 0 0.4 0 0.2333333 0 0.2666667 0 0.3666667 0 0.4 0 0.2666667 0 0.3333333 0 0.3666667 0 0.2666667 0 0.3 0 0.3333333 0 0.2 0 0 0 0.1 0 0.2 0 0.8 0 0 0 0.8 0 0.7 0 0 0 0.2 0 1 0 0.8 0 0.9 0 0.7 0 0.8 0 0.2 0 0.4 0 1 0 0.4 0 0.9 0 1 0 0.4 0 0.5 0 0.9 0 0.5 0 0.7 0 0.9 0 0.2 0 0.3 0 0.4 0 0.6 0 0.7 0 0.5 0 0.7241379 0 0.6551724 0 0.6896552 0 0.7241379 0 0.6206896 0 0.6551724 0 0.7241379 0 0.5862069 0 0.6206896 0 0.7586207 0 0.4137931 0 0.7241379 0 0.4137931 0 0.4482759 0 0.7241379 0 0.4482759 0 0.5862069 0 0.7241379 0 0.4482759 0 0.4827586 0 0.5862069 0 0.4827586 0 0.5172414 0 0.5862069 0 0.5172414 0 0.5517241 0 0.5862069 0 0.7586207 0 0.3793103 0 0.4137931 0 0.7931035 0 0.3793103 0 0.7586207 0 0.7931035 0 0.3448276 0 0.3793103 0 0.7931035 0 0.3103448 0 0.3448276 0 0.8275862 0 0.3103448 0 0.7931035 0 0.06896549 0 0 0 0.03448271 0 0.06896549 0 0.1034483 0 0 0 0.1034483 0 1 0 0 0 0.137931 0 1 0 0.1034483 0 0.8275862 0 0.275862 0 0.3103448 0 0.862069 0 0.275862 0 0.8275862 0 0.862069 0 0.2413793 0 0.275862 0 0.1724138 0 1 0 0.137931 0 0.2068966 0 1 0 0.1724138 0 0.2413793 0 1 0 0.2068966 0 0.862069 0 1 0 0.2413793 0 0.862069 0 0.9655172 0 1 0 0.8965517 0 0.9655172 0 0.862069 0 0.8965517 0 0.9310345 0 0.9655172 0 0 0 0.5294118 0 0.4705882 0 0.5294118 0 0.4117647 0 0.4705882 0 0.5294118 0 0.3529412 0 0.4117647 0 0.5294118 0 0.5882353 0 0.3529412 0 0.5882353 0 0.6470589 0 0.3529412 0 0.6470589 0 0.2941176 0 0.3529412 0 0 0 1 0 0.5294118 0 0.7058824 0 0.2941176 0 0.6470589 0 0.7058824 0 0.2352941 0 0.2941176 0 0.7647059 0 0.2352941 0 0.7058824 0 0.8235294 0 0.2352941 0 0.7647059 0 0.8235294 0 0.1764706 0 0.2352941 0 0.882353 0 0.1764706 0 0.8235294 0 0.882353 0 0.1176471 0 0.1764706 0 0.9411765 0 0.1176471 0 0.882353 0 0 0 0.9411765 0 1 0 0 0 0.1176471 0 0.9411765 0 0 0 0.05882352 0 0.1176471 0 0.4347826 0 0.3478261 0 0.3913043 0 0.4347826 0 0.6521739 0 0.3478261 0 0.6521739 0 0.6956522 0 0.3478261 0 0.6956522 0 0.3043478 0 0.3478261 0 0.4782609 0 0.6086956 0 0.4347826 0 0.6086956 0 0.6521739 0 0.4347826 0 0.4782609 0 0.5652174 0 0.6086956 0 0.7391304 0 0.3043478 0 0.6956522 0 0.7391304 0 0.2608696 0 0.3043478 0 0 0 0.5652174 0 0.4782609 0 0 0 0.5217391 0 0.5652174 0 0.7826087 0 0.2608696 0 0.7391304 0 0.04347825 0 0.5217391 0 0 0 0.04347825 0 1 0 0.5217391 0 0.8260869 0 0.2608696 0 0.7826087 0 0.8260869 0 0.2173913 0 0.2608696 0 0.8695652 0 0.2173913 0 0.8260869 0 0.04347825 0 0.9565218 0 1 0 0.8695652 0 0.173913 0 0.2173913 0 0.0869565 0 0.9565218 0 0.04347825 0 0.9130435 0 0.173913 0 0.8695652 0 0.0869565 0 0.9130435 0 0.9565218 0 0.0869565 0 0.173913 0 0.9130435 0 0.0869565 0 0.1304348 0 0.173913 0 0.6 0 0.4 0 0.5 0 0.6 0 0.3 0 0.4 0 0.3 0 0.1 0 0.2 0 0.3 0 0 0 0.1 0 0.6 0 0.8 0 0.3 0 0.8 0 0 0 0.3 0 0.8 0 1 0 0 0 0.6 0 0.7 0 0.8 0 0.9 0 1 0 0.8 0 0.4347826 0 0.3478261 0 0.3913043 0 0.4347826 0 0.6521739 0 0.3478261 0 0.6521739 0 0.6956522 0 0.3478261 0 0.6956522 0 0.3043478 0 0.3478261 0 0.4782609 0 0.6086956 0 0.4347826 0 0.6086956 0 0.6521739 0 0.4347826 0 0.4782609 0 0.5652174 0 0.6086956 0 0.7391304 0 0.3043478 0 0.6956522 0 0.7391304 0 0.2608696 0 0.3043478 0 0 0 0.5652174 0 0.4782609 0 0 0 0.5217391 0 0.5652174 0 0.7826087 0 0.2608696 0 0.7391304 0 0.04347825 0 0.5217391 0 0 0 0.04347825 0 1 0 0.5217391 0 0.8260869 0 0.2608696 0 0.7826087 0 0.8260869 0 0.2173913 0 0.2608696 0 0.8695652 0 0.2173913 0 0.8260869 0 0.04347825 0 0.9565218 0 1 0 0.8695652 0 0.173913 0 0.2173913 0 0.0869565 0 0.9565218 0 0.04347825 0 0.9130435 0 0.173913 0 0.8695652 0 0.0869565 0 0.9130435 0 0.9565218 0 0.0869565 0 0.173913 0 0.9130435 0 0.0869565 0 0.1304348 0 0.173913 0 0.5555556 0 0.3333333 0 0.4444444 0 0.5555556 0 0.7777778 0 0.3333333 0 0.7777778 0 0.2222222 0 0.3333333 0 0.2222222 0 0 0 0.1111111 0 0.2222222 0 1 0 0 0 0.5555556 0 0.6666667 0 0.7777778 0 0.8888889 0 0.2222222 0 0.7777778 0 0.8888889 0 1 0 0.2222222 0</float_array>
          <technique_common>
            <accessor source="#NOKOD_GARDENS_-_RELEVES_3D-mesh-map-0-array" count="1128" stride="2">
              <param name="S" type="float"/>
              <param name="T" type="float"/>
            </accessor>
          </technique_common>
        </source>
        <vertices id="NOKOD_GARDENS_-_RELEVES_3D-mesh-vertices">
          <input semantic="POSITION" source="#NOKOD_GARDENS_-_RELEVES_3D-mesh-positions"/>
        </vertices>
        <triangles material="Annotations_NON_METRIQUES_001-material" count="376">
          <input semantic="VERTEX" source="#NOKOD_GARDENS_-_RELEVES_3D-mesh-vertices" offset="0"/>
          <input semantic="NORMAL" source="#NOKOD_GARDENS_-_RELEVES_3D-mesh-normals" offset="1"/>
          <input semantic="TEXCOORD" source="#NOKOD_GARDENS_-_RELEVES_3D-mesh-map-0" offset="2" set="0"/>
          <p>0 0 0 9 0 1 8 0 2 9 1 3 7 1 4 8 1 5 9 2 6 6 2 7 7 2 8 9 3 9 10 3 10 6 3 11 10 4 12 11 4 13 6 4 14 11 5 15 5 5 16 6 5 17 0 6 18 17 6 19 9 6 20 12 7 21 5 7 22 11 7 23 12 8 24 4 8 25 5 8 26 13 9 27 4 9 28 12 9 29 14 10 30 4 10 31 13 10 32 14 11 33 3 11 34 4 11 35 15 12 36 3 12 37 14 12 38 15 13 39 2 13 40 3 13 41 16 14 42 2 14 43 15 14 44 0 15 45 16 15 46 17 15 47 0 16 48 2 16 49 16 16 50 0 17 51 1 17 52 2 17 53 54 18 54 52 18 55 53 18 56 55 19 57 52 19 58 54 19 59 56 20 60 52 20 61 55 20 62 56 21 63 51 21 64 52 21 65 18 22 66 19 22 67 56 22 68 19 23 69 20 23 70 56 23 71 20 24 72 21 24 73 56 24 74 21 25 75 51 25 76 56 25 77 21 26 78 22 26 79 51 26 80 22 27 81 50 27 82 51 27 83 23 28 84 50 28 85 22 28 86 24 29 87 50 29 88 23 29 89 24 30 90 49 30 91 50 30 92 25 31 93 49 31 94 24 31 95 25 32 96 48 32 97 49 32 98 26 33 99 48 33 100 25 33 101 27 34 102 48 34 103 26 34 104 27 35 105 47 35 106 48 35 107 28 36 108 47 36 109 27 36 110 28 37 111 46 37 112 47 37 113 28 38 114 29 38 115 46 38 116 29 39 117 45 39 118 46 39 119 30 40 120 45 40 121 29 40 122 30 41 123 44 41 124 45 41 125 31 42 126 44 42 127 30 42 128 31 43 129 43 43 130 44 43 131 32 44 132 43 44 133 31 44 134 38 45 135 36 45 136 37 45 137 33 46 138 43 46 139 32 46 140 38 47 141 35 47 142 36 47 143 34 48 144 43 48 145 33 48 146 34 49 147 42 49 148 43 49 149 38 50 150 34 50 151 35 50 152 38 51 153 42 51 154 34 51 155 39 52 156 42 52 157 38 52 158 39 53 159 41 53 160 42 53 161 40 54 162 41 54 163 39 54 164 61 55 165 59 55 166 60 55 167 61 56 168 58 56 169 59 56 170 61 57 171 57 57 172 58 57 173 62 58 174 57 58 175 61 58 176 62 59 177 85 59 178 57 59 179 85 60 180 86 60 181 57 60 182 86 61 183 87 61 184 57 61 185 87 62 186 88 62 187 57 62 188 63 63 189 84 63 190 62 63 191 84 64 192 85 64 193 62 64 194 63 65 195 83 65 196 84 65 197 63 66 198 82 66 199 83 66 200 63 67 201 81 67 202 82 67 203 64 68 204 81 68 205 63 68 206 64 69 207 80 69 208 81 69 209 65 70 210 80 70 211 64 70 212 65 71 213 79 71 214 80 71 215 66 72 216 79 72 217 65 72 218 73 73 219 71 73 220 72 73 221 66 74 222 78 74 223 79 74 224 67 75 225 78 75 226 66 75 227 68 76 228 78 76 229 67 76 230 73 77 231 70 77 232 71 77 233 69 78 234 78 78 235 68 78 236 73 79 237 69 79 238 70 79 239 69 80 240 77 80 241 78 80 242 73 81 243 77 81 244 69 81 245 74 82 246 77 82 247 73 82 248 75 83 249 77 83 250 74 83 251 75 84 252 76 84 253 77 84 254 91 85 255 99 85 256 90 85 257 99 86 258 89 86 259 90 86 260 99 87 261 100 87 262 89 87 263 91 88 264 98 88 265 99 88 266 91 89 267 95 89 268 98 89 269 95 90 270 97 90 271 98 90 272 95 91 273 96 91 274 97 91 275 91 92 276 94 92 277 95 92 278 91 93 279 93 93 280 94 93 281 91 94 282 92 94 283 93 94 284 106 95 285 104 95 286 105 95 287 106 96 288 103 96 289 104 96 290 103 97 291 101 97 292 102 97 293 103 98 294 107 98 295 101 98 296 106 99 297 107 99 298 103 99 299 110 100 300 118 100 301 109 100 302 118 101 303 108 101 304 109 101 305 118 102 306 119 102 307 108 102 308 110 103 309 117 103 310 118 103 311 110 104 312 114 104 313 117 104 314 114 105 315 116 105 316 117 105 317 114 106 318 115 106 319 116 106 320 110 107 321 113 107 322 114 107 323 110 108 324 112 108 325 113 108 326 110 109 327 111 109 328 112 109 329 122 110 330 120 110 331 121 110 332 122 111 333 125 111 334 120 111 335 122 112 336 124 112 337 125 112 338 122 113 339 123 113 340 124 113 341 128 114 342 136 114 343 127 114 344 136 115 345 126 115 346 127 115 347 136 116 348 137 116 349 126 116 350 128 117 351 135 117 352 136 117 353 128 118 354 132 118 355 135 118 356 132 119 357 134 119 358 135 119 359 132 120 360 133 120 361 134 120 362 128 121 363 131 121 364 132 121 365 128 122 366 130 122 367 131 122 368 128 123 369 129 123 370 130 123 371 139 124 372 160 124 373 138 124 374 160 125 375 159 125 376 138 125 377 160 126 378 158 126 379 159 126 380 160 127 381 161 127 382 158 127 383 161 128 384 157 128 385 158 128 386 139 129 387 168 129 388 160 129 389 162 130 390 157 130 391 161 130 392 162 131 393 156 131 394 157 131 395 163 132 396 156 132 397 162 132 398 164 133 399 156 133 400 163 133 401 165 134 402 156 134 403 164 134 404 165 135 405 155 135 406 156 135 407 166 136 408 155 136 409 165 136 410 166 137 411 154 137 412 155 137 413 167 138 414 154 138 415 166 138 416 139 139 417 141 139 418 168 139 419 141 140 420 167 140 421 168 140 422 141 141 423 154 141 424 167 141 425 141 142 426 153 142 427 154 142 428 141 143 429 142 143 430 153 143 431 142 144 432 152 144 433 153 144 434 139 145 435 140 145 436 141 145 437 143 146 438 152 146 439 142 146 440 144 147 441 152 147 442 143 147 443 144 148 444 151 148 445 152 148 446 145 149 447 151 149 448 144 149 449 145 150 450 150 150 451 151 150 452 146 151 453 150 151 454 145 151 455 146 152 456 149 152 457 150 152 458 146 153 459 148 153 460 149 153 461 146 154 462 147 154 463 148 154 464 171 155 465 169 155 466 170 155 467 171 156 468 172 156 469 169 156 470 177 157 471 175 157 472 176 157 473 177 158 474 174 158 475 175 158 476 177 159 477 173 159 478 174 159 479 178 160 480 173 160 481 177 160 482 178 161 483 201 161 484 173 161 485 201 162 486 202 162 487 173 162 488 202 163 489 203 163 490 173 163 491 203 164 492 204 164 493 173 164 494 179 165 495 200 165 496 178 165 497 200 166 498 201 166 499 178 166 500 179 167 501 199 167 502 200 167 503 179 168 504 198 168 505 199 168 506 179 169 507 197 169 508 198 169 509 180 170 510 197 170 511 179 170 512 180 171 513 196 171 514 197 171 515 181 172 516 196 172 517 180 172 518 181 173 519 195 173 520 196 173 521 182 174 522 195 174 523 181 174 524 189 175 525 187 175 526 188 175 527 182 176 528 194 176 529 195 176 530 183 177 531 194 177 532 182 177 533 184 178 534 194 178 535 183 178 536 189 179 537 186 179 538 187 179 539 185 180 540 194 180 541 184 180 542 189 181 543 185 181 544 186 181 545 185 182 546 193 182 547 194 182 548 189 183 549 193 183 550 185 183 551 190 184 552 193 184 553 189 184 554 191 185 555 193 185 556 190 185 557 191 186 558 192 186 559 193 186 560 210 187 561 208 187 562 209 187 563 210 188 564 212 188 565 208 188 566 212 189 567 207 189 568 208 189 569 207 190 570 205 190 571 206 190 572 207 191 573 214 191 574 205 191 575 210 192 576 211 192 577 212 192 578 213 193 579 207 193 580 212 193 581 213 194 582 214 194 583 207 194 584 217 195 585 225 195 586 216 195 587 225 196 588 215 196 589 216 196 590 225 197 591 226 197 592 215 197 593 217 198 594 224 198 595 225 198 596 217 199 597 221 199 598 224 199 599 221 200 600 223 200 601 224 200 602 221 201 603 222 201 604 223 201 605 217 202 606 220 202 607 221 202 608 217 203 609 219 203 610 220 203 611 217 204 612 218 204 613 219 204 614 227 205 615 236 205 616 235 205 617 236 206 618 234 206 619 235 206 620 236 207 621 233 207 622 234 207 623 236 208 624 237 208 625 233 208 626 237 209 627 238 209 628 233 209 629 238 210 630 232 210 631 233 210 632 227 211 633 244 211 634 236 211 635 239 212 636 232 212 637 238 212 638 239 213 639 231 213 640 232 213 641 240 214 642 231 214 643 239 214 644 241 215 645 231 215 646 240 215 647 241 216 648 230 216 649 231 216 650 242 217 651 230 217 652 241 217 653 242 218 654 229 218 655 230 218 656 243 219 657 229 219 658 242 219 659 227 220 660 243 220 661 244 220 662 227 221 663 229 221 664 243 221 665 227 222 666 228 222 667 229 222 668 246 223 669 267 223 670 245 223 671 267 224 672 266 224 673 245 224 674 267 225 675 265 225 676 266 225 677 267 226 678 268 226 679 265 226 680 268 227 681 264 227 682 265 227 683 246 228 684 275 228 685 267 228 686 269 229 687 264 229 688 268 229 689 269 230 690 263 230 691 264 230 692 270 231 693 263 231 694 269 231 695 271 232 696 263 232 697 270 232 698 272 233 699 263 233 700 271 233 701 272 234 702 262 234 703 263 234 704 273 235 705 262 235 706 272 235 707 273 236 708 261 236 709 262 236 710 274 237 711 261 237 712 273 237 713 246 238 714 248 238 715 275 238 716 248 239 717 274 239 718 275 239 719 248 240 720 261 240 721 274 240 722 248 241 723 260 241 724 261 241 725 248 242 726 249 242 727 260 242 728 249 243 729 259 243 730 260 243 731 246 244 732 247 244 733 248 244 734 250 245 735 259 245 736 249 245 737 251 246 738 259 246 739 250 246 740 251 247 741 258 247 742 259 247 743 252 248 744 258 248 745 251 248 746 252 249 747 257 249 748 258 249 749 253 250 750 257 250 751 252 250 752 253 251 753 256 251 754 257 251 755 253 252 756 255 252 757 256 252 758 253 253 759 254 253 760 255 253 761 278 254 762 276 254 763 277 254 764 278 255 765 284 255 766 276 255 767 284 256 768 283 256 769 276 256 770 278 257 771 286 257 772 284 257 773 285 258 774 283 258 775 284 258 776 278 259 777 280 259 778 286 259 779 280 260 780 285 260 781 286 260 782 280 261 783 281 261 784 285 261 785 281 262 786 283 262 787 285 262 788 278 263 789 279 263 790 280 263 791 282 264 792 283 264 793 281 264 794 308 265 795 306 265 796 307 265 797 308 266 798 305 266 799 306 266 800 308 267 801 304 267 802 305 267 803 309 268 804 299 268 805 308 268 806 299 269 807 300 269 808 308 269 809 300 270 810 304 270 811 308 270 812 300 271 813 301 271 814 304 271 815 301 272 816 302 272 817 304 272 818 302 273 819 303 273 820 304 273 821 309 274 822 298 274 823 299 274 824 310 275 825 298 275 826 309 275 827 310 276 828 297 276 829 298 276 830 310 277 831 296 277 832 297 277 833 311 278 834 296 278 835 310 278 836 289 279 837 287 279 838 288 279 839 289 280 840 290 280 841 287 280 842 290 281 843 316 281 844 287 281 845 291 282 846 316 282 847 290 282 848 311 283 849 295 283 850 296 283 851 312 284 852 295 284 853 311 284 854 312 285 855 294 285 856 295 285 857 292 286 858 316 286 859 291 286 860 293 287 861 316 287 862 292 287 863 294 288 864 316 288 865 293 288 866 312 289 867 316 289 868 294 289 869 312 290 870 315 290 871 316 290 872 313 291 873 315 291 874 312 291 875 313 292 876 314 292 877 315 292 878 317 293 879 326 293 880 325 293 881 326 294 882 324 294 883 325 294 884 326 295 885 323 295 886 324 295 887 326 296 888 327 296 889 323 296 890 327 297 891 328 297 892 323 297 893 328 298 894 322 298 895 323 298 896 317 299 897 334 299 898 326 299 899 329 300 900 322 300 901 328 300 902 329 301 903 321 301 904 322 301 905 330 302 906 321 302 907 329 302 908 331 303 909 321 303 910 330 303 911 331 304 912 320 304 913 321 304 914 332 305 915 320 305 916 331 305 917 332 306 918 319 306 919 320 306 920 333 307 921 319 307 922 332 307 923 317 308 924 333 308 925 334 308 926 317 309 927 319 309 928 333 309 929 317 310 930 318 310 931 319 310 932 345 311 933 343 311 934 344 311 935 345 312 936 350 312 937 343 312 938 350 313 939 351 313 940 343 313 941 351 314 942 342 314 943 343 314 944 346 315 945 349 315 946 345 315 947 349 316 948 350 316 949 345 316 950 346 317 951 348 317 952 349 317 953 352 318 954 342 318 955 351 318 956 352 319 957 341 319 958 342 319 959 335 320 960 348 320 961 346 320 962 335 321 963 347 321 964 348 321 965 353 322 966 341 322 967 352 322 968 336 323 969 347 323 970 335 323 971 336 324 972 358 324 973 347 324 974 354 325 975 341 325 976 353 325 977 354 326 978 340 326 979 341 326 980 355 327 981 340 327 982 354 327 983 336 328 984 357 328 985 358 328 986 355 329 987 339 329 988 340 329 989 337 330 990 357 330 991 336 330 992 356 331 993 339 331 994 355 331 995 337 332 996 356 332 997 357 332 998 337 333 999 339 333 1000 356 333 1001 337 334 1002 338 334 1003 339 334 1004 365 335 1005 363 335 1006 364 335 1007 365 336 1008 362 336 1009 363 336 1010 362 337 1011 360 337 1012 361 337 1013 362 338 1014 359 338 1015 360 338 1016 365 339 1017 367 339 1018 362 339 1019 367 340 1020 359 340 1021 362 340 1022 367 341 1023 369 341 1024 359 341 1025 365 342 1026 366 342 1027 367 342 1028 368 343 1029 369 343 1030 367 343 1031 380 344 1032 378 344 1033 379 344 1034 380 345 1035 385 345 1036 378 345 1037 385 346 1038 386 346 1039 378 346 1040 386 347 1041 377 347 1042 378 347 1043 381 348 1044 384 348 1045 380 348 1046 384 349 1047 385 349 1048 380 349 1049 381 350 1050 383 350 1051 384 350 1052 387 351 1053 377 351 1054 386 351 1055 387 352 1056 376 352 1057 377 352 1058 370 353 1059 383 353 1060 381 353 1061 370 354 1062 382 354 1063 383 354 1064 388 355 1065 376 355 1066 387 355 1067 371 356 1068 382 356 1069 370 356 1070 371 357 1071 393 357 1072 382 357 1073 389 358 1074 376 358 1075 388 358 1076 389 359 1077 375 359 1078 376 359 1079 390 360 1080 375 360 1081 389 360 1082 371 361 1083 392 361 1084 393 361 1085 390 362 1086 374 362 1087 375 362 1088 372 363 1089 392 363 1090 371 363 1091 391 364 1092 374 364 1093 390 364 1094 372 365 1095 391 365 1096 392 365 1097 372 366 1098 374 366 1099 391 366 1100 372 367 1101 373 367 1102 374 367 1103 399 368 1104 397 368 1105 398 368 1106 399 369 1107 401 369 1108 397 369 1109 401 370 1110 396 370 1111 397 370 1112 396 371 1113 394 371 1114 395 371 1115 396 372 1116 403 372 1117 394 372 1118 399 373 1119 400 373 1120 401 373 1121 402 374 1122 396 374 1123 401 374 1124 402 375 1125 403 375 1126 396 375 1127</p>
        </triangles>
      </mesh>
    </geometry>
    <geometry id="REPERE_VISUEL_5mm_NON_BORDURE_080-mesh" name="REPERE_VISUEL_5mm_NON_BORDURE.080">
      <mesh>
        <source id="REPERE_VISUEL_5mm_NON_BORDURE_080-mesh-positions">
          <float_array id="REPERE_VISUEL_5mm_NON_BORDURE_080-mesh-positions-array" count="12">-0.2604336 0.06820511 0.89 6.10881e-4 0.00242418 0 -6.10881e-4 -0.00242418 0 -0.2616554 0.06335669 0.89</float_array>
          <technique_common>
            <accessor source="#REPERE_VISUEL_5mm_NON_BORDURE_080-mesh-positions-array" count="4" stride="3">
              <param name="X" type="float"/>
              <param name="Y" type="float"/>
              <param name="Z" type="float"/>
            </accessor>
          </technique_common>
        </source>
        <source id="REPERE_VISUEL_5mm_NON_BORDURE_080-mesh-normals">
          <float_array id="REPERE_VISUEL_5mm_NON_BORDURE_080-mesh-normals-array" count="6">-0.9281553 0.2338896 -0.2895227 -0.928156 0.2338871 -0.2895228</float_array>
          <technique_common>
            <accessor source="#REPERE_VISUEL_5mm_NON_BORDURE_080-mesh-normals-array" count="2" stride="3">
              <param name="X" type="float"/>
              <param name="Y" type="float"/>
              <param name="Z" type="float"/>
            </accessor>
          </technique_common>
        </source>
        <vertices id="REPERE_VISUEL_5mm_NON_BORDURE_080-mesh-vertices">
          <input semantic="POSITION" source="#REPERE_VISUEL_5mm_NON_BORDURE_080-mesh-positions"/>
        </vertices>
        <triangles material="Annotations_NON_METRIQUES_001-material" count="2">
          <input semantic="VERTEX" source="#REPERE_VISUEL_5mm_NON_BORDURE_080-mesh-vertices" offset="0"/>
          <input semantic="NORMAL" source="#REPERE_VISUEL_5mm_NON_BORDURE_080-mesh-normals" offset="1"/>
          <p>0 0 2 0 3 0 0 1 1 1 2 1</p>
        </triangles>
      </mesh>
    </geometry>
    <geometry id="REPERE_VISUEL_5mm_NON_BORDURE_079-mesh" name="REPERE_VISUEL_5mm_NON_BORDURE.079">
      <mesh>
        <source id="REPERE_VISUEL_5mm_NON_BORDURE_079-mesh-positions">
          <float_array id="REPERE_VISUEL_5mm_NON_BORDURE_079-mesh-positions-array" count="12">-0.1976327 -0.9422631 0.92 -0.2635392 0.06561779 0.89 -0.2585499 0.06594401 0.89 -0.1926433 -0.9419369 0.92</float_array>
          <technique_common>
            <accessor source="#REPERE_VISUEL_5mm_NON_BORDURE_079-mesh-positions-array" count="4" stride="3">
              <param name="X" type="float"/>
              <param name="Y" type="float"/>
              <param name="Z" type="float"/>
            </accessor>
          </technique_common>
        </source>
        <source id="REPERE_VISUEL_5mm_NON_BORDURE_079-mesh-normals">
          <float_array id="REPERE_VISUEL_5mm_NON_BORDURE_079-mesh-normals-array" count="6">0.001937329 -0.02962559 -0.9995592 0.00193727 -0.02962565 -0.9995592</float_array>
          <technique_common>
            <accessor source="#REPERE_VISUEL_5mm_NON_BORDURE_079-mesh-normals-array" count="2" stride="3">
              <param name="X" type="float"/>
              <param name="Y" type="float"/>
              <param name="Z" type="float"/>
            </accessor>
          </technique_common>
        </source>
        <vertices id="REPERE_VISUEL_5mm_NON_BORDURE_079-mesh-vertices">
          <input semantic="POSITION" source="#REPERE_VISUEL_5mm_NON_BORDURE_079-mesh-positions"/>
        </vertices>
        <triangles material="Annotations_NON_METRIQUES_001-material" count="2">
          <input semantic="VERTEX" source="#REPERE_VISUEL_5mm_NON_BORDURE_079-mesh-vertices" offset="0"/>
          <input semantic="NORMAL" source="#REPERE_VISUEL_5mm_NON_BORDURE_079-mesh-normals" offset="1"/>
          <p>1 0 3 0 0 0 1 1 2 1 3 1</p>
        </triangles>
      </mesh>
    </geometry>
    <geometry id="REPERE_VISUEL_5mm_NON_BORDURE_078-mesh" name="REPERE_VISUEL_5mm_NON_BORDURE.078">
      <mesh>
        <source id="REPERE_VISUEL_5mm_NON_BORDURE_078-mesh-positions">
          <float_array id="REPERE_VISUEL_5mm_NON_BORDURE_078-mesh-positions-array" count="12">-0.09609597 -0.9285112 0.79 -0.1947363 -0.9445675 0.92 -0.1955397 -0.9396325 0.92 -0.09689927 -0.9235762 0.79</float_array>
          <technique_common>
            <accessor source="#REPERE_VISUEL_5mm_NON_BORDURE_078-mesh-positions-array" count="4" stride="3">
              <param name="X" type="float"/>
              <param name="Y" type="float"/>
              <param name="Z" type="float"/>
            </accessor>
          </technique_common>
        </source>
        <source id="REPERE_VISUEL_5mm_NON_BORDURE_078-mesh-normals">
          <float_array id="REPERE_VISUEL_5mm_NON_BORDURE_078-mesh-normals-array" count="6">-0.7825059 -0.1273736 -0.6094756 -0.7825055 -0.1273759 -0.6094757</float_array>
          <technique_common>
            <accessor source="#REPERE_VISUEL_5mm_NON_BORDURE_078-mesh-normals-array" count="2" stride="3">
              <param name="X" type="float"/>
              <param name="Y" type="float"/>
              <param name="Z" type="float"/>
            </accessor>
          </technique_common>
        </source>
        <vertices id="REPERE_VISUEL_5mm_NON_BORDURE_078-mesh-vertices">
          <input semantic="POSITION" source="#REPERE_VISUEL_5mm_NON_BORDURE_078-mesh-positions"/>
        </vertices>
        <triangles material="Annotations_NON_METRIQUES_001-material" count="2">
          <input semantic="VERTEX" source="#REPERE_VISUEL_5mm_NON_BORDURE_078-mesh-vertices" offset="0"/>
          <input semantic="NORMAL" source="#REPERE_VISUEL_5mm_NON_BORDURE_078-mesh-normals" offset="1"/>
          <p>1 0 3 0 0 0 1 1 2 1 3 1</p>
        </triangles>
      </mesh>
    </geometry>
    <geometry id="REPERE_VISUEL_5mm_NON_BORDURE_077-mesh" name="REPERE_VISUEL_5mm_NON_BORDURE.077">
      <mesh>
        <source id="REPERE_VISUEL_5mm_NON_BORDURE_077-mesh-positions">
          <float_array id="REPERE_VISUEL_5mm_NON_BORDURE_077-mesh-positions-array" count="12">0.9858521 -0.8637329 0.7 -0.09634816 -0.9285392 0.79 -0.09664708 -0.9235482 0.79 0.9855532 -0.8587419 0.7</float_array>
          <technique_common>
            <accessor source="#REPERE_VISUEL_5mm_NON_BORDURE_077-mesh-positions-array" count="4" stride="3">
              <param name="X" type="float"/>
              <param name="Y" type="float"/>
              <param name="Z" type="float"/>
            </accessor>
          </technique_common>
        </source>
        <source id="REPERE_VISUEL_5mm_NON_BORDURE_077-mesh-normals">
          <float_array id="REPERE_VISUEL_5mm_NON_BORDURE_077-mesh-normals-array" count="6">-0.08258283 -0.004944801 -0.9965719 -0.08258265 -0.004945397 -0.996572</float_array>
          <technique_common>
            <accessor source="#REPERE_VISUEL_5mm_NON_BORDURE_077-mesh-normals-array" count="2" stride="3">
              <param name="X" type="float"/>
              <param name="Y" type="float"/>
              <param name="Z" type="float"/>
            </accessor>
          </technique_common>
        </source>
        <vertices id="REPERE_VISUEL_5mm_NON_BORDURE_077-mesh-vertices">
          <input semantic="POSITION" source="#REPERE_VISUEL_5mm_NON_BORDURE_077-mesh-positions"/>
        </vertices>
        <triangles material="Annotations_NON_METRIQUES_001-material" count="2">
          <input semantic="VERTEX" source="#REPERE_VISUEL_5mm_NON_BORDURE_077-mesh-vertices" offset="0"/>
          <input semantic="NORMAL" source="#REPERE_VISUEL_5mm_NON_BORDURE_077-mesh-normals" offset="1"/>
          <p>0 0 2 0 3 0 0 1 1 1 2 1</p>
        </triangles>
      </mesh>
    </geometry>
    <geometry id="REPERE_VISUEL_5mm_NON_BORDURE_076-mesh" name="REPERE_VISUEL_5mm_NON_BORDURE.076">
      <mesh>
        <source id="REPERE_VISUEL_5mm_NON_BORDURE_076-mesh-positions">
          <float_array id="REPERE_VISUEL_5mm_NON_BORDURE_076-mesh-positions-array" count="12">1.111603 -0.875932 0.55 0.9854618 -0.8637258 0.7 0.9859434 -0.858749 0.7 1.112085 -0.8709552 0.55</float_array>
          <technique_common>
            <accessor source="#REPERE_VISUEL_5mm_NON_BORDURE_076-mesh-positions-array" count="4" stride="3">
              <param name="X" type="float"/>
              <param name="Y" type="float"/>
              <param name="Z" type="float"/>
            </accessor>
          </technique_common>
        </source>
        <source id="REPERE_VISUEL_5mm_NON_BORDURE_076-mesh-normals">
          <float_array id="REPERE_VISUEL_5mm_NON_BORDURE_076-mesh-normals-array" count="6">-0.7603175 0.07357674 -0.645371 -0.7603176 0.07357674 -0.645371</float_array>
          <technique_common>
            <accessor source="#REPERE_VISUEL_5mm_NON_BORDURE_076-mesh-normals-array" count="2" stride="3">
              <param name="X" type="float"/>
              <param name="Y" type="float"/>
              <param name="Z" type="float"/>
            </accessor>
          </technique_common>
        </source>
        <vertices id="REPERE_VISUEL_5mm_NON_BORDURE_076-mesh-vertices">
          <input semantic="POSITION" source="#REPERE_VISUEL_5mm_NON_BORDURE_076-mesh-positions"/>
        </vertices>
        <triangles material="Annotations_NON_METRIQUES_001-material" count="2">
          <input semantic="VERTEX" source="#REPERE_VISUEL_5mm_NON_BORDURE_076-mesh-vertices" offset="0"/>
          <input semantic="NORMAL" source="#REPERE_VISUEL_5mm_NON_BORDURE_076-mesh-normals" offset="1"/>
          <p>0 0 2 0 3 0 0 1 1 1 2 1</p>
        </triangles>
      </mesh>
    </geometry>
    <geometry id="REPERE_VISUEL_5mm_NON_BORDURE_075-mesh" name="REPERE_VISUEL_5mm_NON_BORDURE.075">
      <mesh>
        <source id="REPERE_VISUEL_5mm_NON_BORDURE_075-mesh-positions">
          <float_array id="REPERE_VISUEL_5mm_NON_BORDURE_075-mesh-positions-array" count="12">2.221194 -0.869547 0.47 1.111858 -0.8759436 0.55 1.11183 -0.8709437 0.55 2.221165 -0.8645471 0.47</float_array>
          <technique_common>
            <accessor source="#REPERE_VISUEL_5mm_NON_BORDURE_075-mesh-positions-array" count="4" stride="3">
              <param name="X" type="float"/>
              <param name="Y" type="float"/>
              <param name="Z" type="float"/>
            </accessor>
          </technique_common>
        </source>
        <source id="REPERE_VISUEL_5mm_NON_BORDURE_075-mesh-normals">
          <float_array id="REPERE_VISUEL_5mm_NON_BORDURE_075-mesh-normals-array" count="6">-0.07192605 -4.11307e-4 -0.9974099 -0.07192605 -4.15004e-4 -0.9974098</float_array>
          <technique_common>
            <accessor source="#REPERE_VISUEL_5mm_NON_BORDURE_075-mesh-normals-array" count="2" stride="3">
              <param name="X" type="float"/>
              <param name="Y" type="float"/>
              <param name="Z" type="float"/>
            </accessor>
          </technique_common>
        </source>
        <vertices id="REPERE_VISUEL_5mm_NON_BORDURE_075-mesh-vertices">
          <input semantic="POSITION" source="#REPERE_VISUEL_5mm_NON_BORDURE_075-mesh-positions"/>
        </vertices>
        <triangles material="Annotations_NON_METRIQUES_001-material" count="2">
          <input semantic="VERTEX" source="#REPERE_VISUEL_5mm_NON_BORDURE_075-mesh-vertices" offset="0"/>
          <input semantic="NORMAL" source="#REPERE_VISUEL_5mm_NON_BORDURE_075-mesh-normals" offset="1"/>
          <p>0 0 2 0 3 0 0 1 1 1 2 1</p>
        </triangles>
      </mesh>
    </geometry>
    <geometry id="REPERE_VISUEL_5mm_NON_BORDURE_074-mesh" name="REPERE_VISUEL_5mm_NON_BORDURE.074">
      <mesh>
        <source id="REPERE_VISUEL_5mm_NON_BORDURE_074-mesh-positions">
          <float_array id="REPERE_VISUEL_5mm_NON_BORDURE_074-mesh-positions-array" count="12">2.388842 -0.9227663 0.35 2.220425 -0.8694304 0.47 2.221934 -0.8646637 0.47 2.390352 -0.9179996 0.35</float_array>
          <technique_common>
            <accessor source="#REPERE_VISUEL_5mm_NON_BORDURE_074-mesh-positions-array" count="4" stride="3">
              <param name="X" type="float"/>
              <param name="Y" type="float"/>
              <param name="Z" type="float"/>
            </accessor>
          </technique_common>
        </source>
        <source id="REPERE_VISUEL_5mm_NON_BORDURE_074-mesh-normals">
          <float_array id="REPERE_VISUEL_5mm_NON_BORDURE_074-mesh-normals-array" count="6">-0.5356718 0.1696521 -0.8272085 -0.5356715 0.1696529 -0.8272085</float_array>
          <technique_common>
            <accessor source="#REPERE_VISUEL_5mm_NON_BORDURE_074-mesh-normals-array" count="2" stride="3">
              <param name="X" type="float"/>
              <param name="Y" type="float"/>
              <param name="Z" type="float"/>
            </accessor>
          </technique_common>
        </source>
        <vertices id="REPERE_VISUEL_5mm_NON_BORDURE_074-mesh-vertices">
          <input semantic="POSITION" source="#REPERE_VISUEL_5mm_NON_BORDURE_074-mesh-positions"/>
        </vertices>
        <triangles material="Annotations_NON_METRIQUES_001-material" count="2">
          <input semantic="VERTEX" source="#REPERE_VISUEL_5mm_NON_BORDURE_074-mesh-vertices" offset="0"/>
          <input semantic="NORMAL" source="#REPERE_VISUEL_5mm_NON_BORDURE_074-mesh-normals" offset="1"/>
          <p>0 0 2 0 3 0 0 1 1 1 2 1</p>
        </triangles>
      </mesh>
    </geometry>
    <geometry id="REPERE_VISUEL_5mm_NON_BORDURE_073-mesh" name="REPERE_VISUEL_5mm_NON_BORDURE.073">
      <mesh>
        <source id="REPERE_VISUEL_5mm_NON_BORDURE_073-mesh-positions">
          <float_array id="REPERE_VISUEL_5mm_NON_BORDURE_073-mesh-positions-array" count="12">3.116288 -0.9464495 0.23 2.389516 -0.9228817 0.35 2.389678 -0.9178843 0.35 3.116451 -0.9414521 0.23</float_array>
          <technique_common>
            <accessor source="#REPERE_VISUEL_5mm_NON_BORDURE_073-mesh-positions-array" count="4" stride="3">
              <param name="X" type="float"/>
              <param name="Y" type="float"/>
              <param name="Z" type="float"/>
            </accessor>
          </technique_common>
        </source>
        <source id="REPERE_VISUEL_5mm_NON_BORDURE_073-mesh-normals">
          <float_array id="REPERE_VISUEL_5mm_NON_BORDURE_073-mesh-normals-array" count="6">-0.1627389 0.005279123 -0.9866551 -0.1627389 0.005279541 -0.9866551</float_array>
          <technique_common>
            <accessor source="#REPERE_VISUEL_5mm_NON_BORDURE_073-mesh-normals-array" count="2" stride="3">
              <param name="X" type="float"/>
              <param name="Y" type="float"/>
              <param name="Z" type="float"/>
            </accessor>
          </technique_common>
        </source>
        <vertices id="REPERE_VISUEL_5mm_NON_BORDURE_073-mesh-vertices">
          <input semantic="POSITION" source="#REPERE_VISUEL_5mm_NON_BORDURE_073-mesh-positions"/>
        </vertices>
        <triangles material="Annotations_NON_METRIQUES_001-material" count="2">
          <input semantic="VERTEX" source="#REPERE_VISUEL_5mm_NON_BORDURE_073-mesh-vertices" offset="0"/>
          <input semantic="NORMAL" source="#REPERE_VISUEL_5mm_NON_BORDURE_073-mesh-normals" offset="1"/>
          <p>0 0 2 0 3 0 0 1 1 1 2 1</p>
        </triangles>
      </mesh>
    </geometry>
    <geometry id="REPERE_VISUEL_5mm_NON_BORDURE_072-mesh" name="REPERE_VISUEL_5mm_NON_BORDURE.072">
      <mesh>
        <source id="REPERE_VISUEL_5mm_NON_BORDURE_072-mesh-positions">
          <float_array id="REPERE_VISUEL_5mm_NON_BORDURE_072-mesh-positions-array" count="12">4.291092 -0.05820375 0.17 3.117878 -0.9459444 0.23 3.114861 -0.9419572 0.23 4.288074 -0.05421656 0.17</float_array>
          <technique_common>
            <accessor source="#REPERE_VISUEL_5mm_NON_BORDURE_072-mesh-positions-array" count="4" stride="3">
              <param name="X" type="float"/>
              <param name="Y" type="float"/>
              <param name="Z" type="float"/>
            </accessor>
          </technique_common>
        </source>
        <source id="REPERE_VISUEL_5mm_NON_BORDURE_072-mesh-normals">
          <float_array id="REPERE_VISUEL_5mm_NON_BORDURE_072-mesh-normals-array" count="6">-0.03249263 -0.02458971 -0.9991694 -0.03249448 -0.02458727 -0.9991695</float_array>
          <technique_common>
            <accessor source="#REPERE_VISUEL_5mm_NON_BORDURE_072-mesh-normals-array" count="2" stride="3">
              <param name="X" type="float"/>
              <param name="Y" type="float"/>
              <param name="Z" type="float"/>
            </accessor>
          </technique_common>
        </source>
        <vertices id="REPERE_VISUEL_5mm_NON_BORDURE_072-mesh-vertices">
          <input semantic="POSITION" source="#REPERE_VISUEL_5mm_NON_BORDURE_072-mesh-positions"/>
        </vertices>
        <triangles material="Annotations_NON_METRIQUES_001-material" count="2">
          <input semantic="VERTEX" source="#REPERE_VISUEL_5mm_NON_BORDURE_072-mesh-vertices" offset="0"/>
          <input semantic="NORMAL" source="#REPERE_VISUEL_5mm_NON_BORDURE_072-mesh-normals" offset="1"/>
          <p>1 0 3 0 0 0 1 1 2 1 3 1</p>
        </triangles>
      </mesh>
    </geometry>
    <geometry id="REPERE_VISUEL_5mm_NON_BORDURE_071-mesh" name="REPERE_VISUEL_5mm_NON_BORDURE.071">
      <mesh>
        <source id="REPERE_VISUEL_5mm_NON_BORDURE_071-mesh-positions">
          <float_array id="REPERE_VISUEL_5mm_NON_BORDURE_071-mesh-positions-array" count="12">4.317455 2.342312 0.18 4.292083 -0.05623656 0.17 4.287083 -0.05618369 0.17 4.312455 2.342365 0.18</float_array>
          <technique_common>
            <accessor source="#REPERE_VISUEL_5mm_NON_BORDURE_071-mesh-positions-array" count="4" stride="3">
              <param name="X" type="float"/>
              <param name="Y" type="float"/>
              <param name="Z" type="float"/>
            </accessor>
          </technique_common>
        </source>
        <source id="REPERE_VISUEL_5mm_NON_BORDURE_071-mesh-normals">
          <float_array id="REPERE_VISUEL_5mm_NON_BORDURE_071-mesh-normals-array" count="6">4.41278e-5 0.004168629 -0.9999913 4.40905e-5 0.004168629 -0.9999913</float_array>
          <technique_common>
            <accessor source="#REPERE_VISUEL_5mm_NON_BORDURE_071-mesh-normals-array" count="2" stride="3">
              <param name="X" type="float"/>
              <param name="Y" type="float"/>
              <param name="Z" type="float"/>
            </accessor>
          </technique_common>
        </source>
        <vertices id="REPERE_VISUEL_5mm_NON_BORDURE_071-mesh-vertices">
          <input semantic="POSITION" source="#REPERE_VISUEL_5mm_NON_BORDURE_071-mesh-positions"/>
        </vertices>
        <triangles material="Annotations_NON_METRIQUES_001-material" count="2">
          <input semantic="VERTEX" source="#REPERE_VISUEL_5mm_NON_BORDURE_071-mesh-vertices" offset="0"/>
          <input semantic="NORMAL" source="#REPERE_VISUEL_5mm_NON_BORDURE_071-mesh-normals" offset="1"/>
          <p>1 0 3 0 0 0 1 1 2 1 3 1</p>
        </triangles>
      </mesh>
    </geometry>
    <geometry id="REPERE_VISUEL_5mm_NON_BORDURE_070-mesh" name="REPERE_VISUEL_5mm_NON_BORDURE.070">
      <mesh>
        <source id="REPERE_VISUEL_5mm_NON_BORDURE_070-mesh-positions">
          <float_array id="REPERE_VISUEL_5mm_NON_BORDURE_070-mesh-positions-array" count="12">4.327104 2.36926 0.24 4.317312 2.341507 0.18 4.312597 2.343171 0.18 4.322389 2.370924 0.24</float_array>
          <technique_common>
            <accessor source="#REPERE_VISUEL_5mm_NON_BORDURE_070-mesh-positions-array" count="4" stride="3">
              <param name="X" type="float"/>
              <param name="Y" type="float"/>
              <param name="Z" type="float"/>
            </accessor>
          </technique_common>
        </source>
        <source id="REPERE_VISUEL_5mm_NON_BORDURE_070-mesh-normals">
          <float_array id="REPERE_VISUEL_5mm_NON_BORDURE_070-mesh-normals-array" count="6">0.2987427 0.8466522 -0.4403781 0.2987428 0.8466521 -0.4403781</float_array>
          <technique_common>
            <accessor source="#REPERE_VISUEL_5mm_NON_BORDURE_070-mesh-normals-array" count="2" stride="3">
              <param name="X" type="float"/>
              <param name="Y" type="float"/>
              <param name="Z" type="float"/>
            </accessor>
          </technique_common>
        </source>
        <vertices id="REPERE_VISUEL_5mm_NON_BORDURE_070-mesh-vertices">
          <input semantic="POSITION" source="#REPERE_VISUEL_5mm_NON_BORDURE_070-mesh-positions"/>
        </vertices>
        <triangles material="Annotations_NON_METRIQUES_001-material" count="2">
          <input semantic="VERTEX" source="#REPERE_VISUEL_5mm_NON_BORDURE_070-mesh-vertices" offset="0"/>
          <input semantic="NORMAL" source="#REPERE_VISUEL_5mm_NON_BORDURE_070-mesh-normals" offset="1"/>
          <p>0 0 2 0 3 0 0 1 1 1 2 1</p>
        </triangles>
      </mesh>
    </geometry>
    <geometry id="REPERE_VISUEL_5mm_NON_BORDURE_069-mesh" name="REPERE_VISUEL_5mm_NON_BORDURE.069">
      <mesh>
        <source id="REPERE_VISUEL_5mm_NON_BORDURE_069-mesh-positions">
          <float_array id="REPERE_VISUEL_5mm_NON_BORDURE_069-mesh-positions-array" count="12">4.440257 3.066269 0.15 4.327214 2.369692 0.24 4.322279 2.370493 0.24 4.435322 3.06707 0.15</float_array>
          <technique_common>
            <accessor source="#REPERE_VISUEL_5mm_NON_BORDURE_069-mesh-positions-array" count="4" stride="3">
              <param name="X" type="float"/>
              <param name="Y" type="float"/>
              <param name="Z" type="float"/>
            </accessor>
          </technique_common>
        </source>
        <source id="REPERE_VISUEL_5mm_NON_BORDURE_069-mesh-normals">
          <float_array id="REPERE_VISUEL_5mm_NON_BORDURE_069-mesh-normals-array" count="6">-0.02027004 -0.1248757 -0.9919653 -0.02026963 -0.1248756 -0.9919653</float_array>
          <technique_common>
            <accessor source="#REPERE_VISUEL_5mm_NON_BORDURE_069-mesh-normals-array" count="2" stride="3">
              <param name="X" type="float"/>
              <param name="Y" type="float"/>
              <param name="Z" type="float"/>
            </accessor>
          </technique_common>
        </source>
        <vertices id="REPERE_VISUEL_5mm_NON_BORDURE_069-mesh-vertices">
          <input semantic="POSITION" source="#REPERE_VISUEL_5mm_NON_BORDURE_069-mesh-positions"/>
        </vertices>
        <triangles material="Annotations_NON_METRIQUES_001-material" count="2">
          <input semantic="VERTEX" source="#REPERE_VISUEL_5mm_NON_BORDURE_069-mesh-vertices" offset="0"/>
          <input semantic="NORMAL" source="#REPERE_VISUEL_5mm_NON_BORDURE_069-mesh-normals" offset="1"/>
          <p>0 0 2 0 3 0 0 1 1 1 2 1</p>
        </triangles>
      </mesh>
    </geometry>
    <geometry id="REPERE_VISUEL_5mm_NON_BORDURE_068-mesh" name="REPERE_VISUEL_5mm_NON_BORDURE.068">
      <mesh>
        <source id="REPERE_VISUEL_5mm_NON_BORDURE_068-mesh-positions">
          <float_array id="REPERE_VISUEL_5mm_NON_BORDURE_068-mesh-positions-array" count="12">3.424374 3.239801 -0.01999998 4.438204 3.069134 0.15 4.437375 3.064204 0.15 3.423544 3.23487 -0.01999998</float_array>
          <technique_common>
            <accessor source="#REPERE_VISUEL_5mm_NON_BORDURE_068-mesh-positions-array" count="4" stride="3">
              <param name="X" type="float"/>
              <param name="Y" type="float"/>
              <param name="Z" type="float"/>
            </accessor>
          </technique_common>
        </source>
        <source id="REPERE_VISUEL_5mm_NON_BORDURE_068-mesh-normals">
          <float_array id="REPERE_VISUEL_5mm_NON_BORDURE_068-mesh-normals-array" count="6">0.1608747 -0.02708727 -0.9866031 0.1608772 -0.02707213 -0.986603</float_array>
          <technique_common>
            <accessor source="#REPERE_VISUEL_5mm_NON_BORDURE_068-mesh-normals-array" count="2" stride="3">
              <param name="X" type="float"/>
              <param name="Y" type="float"/>
              <param name="Z" type="float"/>
            </accessor>
          </technique_common>
        </source>
        <vertices id="REPERE_VISUEL_5mm_NON_BORDURE_068-mesh-vertices">
          <input semantic="POSITION" source="#REPERE_VISUEL_5mm_NON_BORDURE_068-mesh-positions"/>
        </vertices>
        <triangles material="Annotations_NON_METRIQUES_001-material" count="2">
          <input semantic="VERTEX" source="#REPERE_VISUEL_5mm_NON_BORDURE_068-mesh-vertices" offset="0"/>
          <input semantic="NORMAL" source="#REPERE_VISUEL_5mm_NON_BORDURE_068-mesh-normals" offset="1"/>
          <p>1 0 3 0 0 0 1 1 2 1 3 1</p>
        </triangles>
      </mesh>
    </geometry>
    <geometry id="REPERE_VISUEL_5mm_NON_BORDURE_067-mesh" name="REPERE_VISUEL_5mm_NON_BORDURE.067">
      <mesh>
        <source id="REPERE_VISUEL_5mm_NON_BORDURE_067-mesh-positions">
          <float_array id="REPERE_VISUEL_5mm_NON_BORDURE_067-mesh-positions-array" count="12">3.372982 3.137913 -0.55 3.42171 3.238426 -0.01999998 3.426209 3.236245 -0.01999998 3.377481 3.135732 -0.55</float_array>
          <technique_common>
            <accessor source="#REPERE_VISUEL_5mm_NON_BORDURE_067-mesh-positions-array" count="4" stride="3">
              <param name="X" type="float"/>
              <param name="Y" type="float"/>
              <param name="Z" type="float"/>
            </accessor>
          </technique_common>
        </source>
        <source id="REPERE_VISUEL_5mm_NON_BORDURE_067-mesh-normals">
          <float_array id="REPERE_VISUEL_5mm_NON_BORDURE_067-mesh-normals-array" count="6">0.4268543 0.8804919 -0.2062267 0.4268543 0.8804919 -0.2062267</float_array>
          <technique_common>
            <accessor source="#REPERE_VISUEL_5mm_NON_BORDURE_067-mesh-normals-array" count="2" stride="3">
              <param name="X" type="float"/>
              <param name="Y" type="float"/>
              <param name="Z" type="float"/>
            </accessor>
          </technique_common>
        </source>
        <vertices id="REPERE_VISUEL_5mm_NON_BORDURE_067-mesh-vertices">
          <input semantic="POSITION" source="#REPERE_VISUEL_5mm_NON_BORDURE_067-mesh-positions"/>
        </vertices>
        <triangles material="Annotations_NON_METRIQUES_001-material" count="2">
          <input semantic="VERTEX" source="#REPERE_VISUEL_5mm_NON_BORDURE_067-mesh-vertices" offset="0"/>
          <input semantic="NORMAL" source="#REPERE_VISUEL_5mm_NON_BORDURE_067-mesh-normals" offset="1"/>
          <p>1 0 3 0 0 0 1 1 2 1 3 1</p>
        </triangles>
      </mesh>
    </geometry>
    <geometry id="REPERE_VISUEL_5mm_NON_BORDURE_066-mesh" name="REPERE_VISUEL_5mm_NON_BORDURE.066">
      <mesh>
        <source id="REPERE_VISUEL_5mm_NON_BORDURE_066-mesh-positions">
          <float_array id="REPERE_VISUEL_5mm_NON_BORDURE_066-mesh-positions-array" count="12">3.219513 2.701399 -0.62 3.372873 3.137652 -0.55 3.37759 3.135994 -0.55 3.22423 2.69974 -0.62</float_array>
          <technique_common>
            <accessor source="#REPERE_VISUEL_5mm_NON_BORDURE_066-mesh-positions-array" count="4" stride="3">
              <param name="X" type="float"/>
              <param name="Y" type="float"/>
              <param name="Z" type="float"/>
            </accessor>
          </technique_common>
        </source>
        <source id="REPERE_VISUEL_5mm_NON_BORDURE_066-mesh-normals">
          <float_array id="REPERE_VISUEL_5mm_NON_BORDURE_066-mesh-normals-array" count="6">0.049645 0.1411978 -0.9887357 0.0496447 0.1411978 -0.9887359</float_array>
          <technique_common>
            <accessor source="#REPERE_VISUEL_5mm_NON_BORDURE_066-mesh-normals-array" count="2" stride="3">
              <param name="X" type="float"/>
              <param name="Y" type="float"/>
              <param name="Z" type="float"/>
            </accessor>
          </technique_common>
        </source>
        <vertices id="REPERE_VISUEL_5mm_NON_BORDURE_066-mesh-vertices">
          <input semantic="POSITION" source="#REPERE_VISUEL_5mm_NON_BORDURE_066-mesh-positions"/>
        </vertices>
        <triangles material="Annotations_NON_METRIQUES_001-material" count="2">
          <input semantic="VERTEX" source="#REPERE_VISUEL_5mm_NON_BORDURE_066-mesh-vertices" offset="0"/>
          <input semantic="NORMAL" source="#REPERE_VISUEL_5mm_NON_BORDURE_066-mesh-normals" offset="1"/>
          <p>0 0 2 0 3 0 0 1 1 1 2 1</p>
        </triangles>
      </mesh>
    </geometry>
    <geometry id="REPERE_VISUEL_5mm_NON_BORDURE_065-mesh" name="REPERE_VISUEL_5mm_NON_BORDURE.065">
      <mesh>
        <source id="REPERE_VISUEL_5mm_NON_BORDURE_065-mesh-positions">
          <float_array id="REPERE_VISUEL_5mm_NON_BORDURE_065-mesh-positions-array" count="12">2.411466 0.4778892 -0.56 3.219522 2.701423 -0.62 3.224221 2.699716 -0.62 2.416166 0.4761814 -0.56</float_array>
          <technique_common>
            <accessor source="#REPERE_VISUEL_5mm_NON_BORDURE_065-mesh-positions-array" count="4" stride="3">
              <param name="X" type="float"/>
              <param name="Y" type="float"/>
              <param name="Z" type="float"/>
            </accessor>
          </technique_common>
        </source>
        <source id="REPERE_VISUEL_5mm_NON_BORDURE_065-mesh-normals">
          <float_array id="REPERE_VISUEL_5mm_NON_BORDURE_065-mesh-normals-array" count="6">-0.00865966 -0.02382832 -0.9996785 -0.008658587 -0.02382874 -0.9996786</float_array>
          <technique_common>
            <accessor source="#REPERE_VISUEL_5mm_NON_BORDURE_065-mesh-normals-array" count="2" stride="3">
              <param name="X" type="float"/>
              <param name="Y" type="float"/>
              <param name="Z" type="float"/>
            </accessor>
          </technique_common>
        </source>
        <vertices id="REPERE_VISUEL_5mm_NON_BORDURE_065-mesh-vertices">
          <input semantic="POSITION" source="#REPERE_VISUEL_5mm_NON_BORDURE_065-mesh-positions"/>
        </vertices>
        <triangles material="Annotations_NON_METRIQUES_001-material" count="2">
          <input semantic="VERTEX" source="#REPERE_VISUEL_5mm_NON_BORDURE_065-mesh-vertices" offset="0"/>
          <input semantic="NORMAL" source="#REPERE_VISUEL_5mm_NON_BORDURE_065-mesh-normals" offset="1"/>
          <p>1 0 3 0 0 0 1 1 2 1 3 1</p>
        </triangles>
      </mesh>
    </geometry>
    <geometry id="REPERE_VISUEL_5mm_NON_BORDURE_064-mesh" name="REPERE_VISUEL_5mm_NON_BORDURE.064">
      <mesh>
        <source id="REPERE_VISUEL_5mm_NON_BORDURE_064-mesh-positions">
          <float_array id="REPERE_VISUEL_5mm_NON_BORDURE_064-mesh-positions-array" count="12">2.343955 0.4346578 -0.41 2.412455 0.4791321 -0.56 2.415177 0.4749385 -0.56 2.346678 0.4304642 -0.41</float_array>
          <technique_common>
            <accessor source="#REPERE_VISUEL_5mm_NON_BORDURE_064-mesh-positions-array" count="4" stride="3">
              <param name="X" type="float"/>
              <param name="Y" type="float"/>
              <param name="Z" type="float"/>
            </accessor>
          </technique_common>
        </source>
        <source id="REPERE_VISUEL_5mm_NON_BORDURE_064-mesh-normals">
          <float_array id="REPERE_VISUEL_5mm_NON_BORDURE_064-mesh-normals-array" count="6">-0.7366181 -0.4782566 -0.4781887 -0.736618 -0.4782567 -0.4781888</float_array>
          <technique_common>
            <accessor source="#REPERE_VISUEL_5mm_NON_BORDURE_064-mesh-normals-array" count="2" stride="3">
              <param name="X" type="float"/>
              <param name="Y" type="float"/>
              <param name="Z" type="float"/>
            </accessor>
          </technique_common>
        </source>
        <vertices id="REPERE_VISUEL_5mm_NON_BORDURE_064-mesh-vertices">
          <input semantic="POSITION" source="#REPERE_VISUEL_5mm_NON_BORDURE_064-mesh-positions"/>
        </vertices>
        <triangles material="Annotations_NON_METRIQUES_001-material" count="2">
          <input semantic="VERTEX" source="#REPERE_VISUEL_5mm_NON_BORDURE_064-mesh-vertices" offset="0"/>
          <input semantic="NORMAL" source="#REPERE_VISUEL_5mm_NON_BORDURE_064-mesh-normals" offset="1"/>
          <p>0 0 2 0 3 0 0 1 1 1 2 1</p>
        </triangles>
      </mesh>
    </geometry>
    <geometry id="REPERE_VISUEL_5mm_NON_BORDURE_063-mesh" name="REPERE_VISUEL_5mm_NON_BORDURE.063">
      <mesh>
        <source id="REPERE_VISUEL_5mm_NON_BORDURE_063-mesh-positions">
          <float_array id="REPERE_VISUEL_5mm_NON_BORDURE_063-mesh-positions-array" count="12">1.199116 0.002338707 -0.1899999 2.344433 0.4348998 -0.41 2.346199 0.4302222 -0.41 1.200883 -0.002338707 -0.1899999</float_array>
          <technique_common>
            <accessor source="#REPERE_VISUEL_5mm_NON_BORDURE_063-mesh-positions-array" count="4" stride="3">
              <param name="X" type="float"/>
              <param name="Y" type="float"/>
              <param name="Z" type="float"/>
            </accessor>
          </technique_common>
        </source>
        <source id="REPERE_VISUEL_5mm_NON_BORDURE_063-mesh-normals">
          <float_array id="REPERE_VISUEL_5mm_NON_BORDURE_063-mesh-normals-array" count="6">-0.1654564 -0.06249231 -0.9842352 -0.1654565 -0.06249207 -0.9842351</float_array>
          <technique_common>
            <accessor source="#REPERE_VISUEL_5mm_NON_BORDURE_063-mesh-normals-array" count="2" stride="3">
              <param name="X" type="float"/>
              <param name="Y" type="float"/>
              <param name="Z" type="float"/>
            </accessor>
          </technique_common>
        </source>
        <vertices id="REPERE_VISUEL_5mm_NON_BORDURE_063-mesh-vertices">
          <input semantic="POSITION" source="#REPERE_VISUEL_5mm_NON_BORDURE_063-mesh-positions"/>
        </vertices>
        <triangles material="Annotations_NON_METRIQUES_001-material" count="2">
          <input semantic="VERTEX" source="#REPERE_VISUEL_5mm_NON_BORDURE_063-mesh-vertices" offset="0"/>
          <input semantic="NORMAL" source="#REPERE_VISUEL_5mm_NON_BORDURE_063-mesh-normals" offset="1"/>
          <p>1 0 3 0 0 0 1 1 2 1 3 1</p>
        </triangles>
      </mesh>
    </geometry>
    <geometry id="REPERE_VISUEL_5mm_NON_BORDURE_062-mesh" name="REPERE_VISUEL_5mm_NON_BORDURE.062">
      <mesh>
        <source id="REPERE_VISUEL_5mm_NON_BORDURE_062-mesh-positions">
          <float_array id="REPERE_VISUEL_5mm_NON_BORDURE_062-mesh-positions-array" count="12">0 0.002499997 0 1.2 0.002499997 -0.1899999 1.2 -0.002499997 -0.1899999 0 -0.002499997 0</float_array>
          <technique_common>
            <accessor source="#REPERE_VISUEL_5mm_NON_BORDURE_062-mesh-positions-array" count="4" stride="3">
              <param name="X" type="float"/>
              <param name="Y" type="float"/>
              <param name="Z" type="float"/>
            </accessor>
          </technique_common>
        </source>
        <source id="REPERE_VISUEL_5mm_NON_BORDURE_062-mesh-normals">
          <float_array id="REPERE_VISUEL_5mm_NON_BORDURE_062-mesh-normals-array" count="6">-0.1563852 0 -0.9876961 -0.1563852 0 -0.9876961</float_array>
          <technique_common>
            <accessor source="#REPERE_VISUEL_5mm_NON_BORDURE_062-mesh-normals-array" count="2" stride="3">
              <param name="X" type="float"/>
              <param name="Y" type="float"/>
              <param name="Z" type="float"/>
            </accessor>
          </technique_common>
        </source>
        <vertices id="REPERE_VISUEL_5mm_NON_BORDURE_062-mesh-vertices">
          <input semantic="POSITION" source="#REPERE_VISUEL_5mm_NON_BORDURE_062-mesh-positions"/>
        </vertices>
        <triangles material="Annotations_NON_METRIQUES_001-material" count="2">
          <input semantic="VERTEX" source="#REPERE_VISUEL_5mm_NON_BORDURE_062-mesh-vertices" offset="0"/>
          <input semantic="NORMAL" source="#REPERE_VISUEL_5mm_NON_BORDURE_062-mesh-normals" offset="1"/>
          <p>1 0 3 0 0 0 1 1 2 1 3 1</p>
        </triangles>
      </mesh>
    </geometry>
    <geometry id="SURFACE_INTERPOLEE_NON_TERRAIN_Zone_escalier-mesh" name="SURFACE_INTERPOLEE_NON_TERRAIN_Zone escalier">
      <mesh>
        <source id="SURFACE_INTERPOLEE_NON_TERRAIN_Zone_escalier-mesh-positions">
          <float_array id="SURFACE_INTERPOLEE_NON_TERRAIN_Zone_escalier-mesh-positions-array" count="60">0 0 0 1.2 0 -0.1899999 2.345316 0.432561 -0.41 2.413816 0.4770353 -0.56 3.221872 2.70057 -0.62 3.375231 3.136823 -0.55 3.423959 3.237335 -0.01999998 4.437789 3.066669 0.15 4.324747 2.370092 0.24 4.314955 2.342339 0.18 4.289583 -0.05621016 0.17 3.116369 -0.9439508 0.23 2.389597 -0.920383 0.35 2.221179 -0.8670471 0.47 1.111844 -0.8734436 0.55 0.9857026 -0.8612374 0.7 -0.09649759 -0.9260437 0.79 -0.195138 -0.9421 0.92 -0.2610445 0.06578087 0.89 0 0 0</float_array>
          <technique_common>
            <accessor source="#SURFACE_INTERPOLEE_NON_TERRAIN_Zone_escalier-mesh-positions-array" count="20" stride="3">
              <param name="X" type="float"/>
              <param name="Y" type="float"/>
              <param name="Z" type="float"/>
            </accessor>
          </technique_common>
        </source>
        <source id="SURFACE_INTERPOLEE_NON_TERRAIN_Zone_escalier-mesh-normals">
          <float_array id="SURFACE_INTERPOLEE_NON_TERRAIN_Zone_escalier-mesh-normals-array" count="51">-0.1951721 -0.9601533 0.2000334 -0.5465314 0.05807703 0.8354224 -0.5660105 0.1953357 0.800922 -0.5567066 0.2238993 0.7999668 0.6313151 -0.7379956 0.2383352 -0.3626891 -4.88294e-5 0.9319102 0.1336343 0.9318577 0.3373177 -0.08044886 0.6128252 0.7861129 0.9585639 0.07089436 0.275915 0.1143946 0.6818494 0.7224924 -0.05594921 0.7948143 0.6042681 0.1984664 -0.9796609 0.02959299 0.0533834 0.3869654 0.9205476 0.1816144 -0.1013932 0.9781286 0.2317251 -0.2425708 0.9420525 0.01233273 -0.995738 0.09139901 0.04726183 -0.8864825 0.4603422</float_array>
          <technique_common>
            <accessor source="#SURFACE_INTERPOLEE_NON_TERRAIN_Zone_escalier-mesh-normals-array" count="17" stride="3">
              <param name="X" type="float"/>
              <param name="Y" type="float"/>
              <param name="Z" type="float"/>
            </accessor>
          </technique_common>
        </source>
        <vertices id="SURFACE_INTERPOLEE_NON_TERRAIN_Zone_escalier-mesh-vertices">
          <input semantic="POSITION" source="#SURFACE_INTERPOLEE_NON_TERRAIN_Zone_escalier-mesh-positions"/>
        </vertices>
        <triangles material="Zone_escalier_surface_INTERPOLEE-material" count="17">
          <input semantic="VERTEX" source="#SURFACE_INTERPOLEE_NON_TERRAIN_Zone_escalier-mesh-vertices" offset="0"/>
          <input semantic="NORMAL" source="#SURFACE_INTERPOLEE_NON_TERRAIN_Zone_escalier-mesh-normals" offset="1"/>
          <p>7 0 6 0 5 0 7 1 5 1 4 1 8 2 7 2 4 2 8 3 4 3 3 3 9 4 8 4 3 4 10 5 9 5 3 5 10 6 3 6 2 6 10 7 2 7 1 7 0 8 18 8 17 8 1 9 0 9 17 9 10 10 1 10 17 10 16 11 10 11 17 11 15 12 10 12 16 12 13 13 10 13 15 13 11 14 10 14 13 14 13 15 15 15 14 15 11 16 13 16 12 16</p>
        </triangles>
      </mesh>
    </geometry>
    <geometry id="CONTOUR_SOURCE_Zone_escalier_001-mesh" name="CONTOUR_SOURCE_Zone escalier.001">
      <mesh>
        <source id="CONTOUR_SOURCE_Zone_escalier_001-mesh-positions">
          <float_array id="CONTOUR_SOURCE_Zone_escalier_001-mesh-positions-array" count="60">0 0 0 1.2 0 -0.1899999 2.345316 0.432561 -0.41 2.413816 0.4770353 -0.56 3.221872 2.70057 -0.62 3.375231 3.136823 -0.55 3.423959 3.237335 -0.01999998 4.437789 3.066669 0.15 4.324747 2.370092 0.24 4.314955 2.342339 0.18 4.289583 -0.05621016 0.17 3.116369 -0.9439508 0.23 2.389597 -0.920383 0.35 2.221179 -0.8670471 0.47 1.111844 -0.8734436 0.55 0.9857026 -0.8612374 0.7 -0.09649759 -0.9260437 0.79 -0.195138 -0.9421 0.92 -0.2610445 0.06578087 0.89 0 0 0</float_array>
          <technique_common>
            <accessor source="#CONTOUR_SOURCE_Zone_escalier_001-mesh-positions-array" count="20" stride="3">
              <param name="X" type="float"/>
              <param name="Y" type="float"/>
              <param name="Z" type="float"/>
            </accessor>
          </technique_common>
        </source>
        <source id="CONTOUR_SOURCE_Zone_escalier_001-mesh-normals">
          <float_array id="CONTOUR_SOURCE_Zone_escalier_001-mesh-normals-array" count="0"/>
          <technique_common>
            <accessor source="#CONTOUR_SOURCE_Zone_escalier_001-mesh-normals-array" count="0" stride="3">
              <param name="X" type="float"/>
              <param name="Y" type="float"/>
              <param name="Z" type="float"/>
            </accessor>
          </technique_common>
        </source>
        <vertices id="CONTOUR_SOURCE_Zone_escalier_001-mesh-vertices">
          <input semantic="POSITION" source="#CONTOUR_SOURCE_Zone_escalier_001-mesh-positions"/>
        </vertices>
        <lines count="19">
          <input semantic="VERTEX" source="#CONTOUR_SOURCE_Zone_escalier_001-mesh-vertices" offset="0"/>
          <p>1 0 2 1 3 2 4 3 5 4 6 5 7 6 8 7 9 8 10 9 11 10 12 11 13 12 14 13 15 14 16 15 17 16 18 17 19 18</p>
        </lines>
      </mesh>
    </geometry>
    <geometry id="REPERE_VISUEL_5mm_NON_BORDURE_061-mesh" name="REPERE_VISUEL_5mm_NON_BORDURE.061">
      <mesh>
        <source id="REPERE_VISUEL_5mm_NON_BORDURE_061-mesh-positions">
          <float_array id="REPERE_VISUEL_5mm_NON_BORDURE_061-mesh-positions-array" count="12">0.01548117 0.3243299 0.01999998 0.002497971 -9.9966e-5 0 -0.002497971 9.9966e-5 0 0.01048517 0.3245298 0.01999998</float_array>
          <technique_common>
            <accessor source="#REPERE_VISUEL_5mm_NON_BORDURE_061-mesh-positions-array" count="4" stride="3">
              <param name="X" type="float"/>
              <param name="Y" type="float"/>
              <param name="Z" type="float"/>
            </accessor>
          </technique_common>
        </source>
        <source id="REPERE_VISUEL_5mm_NON_BORDURE_061-mesh-normals">
          <float_array id="REPERE_VISUEL_5mm_NON_BORDURE_061-mesh-normals-array" count="6">0.002458155 0.06143158 -0.9981083 0.002458393 0.06143158 -0.9981083</float_array>
          <technique_common>
            <accessor source="#REPERE_VISUEL_5mm_NON_BORDURE_061-mesh-normals-array" count="2" stride="3">
              <param name="X" type="float"/>
              <param name="Y" type="float"/>
              <param name="Z" type="float"/>
            </accessor>
          </technique_common>
        </source>
        <vertices id="REPERE_VISUEL_5mm_NON_BORDURE_061-mesh-vertices">
          <input semantic="POSITION" source="#REPERE_VISUEL_5mm_NON_BORDURE_061-mesh-positions"/>
        </vertices>
        <triangles material="Annotations_NON_METRIQUES_001-material" count="2">
          <input semantic="VERTEX" source="#REPERE_VISUEL_5mm_NON_BORDURE_061-mesh-vertices" offset="0"/>
          <input semantic="NORMAL" source="#REPERE_VISUEL_5mm_NON_BORDURE_061-mesh-normals" offset="1"/>
          <p>1 0 3 0 0 0 1 1 2 1 3 1</p>
        </triangles>
      </mesh>
    </geometry>
    <geometry id="REPERE_VISUEL_5mm_NON_BORDURE_060-mesh" name="REPERE_VISUEL_5mm_NON_BORDURE.060">
      <mesh>
        <source id="REPERE_VISUEL_5mm_NON_BORDURE_060-mesh-positions">
          <float_array id="REPERE_VISUEL_5mm_NON_BORDURE_060-mesh-positions-array" count="12">3.061025 0.433354 0.02999997 0.01307445 0.3219316 0.01999998 0.01289182 0.3269282 0.01999998 3.060842 0.4383507 0.02999997</float_array>
          <technique_common>
            <accessor source="#REPERE_VISUEL_5mm_NON_BORDURE_060-mesh-positions-array" count="4" stride="3">
              <param name="X" type="float"/>
              <param name="Y" type="float"/>
              <param name="Z" type="float"/>
            </accessor>
          </technique_common>
        </source>
        <source id="REPERE_VISUEL_5mm_NON_BORDURE_060-mesh-normals">
          <float_array id="REPERE_VISUEL_5mm_NON_BORDURE_060-mesh-normals-array" count="6">0.003276467 1.19698e-4 -0.9999946 0.003276467 1.19777e-4 -0.9999946</float_array>
          <technique_common>
            <accessor source="#REPERE_VISUEL_5mm_NON_BORDURE_060-mesh-normals-array" count="2" stride="3">
              <param name="X" type="float"/>
              <param name="Y" type="float"/>
              <param name="Z" type="float"/>
            </accessor>
          </technique_common>
        </source>
        <vertices id="REPERE_VISUEL_5mm_NON_BORDURE_060-mesh-vertices">
          <input semantic="POSITION" source="#REPERE_VISUEL_5mm_NON_BORDURE_060-mesh-positions"/>
        </vertices>
        <triangles material="Annotations_NON_METRIQUES_001-material" count="2">
          <input semantic="VERTEX" source="#REPERE_VISUEL_5mm_NON_BORDURE_060-mesh-vertices" offset="0"/>
          <input semantic="NORMAL" source="#REPERE_VISUEL_5mm_NON_BORDURE_060-mesh-normals" offset="1"/>
          <p>0 0 2 0 3 0 0 1 1 1 2 1</p>
        </triangles>
      </mesh>
    </geometry>
    <geometry id="REPERE_VISUEL_5mm_NON_BORDURE_059-mesh" name="REPERE_VISUEL_5mm_NON_BORDURE.059">
      <mesh>
        <source id="REPERE_VISUEL_5mm_NON_BORDURE_059-mesh-positions">
          <float_array id="REPERE_VISUEL_5mm_NON_BORDURE_059-mesh-positions-array" count="12">3.385175 0.5019067 0.03999996 3.061451 0.4334065 0.02999997 3.060416 0.4382982 0.02999997 3.38414 0.5067983 0.03999996</float_array>
          <technique_common>
            <accessor source="#REPERE_VISUEL_5mm_NON_BORDURE_059-mesh-positions-array" count="4" stride="3">
              <param name="X" type="float"/>
              <param name="Y" type="float"/>
              <param name="Z" type="float"/>
            </accessor>
          </technique_common>
        </source>
        <source id="REPERE_VISUEL_5mm_NON_BORDURE_059-mesh-normals">
          <float_array id="REPERE_VISUEL_5mm_NON_BORDURE_059-mesh-normals-array" count="6">0.02955299 0.006254255 -0.9995436 0.02955299 0.006254196 -0.9995437</float_array>
          <technique_common>
            <accessor source="#REPERE_VISUEL_5mm_NON_BORDURE_059-mesh-normals-array" count="2" stride="3">
              <param name="X" type="float"/>
              <param name="Y" type="float"/>
              <param name="Z" type="float"/>
            </accessor>
          </technique_common>
        </source>
        <vertices id="REPERE_VISUEL_5mm_NON_BORDURE_059-mesh-vertices">
          <input semantic="POSITION" source="#REPERE_VISUEL_5mm_NON_BORDURE_059-mesh-positions"/>
        </vertices>
        <triangles material="Annotations_NON_METRIQUES_001-material" count="2">
          <input semantic="VERTEX" source="#REPERE_VISUEL_5mm_NON_BORDURE_059-mesh-vertices" offset="0"/>
          <input semantic="NORMAL" source="#REPERE_VISUEL_5mm_NON_BORDURE_059-mesh-normals" offset="1"/>
          <p>1 0 3 0 0 0 1 1 2 1 3 1</p>
        </triangles>
      </mesh>
    </geometry>
    <geometry id="REPERE_VISUEL_5mm_NON_BORDURE_058-mesh" name="REPERE_VISUEL_5mm_NON_BORDURE.058">
      <mesh>
        <source id="REPERE_VISUEL_5mm_NON_BORDURE_058-mesh-positions">
          <float_array id="REPERE_VISUEL_5mm_NON_BORDURE_058-mesh-positions-array" count="12">5.405967 1.13268 0 3.385402 0.5019661 0.03999996 3.383913 0.506739 0.03999996 5.404478 1.137452 0</float_array>
          <technique_common>
            <accessor source="#REPERE_VISUEL_5mm_NON_BORDURE_058-mesh-positions-array" count="4" stride="3">
              <param name="X" type="float"/>
              <param name="Y" type="float"/>
              <param name="Z" type="float"/>
            </accessor>
          </technique_common>
        </source>
        <source id="REPERE_VISUEL_5mm_NON_BORDURE_058-mesh-normals">
          <float_array id="REPERE_VISUEL_5mm_NON_BORDURE_058-mesh-normals-array" count="6">-0.0180357 -0.00562942 -0.9998215 -0.01803576 -0.005629003 -0.9998215</float_array>
          <technique_common>
            <accessor source="#REPERE_VISUEL_5mm_NON_BORDURE_058-mesh-normals-array" count="2" stride="3">
              <param name="X" type="float"/>
              <param name="Y" type="float"/>
              <param name="Z" type="float"/>
            </accessor>
          </technique_common>
        </source>
        <vertices id="REPERE_VISUEL_5mm_NON_BORDURE_058-mesh-vertices">
          <input semantic="POSITION" source="#REPERE_VISUEL_5mm_NON_BORDURE_058-mesh-positions"/>
        </vertices>
        <triangles material="Annotations_NON_METRIQUES_001-material" count="2">
          <input semantic="VERTEX" source="#REPERE_VISUEL_5mm_NON_BORDURE_058-mesh-vertices" offset="0"/>
          <input semantic="NORMAL" source="#REPERE_VISUEL_5mm_NON_BORDURE_058-mesh-normals" offset="1"/>
          <p>0 0 2 0 3 0 0 1 1 1 2 1</p>
        </triangles>
      </mesh>
    </geometry>
    <geometry id="REPERE_VISUEL_5mm_NON_BORDURE_057-mesh" name="REPERE_VISUEL_5mm_NON_BORDURE.057">
      <mesh>
        <source id="REPERE_VISUEL_5mm_NON_BORDURE_057-mesh-positions">
          <float_array id="REPERE_VISUEL_5mm_NON_BORDURE_057-mesh-positions-array" count="12">7.234207 2.421455 0.01999998 5.406663 1.133023 0 5.403782 1.137109 0 7.231326 2.425541 0.01999998</float_array>
          <technique_common>
            <accessor source="#REPERE_VISUEL_5mm_NON_BORDURE_057-mesh-positions-array" count="4" stride="3">
              <param name="X" type="float"/>
              <param name="Y" type="float"/>
              <param name="Z" type="float"/>
            </accessor>
          </technique_common>
        </source>
        <source id="REPERE_VISUEL_5mm_NON_BORDURE_057-mesh-normals">
          <float_array id="REPERE_VISUEL_5mm_NON_BORDURE_057-mesh-normals-array" count="6">0.007309854 0.005153596 -0.99996 0.007309854 0.005153596 -0.99996</float_array>
          <technique_common>
            <accessor source="#REPERE_VISUEL_5mm_NON_BORDURE_057-mesh-normals-array" count="2" stride="3">
              <param name="X" type="float"/>
              <param name="Y" type="float"/>
              <param name="Z" type="float"/>
            </accessor>
          </technique_common>
        </source>
        <vertices id="REPERE_VISUEL_5mm_NON_BORDURE_057-mesh-vertices">
          <input semantic="POSITION" source="#REPERE_VISUEL_5mm_NON_BORDURE_057-mesh-positions"/>
        </vertices>
        <triangles material="Annotations_NON_METRIQUES_001-material" count="2">
          <input semantic="VERTEX" source="#REPERE_VISUEL_5mm_NON_BORDURE_057-mesh-vertices" offset="0"/>
          <input semantic="NORMAL" source="#REPERE_VISUEL_5mm_NON_BORDURE_057-mesh-normals" offset="1"/>
          <p>1 0 3 0 0 0 1 1 2 1 3 1</p>
        </triangles>
      </mesh>
    </geometry>
    <geometry id="REPERE_VISUEL_5mm_NON_BORDURE_056-mesh" name="REPERE_VISUEL_5mm_NON_BORDURE.056">
      <mesh>
        <source id="REPERE_VISUEL_5mm_NON_BORDURE_056-mesh-positions">
          <float_array id="REPERE_VISUEL_5mm_NON_BORDURE_056-mesh-positions-array" count="12">8.710955 5.275047 -0.68 7.234987 2.422349 0.01999998 7.230545 2.424647 0.01999998 8.706515 5.277344 -0.68</float_array>
          <technique_common>
            <accessor source="#REPERE_VISUEL_5mm_NON_BORDURE_056-mesh-positions-array" count="4" stride="3">
              <param name="X" type="float"/>
              <param name="Y" type="float"/>
              <param name="Z" type="float"/>
            </accessor>
          </technique_common>
        </source>
        <source id="REPERE_VISUEL_5mm_NON_BORDURE_056-mesh-normals">
          <float_array id="REPERE_VISUEL_5mm_NON_BORDURE_056-mesh-normals-array" count="6">-0.09785288 -0.1891254 -0.9770652 -0.09785234 -0.1891257 -0.9770652</float_array>
          <technique_common>
            <accessor source="#REPERE_VISUEL_5mm_NON_BORDURE_056-mesh-normals-array" count="2" stride="3">
              <param name="X" type="float"/>
              <param name="Y" type="float"/>
              <param name="Z" type="float"/>
            </accessor>
          </technique_common>
        </source>
        <vertices id="REPERE_VISUEL_5mm_NON_BORDURE_056-mesh-vertices">
          <input semantic="POSITION" source="#REPERE_VISUEL_5mm_NON_BORDURE_056-mesh-positions"/>
        </vertices>
        <triangles material="Annotations_NON_METRIQUES_001-material" count="2">
          <input semantic="VERTEX" source="#REPERE_VISUEL_5mm_NON_BORDURE_056-mesh-vertices" offset="0"/>
          <input semantic="NORMAL" source="#REPERE_VISUEL_5mm_NON_BORDURE_056-mesh-normals" offset="1"/>
          <p>1 0 3 0 0 0 1 1 2 1 3 1</p>
        </triangles>
      </mesh>
    </geometry>
    <geometry id="REPERE_VISUEL_5mm_NON_BORDURE_055-mesh" name="REPERE_VISUEL_5mm_NON_BORDURE.055">
      <mesh>
        <source id="REPERE_VISUEL_5mm_NON_BORDURE_055-mesh-positions">
          <float_array id="REPERE_VISUEL_5mm_NON_BORDURE_055-mesh-positions-array" count="12">8.907892 6.045448 -0.66 8.711157 5.275577 -0.68 8.706313 5.276814 -0.68 8.903047 6.046686 -0.66</float_array>
          <technique_common>
            <accessor source="#REPERE_VISUEL_5mm_NON_BORDURE_055-mesh-positions-array" count="4" stride="3">
              <param name="X" type="float"/>
              <param name="Y" type="float"/>
              <param name="Z" type="float"/>
            </accessor>
          </technique_common>
        </source>
        <source id="REPERE_VISUEL_5mm_NON_BORDURE_055-mesh-normals">
          <float_array id="REPERE_VISUEL_5mm_NON_BORDURE_055-mesh-normals-array" count="6">0.006228923 0.02437835 -0.9996834 0.006228923 0.02437835 -0.9996834</float_array>
          <technique_common>
            <accessor source="#REPERE_VISUEL_5mm_NON_BORDURE_055-mesh-normals-array" count="2" stride="3">
              <param name="X" type="float"/>
              <param name="Y" type="float"/>
              <param name="Z" type="float"/>
            </accessor>
          </technique_common>
        </source>
        <vertices id="REPERE_VISUEL_5mm_NON_BORDURE_055-mesh-vertices">
          <input semantic="POSITION" source="#REPERE_VISUEL_5mm_NON_BORDURE_055-mesh-positions"/>
        </vertices>
        <triangles material="Annotations_NON_METRIQUES_001-material" count="2">
          <input semantic="VERTEX" source="#REPERE_VISUEL_5mm_NON_BORDURE_055-mesh-vertices" offset="0"/>
          <input semantic="NORMAL" source="#REPERE_VISUEL_5mm_NON_BORDURE_055-mesh-normals" offset="1"/>
          <p>1 0 3 0 0 0 1 1 2 1 3 1</p>
        </triangles>
      </mesh>
    </geometry>
    <geometry id="REPERE_VISUEL_5mm_NON_BORDURE_054-mesh" name="REPERE_VISUEL_5mm_NON_BORDURE.054">
      <mesh>
        <source id="REPERE_VISUEL_5mm_NON_BORDURE_054-mesh-positions">
          <float_array id="REPERE_VISUEL_5mm_NON_BORDURE_054-mesh-positions-array" count="12">8.864983 10.10445 -0.6 8.907969 6.046093 -0.66 8.90297 6.04604 -0.66 8.859984 10.1044 -0.6</float_array>
          <technique_common>
            <accessor source="#REPERE_VISUEL_5mm_NON_BORDURE_054-mesh-positions-array" count="4" stride="3">
              <param name="X" type="float"/>
              <param name="Y" type="float"/>
              <param name="Z" type="float"/>
            </accessor>
          </technique_common>
        </source>
        <source id="REPERE_VISUEL_5mm_NON_BORDURE_054-mesh-normals">
          <float_array id="REPERE_VISUEL_5mm_NON_BORDURE_054-mesh-normals-array" count="6">-1.57905e-4 0.01478099 -0.9998907 -1.57905e-4 0.01478099 -0.9998907</float_array>
          <technique_common>
            <accessor source="#REPERE_VISUEL_5mm_NON_BORDURE_054-mesh-normals-array" count="2" stride="3">
              <param name="X" type="float"/>
              <param name="Y" type="float"/>
              <param name="Z" type="float"/>
            </accessor>
          </technique_common>
        </source>
        <vertices id="REPERE_VISUEL_5mm_NON_BORDURE_054-mesh-vertices">
          <input semantic="POSITION" source="#REPERE_VISUEL_5mm_NON_BORDURE_054-mesh-positions"/>
        </vertices>
        <triangles material="Annotations_NON_METRIQUES_001-material" count="2">
          <input semantic="VERTEX" source="#REPERE_VISUEL_5mm_NON_BORDURE_054-mesh-vertices" offset="0"/>
          <input semantic="NORMAL" source="#REPERE_VISUEL_5mm_NON_BORDURE_054-mesh-normals" offset="1"/>
          <p>1 0 3 0 0 0 1 1 2 1 3 1</p>
        </triangles>
      </mesh>
    </geometry>
    <geometry id="REPERE_VISUEL_5mm_NON_BORDURE_053-mesh" name="REPERE_VISUEL_5mm_NON_BORDURE.053">
      <mesh>
        <source id="REPERE_VISUEL_5mm_NON_BORDURE_053-mesh-positions">
          <float_array id="REPERE_VISUEL_5mm_NON_BORDURE_053-mesh-positions-array" count="12">12.40651 10.11537 -0.61 8.862493 10.10193 -0.6 8.862474 10.10693 -0.6 12.40649 10.12037 -0.61</float_array>
          <technique_common>
            <accessor source="#REPERE_VISUEL_5mm_NON_BORDURE_053-mesh-positions-array" count="4" stride="3">
              <param name="X" type="float"/>
              <param name="Y" type="float"/>
              <param name="Z" type="float"/>
            </accessor>
          </technique_common>
        </source>
        <source id="REPERE_VISUEL_5mm_NON_BORDURE_053-mesh-normals">
          <float_array id="REPERE_VISUEL_5mm_NON_BORDURE_053-mesh-normals-array" count="6">-0.002821564 -1.07654e-5 -0.999996 -0.002821564 -1.07654e-5 -0.999996</float_array>
          <technique_common>
            <accessor source="#REPERE_VISUEL_5mm_NON_BORDURE_053-mesh-normals-array" count="2" stride="3">
              <param name="X" type="float"/>
              <param name="Y" type="float"/>
              <param name="Z" type="float"/>
            </accessor>
          </technique_common>
        </source>
        <vertices id="REPERE_VISUEL_5mm_NON_BORDURE_053-mesh-vertices">
          <input semantic="POSITION" source="#REPERE_VISUEL_5mm_NON_BORDURE_053-mesh-positions"/>
        </vertices>
        <triangles material="Annotations_NON_METRIQUES_001-material" count="2">
          <input semantic="VERTEX" source="#REPERE_VISUEL_5mm_NON_BORDURE_053-mesh-vertices" offset="0"/>
          <input semantic="NORMAL" source="#REPERE_VISUEL_5mm_NON_BORDURE_053-mesh-normals" offset="1"/>
          <p>1 0 3 0 0 0 1 1 2 1 3 1</p>
        </triangles>
      </mesh>
    </geometry>
    <geometry id="REPERE_VISUEL_5mm_NON_BORDURE_052-mesh" name="REPERE_VISUEL_5mm_NON_BORDURE.052">
      <mesh>
        <source id="REPERE_VISUEL_5mm_NON_BORDURE_052-mesh-positions">
          <float_array id="REPERE_VISUEL_5mm_NON_BORDURE_052-mesh-positions-array" count="12">12.40406 10.11394 -0.61 12.404 10.11783 -0.61 12.409 10.11791 -0.61 12.40906 10.11401 -0.61</float_array>
          <technique_common>
            <accessor source="#REPERE_VISUEL_5mm_NON_BORDURE_052-mesh-positions-array" count="4" stride="3">
              <param name="X" type="float"/>
              <param name="Y" type="float"/>
              <param name="Z" type="float"/>
            </accessor>
          </technique_common>
        </source>
        <source id="REPERE_VISUEL_5mm_NON_BORDURE_052-mesh-normals">
          <float_array id="REPERE_VISUEL_5mm_NON_BORDURE_052-mesh-normals-array" count="6">0 0 -1 0 0 -1</float_array>
          <technique_common>
            <accessor source="#REPERE_VISUEL_5mm_NON_BORDURE_052-mesh-normals-array" count="2" stride="3">
              <param name="X" type="float"/>
              <param name="Y" type="float"/>
              <param name="Z" type="float"/>
            </accessor>
          </technique_common>
        </source>
        <vertices id="REPERE_VISUEL_5mm_NON_BORDURE_052-mesh-vertices">
          <input semantic="POSITION" source="#REPERE_VISUEL_5mm_NON_BORDURE_052-mesh-positions"/>
        </vertices>
        <triangles material="Annotations_NON_METRIQUES_001-material" count="2">
          <input semantic="VERTEX" source="#REPERE_VISUEL_5mm_NON_BORDURE_052-mesh-vertices" offset="0"/>
          <input semantic="NORMAL" source="#REPERE_VISUEL_5mm_NON_BORDURE_052-mesh-normals" offset="1"/>
          <p>1 0 3 0 0 0 1 1 2 1 3 1</p>
        </triangles>
      </mesh>
    </geometry>
    <geometry id="REPERE_VISUEL_5mm_NON_BORDURE_051-mesh" name="REPERE_VISUEL_5mm_NON_BORDURE.051">
      <mesh>
        <source id="REPERE_VISUEL_5mm_NON_BORDURE_051-mesh-positions">
          <float_array id="REPERE_VISUEL_5mm_NON_BORDURE_051-mesh-positions-array" count="12">13.10962 9.976146 -0.56 12.40608 10.11152 -0.61 12.40703 10.11643 -0.61 13.11057 9.981056 -0.56</float_array>
          <technique_common>
            <accessor source="#REPERE_VISUEL_5mm_NON_BORDURE_051-mesh-positions-array" count="4" stride="3">
              <param name="X" type="float"/>
              <param name="Y" type="float"/>
              <param name="Z" type="float"/>
            </accessor>
          </technique_common>
        </source>
        <source id="REPERE_VISUEL_5mm_NON_BORDURE_051-mesh-normals">
          <float_array id="REPERE_VISUEL_5mm_NON_BORDURE_051-mesh-normals-array" count="6">0.06836694 -0.01314747 -0.9975736 0.06836694 -0.01314747 -0.9975736</float_array>
          <technique_common>
            <accessor source="#REPERE_VISUEL_5mm_NON_BORDURE_051-mesh-normals-array" count="2" stride="3">
              <param name="X" type="float"/>
              <param name="Y" type="float"/>
              <param name="Z" type="float"/>
            </accessor>
          </technique_common>
        </source>
        <vertices id="REPERE_VISUEL_5mm_NON_BORDURE_051-mesh-vertices">
          <input semantic="POSITION" source="#REPERE_VISUEL_5mm_NON_BORDURE_051-mesh-positions"/>
        </vertices>
        <triangles material="Annotations_NON_METRIQUES_001-material" count="2">
          <input semantic="VERTEX" source="#REPERE_VISUEL_5mm_NON_BORDURE_051-mesh-vertices" offset="0"/>
          <input semantic="NORMAL" source="#REPERE_VISUEL_5mm_NON_BORDURE_051-mesh-normals" offset="1"/>
          <p>1 0 3 0 0 0 1 1 2 1 3 1</p>
        </triangles>
      </mesh>
    </geometry>
    <geometry id="REPERE_VISUEL_5mm_NON_BORDURE_050-mesh" name="REPERE_VISUEL_5mm_NON_BORDURE.050">
      <mesh>
        <source id="REPERE_VISUEL_5mm_NON_BORDURE_050-mesh-positions">
          <float_array id="REPERE_VISUEL_5mm_NON_BORDURE_050-mesh-positions-array" count="12">13.12221 6.066055 -0.59 13.1076 9.978591 -0.56 13.1126 9.97861 -0.56 13.12721 6.066074 -0.59</float_array>
          <technique_common>
            <accessor source="#REPERE_VISUEL_5mm_NON_BORDURE_050-mesh-positions-array" count="4" stride="3">
              <param name="X" type="float"/>
              <param name="Y" type="float"/>
              <param name="Z" type="float"/>
            </accessor>
          </technique_common>
        </source>
        <source id="REPERE_VISUEL_5mm_NON_BORDURE_050-mesh-normals">
          <float_array id="REPERE_VISUEL_5mm_NON_BORDURE_050-mesh-normals-array" count="6">-2.92534e-5 0.007667303 -0.9999706 -2.92534e-5 0.007667303 -0.9999706</float_array>
          <technique_common>
            <accessor source="#REPERE_VISUEL_5mm_NON_BORDURE_050-mesh-normals-array" count="2" stride="3">
              <param name="X" type="float"/>
              <param name="Y" type="float"/>
              <param name="Z" type="float"/>
            </accessor>
          </technique_common>
        </source>
        <vertices id="REPERE_VISUEL_5mm_NON_BORDURE_050-mesh-vertices">
          <input semantic="POSITION" source="#REPERE_VISUEL_5mm_NON_BORDURE_050-mesh-positions"/>
        </vertices>
        <triangles material="Annotations_NON_METRIQUES_001-material" count="2">
          <input semantic="VERTEX" source="#REPERE_VISUEL_5mm_NON_BORDURE_050-mesh-vertices" offset="0"/>
          <input semantic="NORMAL" source="#REPERE_VISUEL_5mm_NON_BORDURE_050-mesh-normals" offset="1"/>
          <p>1 0 3 0 0 0 1 1 2 1 3 1</p>
        </triangles>
      </mesh>
    </geometry>
    <geometry id="REPERE_VISUEL_5mm_NON_BORDURE_049-mesh" name="REPERE_VISUEL_5mm_NON_BORDURE.049">
      <mesh>
        <source id="REPERE_VISUEL_5mm_NON_BORDURE_049-mesh-positions">
          <float_array id="REPERE_VISUEL_5mm_NON_BORDURE_049-mesh-positions-array" count="12">13.12403 6.068472 -0.59 13.12414 6.0685 -0.59 13.12527 6.063629 -0.59 13.12515 6.063601 -0.59</float_array>
          <technique_common>
            <accessor source="#REPERE_VISUEL_5mm_NON_BORDURE_049-mesh-positions-array" count="4" stride="3">
              <param name="X" type="float"/>
              <param name="Y" type="float"/>
              <param name="Z" type="float"/>
            </accessor>
          </technique_common>
        </source>
        <source id="REPERE_VISUEL_5mm_NON_BORDURE_049-mesh-normals">
          <float_array id="REPERE_VISUEL_5mm_NON_BORDURE_049-mesh-normals-array" count="6">0 0 -1 0 0 -1</float_array>
          <technique_common>
            <accessor source="#REPERE_VISUEL_5mm_NON_BORDURE_049-mesh-normals-array" count="2" stride="3">
              <param name="X" type="float"/>
              <param name="Y" type="float"/>
              <param name="Z" type="float"/>
            </accessor>
          </technique_common>
        </source>
        <vertices id="REPERE_VISUEL_5mm_NON_BORDURE_049-mesh-vertices">
          <input semantic="POSITION" source="#REPERE_VISUEL_5mm_NON_BORDURE_049-mesh-positions"/>
        </vertices>
        <triangles material="Annotations_NON_METRIQUES_001-material" count="2">
          <input semantic="VERTEX" source="#REPERE_VISUEL_5mm_NON_BORDURE_049-mesh-vertices" offset="0"/>
          <input semantic="NORMAL" source="#REPERE_VISUEL_5mm_NON_BORDURE_049-mesh-normals" offset="1"/>
          <p>0 0 2 0 3 0 0 1 1 1 2 1</p>
        </triangles>
      </mesh>
    </geometry>
    <geometry id="REPERE_VISUEL_5mm_NON_BORDURE_048-mesh" name="REPERE_VISUEL_5mm_NON_BORDURE.048">
      <mesh>
        <source id="REPERE_VISUEL_5mm_NON_BORDURE_048-mesh-positions">
          <float_array id="REPERE_VISUEL_5mm_NON_BORDURE_048-mesh-positions-array" count="12">13.60899 5.991371 -0.6 13.12422 6.063564 -0.59 13.12496 6.06851 -0.59 13.60973 5.996316 -0.6</float_array>
          <technique_common>
            <accessor source="#REPERE_VISUEL_5mm_NON_BORDURE_048-mesh-positions-array" count="4" stride="3">
              <param name="X" type="float"/>
              <param name="Y" type="float"/>
              <param name="Z" type="float"/>
            </accessor>
          </technique_common>
        </source>
        <source id="REPERE_VISUEL_5mm_NON_BORDURE_048-mesh-normals">
          <float_array id="REPERE_VISUEL_5mm_NON_BORDURE_048-mesh-normals-array" count="6">-0.02017682 0.003003537 -0.9997919 -0.02017682 0.003003537 -0.9997919</float_array>
          <technique_common>
            <accessor source="#REPERE_VISUEL_5mm_NON_BORDURE_048-mesh-normals-array" count="2" stride="3">
              <param name="X" type="float"/>
              <param name="Y" type="float"/>
              <param name="Z" type="float"/>
            </accessor>
          </technique_common>
        </source>
        <vertices id="REPERE_VISUEL_5mm_NON_BORDURE_048-mesh-vertices">
          <input semantic="POSITION" source="#REPERE_VISUEL_5mm_NON_BORDURE_048-mesh-positions"/>
        </vertices>
        <triangles material="Annotations_NON_METRIQUES_001-material" count="2">
          <input semantic="VERTEX" source="#REPERE_VISUEL_5mm_NON_BORDURE_048-mesh-vertices" offset="0"/>
          <input semantic="NORMAL" source="#REPERE_VISUEL_5mm_NON_BORDURE_048-mesh-normals" offset="1"/>
          <p>1 0 3 0 0 0 1 1 2 1 3 1</p>
        </triangles>
      </mesh>
    </geometry>
    <geometry id="REPERE_VISUEL_5mm_NON_BORDURE_047-mesh" name="REPERE_VISUEL_5mm_NON_BORDURE.047">
      <mesh>
        <source id="REPERE_VISUEL_5mm_NON_BORDURE_047-mesh-positions">
          <float_array id="REPERE_VISUEL_5mm_NON_BORDURE_047-mesh-positions-array" count="12">13.68239 5.162014 -0.58 13.60687 5.993618 -0.6 13.61185 5.99407 -0.6 13.68737 5.162466 -0.58</float_array>
          <technique_common>
            <accessor source="#REPERE_VISUEL_5mm_NON_BORDURE_047-mesh-positions-array" count="4" stride="3">
              <param name="X" type="float"/>
              <param name="Y" type="float"/>
              <param name="Z" type="float"/>
            </accessor>
          </technique_common>
        </source>
        <source id="REPERE_VISUEL_5mm_NON_BORDURE_047-mesh-normals">
          <float_array id="REPERE_VISUEL_5mm_NON_BORDURE_047-mesh-normals-array" count="6">0.002164602 -0.02384644 -0.9997133 0.002164483 -0.02384644 -0.9997133</float_array>
          <technique_common>
            <accessor source="#REPERE_VISUEL_5mm_NON_BORDURE_047-mesh-normals-array" count="2" stride="3">
              <param name="X" type="float"/>
              <param name="Y" type="float"/>
              <param name="Z" type="float"/>
            </accessor>
          </technique_common>
        </source>
        <vertices id="REPERE_VISUEL_5mm_NON_BORDURE_047-mesh-vertices">
          <input semantic="POSITION" source="#REPERE_VISUEL_5mm_NON_BORDURE_047-mesh-positions"/>
        </vertices>
        <triangles material="Annotations_NON_METRIQUES_001-material" count="2">
          <input semantic="VERTEX" source="#REPERE_VISUEL_5mm_NON_BORDURE_047-mesh-vertices" offset="0"/>
          <input semantic="NORMAL" source="#REPERE_VISUEL_5mm_NON_BORDURE_047-mesh-normals" offset="1"/>
          <p>0 0 2 0 3 0 0 1 1 1 2 1</p>
        </triangles>
      </mesh>
    </geometry>
    <geometry id="REPERE_VISUEL_5mm_NON_BORDURE_046-mesh" name="REPERE_VISUEL_5mm_NON_BORDURE.046">
      <mesh>
        <source id="REPERE_VISUEL_5mm_NON_BORDURE_046-mesh-positions">
          <float_array id="REPERE_VISUEL_5mm_NON_BORDURE_046-mesh-positions-array" count="12">11.09469 5.140256 -0.51 13.68486 5.16474 -0.58 13.68491 5.159739 -0.58 11.09474 5.135256 -0.51</float_array>
          <technique_common>
            <accessor source="#REPERE_VISUEL_5mm_NON_BORDURE_046-mesh-positions-array" count="4" stride="3">
              <param name="X" type="float"/>
              <param name="Y" type="float"/>
              <param name="Z" type="float"/>
            </accessor>
          </technique_common>
        </source>
        <source id="REPERE_VISUEL_5mm_NON_BORDURE_046-mesh-normals">
          <float_array id="REPERE_VISUEL_5mm_NON_BORDURE_046-mesh-normals-array" count="6">-0.027013 -2.5761e-4 -0.9996351 -0.027013 -2.5761e-4 -0.9996351</float_array>
          <technique_common>
            <accessor source="#REPERE_VISUEL_5mm_NON_BORDURE_046-mesh-normals-array" count="2" stride="3">
              <param name="X" type="float"/>
              <param name="Y" type="float"/>
              <param name="Z" type="float"/>
            </accessor>
          </technique_common>
        </source>
        <vertices id="REPERE_VISUEL_5mm_NON_BORDURE_046-mesh-vertices">
          <input semantic="POSITION" source="#REPERE_VISUEL_5mm_NON_BORDURE_046-mesh-positions"/>
        </vertices>
        <triangles material="Annotations_NON_METRIQUES_001-material" count="2">
          <input semantic="VERTEX" source="#REPERE_VISUEL_5mm_NON_BORDURE_046-mesh-vertices" offset="0"/>
          <input semantic="NORMAL" source="#REPERE_VISUEL_5mm_NON_BORDURE_046-mesh-normals" offset="1"/>
          <p>1 0 3 0 0 0 1 1 2 1 3 1</p>
        </triangles>
      </mesh>
    </geometry>
    <geometry id="REPERE_VISUEL_5mm_NON_BORDURE_045-mesh" name="REPERE_VISUEL_5mm_NON_BORDURE.045">
      <mesh>
        <source id="REPERE_VISUEL_5mm_NON_BORDURE_045-mesh-positions">
          <float_array id="REPERE_VISUEL_5mm_NON_BORDURE_045-mesh-positions-array" count="12">11.10646 3.557283 -0.51 11.09222 5.137734 -0.51 11.09722 5.137779 -0.51 11.11146 3.557328 -0.51</float_array>
          <technique_common>
            <accessor source="#REPERE_VISUEL_5mm_NON_BORDURE_045-mesh-positions-array" count="4" stride="3">
              <param name="X" type="float"/>
              <param name="Y" type="float"/>
              <param name="Z" type="float"/>
            </accessor>
          </technique_common>
        </source>
        <source id="REPERE_VISUEL_5mm_NON_BORDURE_045-mesh-normals">
          <float_array id="REPERE_VISUEL_5mm_NON_BORDURE_045-mesh-normals-array" count="6">0 0 -1 0 0 -1</float_array>
          <technique_common>
            <accessor source="#REPERE_VISUEL_5mm_NON_BORDURE_045-mesh-normals-array" count="2" stride="3">
              <param name="X" type="float"/>
              <param name="Y" type="float"/>
              <param name="Z" type="float"/>
            </accessor>
          </technique_common>
        </source>
        <vertices id="REPERE_VISUEL_5mm_NON_BORDURE_045-mesh-vertices">
          <input semantic="POSITION" source="#REPERE_VISUEL_5mm_NON_BORDURE_045-mesh-positions"/>
        </vertices>
        <triangles material="Annotations_NON_METRIQUES_001-material" count="2">
          <input semantic="VERTEX" source="#REPERE_VISUEL_5mm_NON_BORDURE_045-mesh-vertices" offset="0"/>
          <input semantic="NORMAL" source="#REPERE_VISUEL_5mm_NON_BORDURE_045-mesh-normals" offset="1"/>
          <p>0 0 2 0 3 0 0 1 1 1 2 1</p>
        </triangles>
      </mesh>
    </geometry>
    <geometry id="REPERE_VISUEL_5mm_NON_BORDURE_044-mesh" name="REPERE_VISUEL_5mm_NON_BORDURE.044">
      <mesh>
        <source id="REPERE_VISUEL_5mm_NON_BORDURE_044-mesh-positions">
          <float_array id="REPERE_VISUEL_5mm_NON_BORDURE_044-mesh-positions-array" count="12">10.18425 3.559079 -0.48 11.10896 3.559805 -0.51 11.10896 3.554805 -0.51 10.18426 3.554079 -0.48</float_array>
          <technique_common>
            <accessor source="#REPERE_VISUEL_5mm_NON_BORDURE_044-mesh-positions-array" count="4" stride="3">
              <param name="X" type="float"/>
              <param name="Y" type="float"/>
              <param name="Z" type="float"/>
            </accessor>
          </technique_common>
        </source>
        <source id="REPERE_VISUEL_5mm_NON_BORDURE_044-mesh-normals">
          <float_array id="REPERE_VISUEL_5mm_NON_BORDURE_044-mesh-normals-array" count="6">-0.0324257 -2.45612e-5 -0.9994742 -0.0324257 -2.47383e-5 -0.9994742</float_array>
          <technique_common>
            <accessor source="#REPERE_VISUEL_5mm_NON_BORDURE_044-mesh-normals-array" count="2" stride="3">
              <param name="X" type="float"/>
              <param name="Y" type="float"/>
              <param name="Z" type="float"/>
            </accessor>
          </technique_common>
        </source>
        <vertices id="REPERE_VISUEL_5mm_NON_BORDURE_044-mesh-vertices">
          <input semantic="POSITION" source="#REPERE_VISUEL_5mm_NON_BORDURE_044-mesh-positions"/>
        </vertices>
        <triangles material="Annotations_NON_METRIQUES_001-material" count="2">
          <input semantic="VERTEX" source="#REPERE_VISUEL_5mm_NON_BORDURE_044-mesh-vertices" offset="0"/>
          <input semantic="NORMAL" source="#REPERE_VISUEL_5mm_NON_BORDURE_044-mesh-normals" offset="1"/>
          <p>0 0 2 0 3 0 0 1 1 1 2 1</p>
        </triangles>
      </mesh>
    </geometry>
    <geometry id="REPERE_VISUEL_5mm_NON_BORDURE_043-mesh" name="REPERE_VISUEL_5mm_NON_BORDURE.043">
      <mesh>
        <source id="REPERE_VISUEL_5mm_NON_BORDURE_043-mesh-positions">
          <float_array id="REPERE_VISUEL_5mm_NON_BORDURE_043-mesh-positions-array" count="12">10.17097 3.078243 -0.48 10.18175 3.556635 -0.48 10.18675 3.556522 -0.48 10.17597 3.07813 -0.48</float_array>
          <technique_common>
            <accessor source="#REPERE_VISUEL_5mm_NON_BORDURE_043-mesh-positions-array" count="4" stride="3">
              <param name="X" type="float"/>
              <param name="Y" type="float"/>
              <param name="Z" type="float"/>
            </accessor>
          </technique_common>
        </source>
        <source id="REPERE_VISUEL_5mm_NON_BORDURE_043-mesh-normals">
          <float_array id="REPERE_VISUEL_5mm_NON_BORDURE_043-mesh-normals-array" count="6">0 0 -1 0 0 -1</float_array>
          <technique_common>
            <accessor source="#REPERE_VISUEL_5mm_NON_BORDURE_043-mesh-normals-array" count="2" stride="3">
              <param name="X" type="float"/>
              <param name="Y" type="float"/>
              <param name="Z" type="float"/>
            </accessor>
          </technique_common>
        </source>
        <vertices id="REPERE_VISUEL_5mm_NON_BORDURE_043-mesh-vertices">
          <input semantic="POSITION" source="#REPERE_VISUEL_5mm_NON_BORDURE_043-mesh-positions"/>
        </vertices>
        <triangles material="Annotations_NON_METRIQUES_001-material" count="2">
          <input semantic="VERTEX" source="#REPERE_VISUEL_5mm_NON_BORDURE_043-mesh-vertices" offset="0"/>
          <input semantic="NORMAL" source="#REPERE_VISUEL_5mm_NON_BORDURE_043-mesh-normals" offset="1"/>
          <p>1 0 3 0 0 0 1 1 2 1 3 1</p>
        </triangles>
      </mesh>
    </geometry>
    <geometry id="REPERE_VISUEL_5mm_NON_BORDURE_042-mesh" name="REPERE_VISUEL_5mm_NON_BORDURE.042">
      <mesh>
        <source id="REPERE_VISUEL_5mm_NON_BORDURE_042-mesh-positions">
          <float_array id="REPERE_VISUEL_5mm_NON_BORDURE_042-mesh-positions-array" count="12">10.18223 1.545089 -0.45 10.17097 3.078168 -0.48 10.17597 3.078205 -0.48 10.18723 1.545126 -0.45</float_array>
          <technique_common>
            <accessor source="#REPERE_VISUEL_5mm_NON_BORDURE_042-mesh-positions-array" count="4" stride="3">
              <param name="X" type="float"/>
              <param name="Y" type="float"/>
              <param name="Z" type="float"/>
            </accessor>
          </technique_common>
        </source>
        <source id="REPERE_VISUEL_5mm_NON_BORDURE_042-mesh-normals">
          <float_array id="REPERE_VISUEL_5mm_NON_BORDURE_042-mesh-normals-array" count="6">1.43686e-4 -0.01956361 -0.9998086 1.43686e-4 -0.01956361 -0.9998086</float_array>
          <technique_common>
            <accessor source="#REPERE_VISUEL_5mm_NON_BORDURE_042-mesh-normals-array" count="2" stride="3">
              <param name="X" type="float"/>
              <param name="Y" type="float"/>
              <param name="Z" type="float"/>
            </accessor>
          </technique_common>
        </source>
        <vertices id="REPERE_VISUEL_5mm_NON_BORDURE_042-mesh-vertices">
          <input semantic="POSITION" source="#REPERE_VISUEL_5mm_NON_BORDURE_042-mesh-positions"/>
        </vertices>
        <triangles material="Annotations_NON_METRIQUES_001-material" count="2">
          <input semantic="VERTEX" source="#REPERE_VISUEL_5mm_NON_BORDURE_042-mesh-vertices" offset="0"/>
          <input semantic="NORMAL" source="#REPERE_VISUEL_5mm_NON_BORDURE_042-mesh-normals" offset="1"/>
          <p>1 0 3 0 0 0 1 1 2 1 3 1</p>
        </triangles>
      </mesh>
    </geometry>
    <geometry id="REPERE_VISUEL_5mm_NON_BORDURE_041-mesh" name="REPERE_VISUEL_5mm_NON_BORDURE.041">
      <mesh>
        <source id="REPERE_VISUEL_5mm_NON_BORDURE_041-mesh-positions">
          <float_array id="REPERE_VISUEL_5mm_NON_BORDURE_041-mesh-positions-array" count="12">10.2079 1.102561 -0.43 10.18224 1.544963 -0.45 10.18723 1.545252 -0.45 10.21289 1.10285 -0.43</float_array>
          <technique_common>
            <accessor source="#REPERE_VISUEL_5mm_NON_BORDURE_041-mesh-positions-array" count="4" stride="3">
              <param name="X" type="float"/>
              <param name="Y" type="float"/>
              <param name="Z" type="float"/>
            </accessor>
          </technique_common>
        </source>
        <source id="REPERE_VISUEL_5mm_NON_BORDURE_041-mesh-normals">
          <float_array id="REPERE_VISUEL_5mm_NON_BORDURE_041-mesh-normals-array" count="6">0.002610087 -0.04501032 -0.9989832 0.002609968 -0.04501032 -0.9989831</float_array>
          <technique_common>
            <accessor source="#REPERE_VISUEL_5mm_NON_BORDURE_041-mesh-normals-array" count="2" stride="3">
              <param name="X" type="float"/>
              <param name="Y" type="float"/>
              <param name="Z" type="float"/>
            </accessor>
          </technique_common>
        </source>
        <vertices id="REPERE_VISUEL_5mm_NON_BORDURE_041-mesh-vertices">
          <input semantic="POSITION" source="#REPERE_VISUEL_5mm_NON_BORDURE_041-mesh-positions"/>
        </vertices>
        <triangles material="Annotations_NON_METRIQUES_001-material" count="2">
          <input semantic="VERTEX" source="#REPERE_VISUEL_5mm_NON_BORDURE_041-mesh-vertices" offset="0"/>
          <input semantic="NORMAL" source="#REPERE_VISUEL_5mm_NON_BORDURE_041-mesh-normals" offset="1"/>
          <p>0 0 2 0 3 0 0 1 1 1 2 1</p>
        </triangles>
      </mesh>
    </geometry>
    <geometry id="REPERE_VISUEL_5mm_NON_BORDURE_040-mesh" name="REPERE_VISUEL_5mm_NON_BORDURE.040">
      <mesh>
        <source id="REPERE_VISUEL_5mm_NON_BORDURE_040-mesh-positions">
          <float_array id="REPERE_VISUEL_5mm_NON_BORDURE_040-mesh-positions-array" count="12">11.08413 1.097576 -0.4 10.21039 1.100206 -0.43 10.2104 1.105205 -0.43 11.08414 1.102576 -0.4</float_array>
          <technique_common>
            <accessor source="#REPERE_VISUEL_5mm_NON_BORDURE_040-mesh-positions-array" count="4" stride="3">
              <param name="X" type="float"/>
              <param name="Y" type="float"/>
              <param name="Z" type="float"/>
            </accessor>
          </technique_common>
        </source>
        <source id="REPERE_VISUEL_5mm_NON_BORDURE_040-mesh-normals">
          <float_array id="REPERE_VISUEL_5mm_NON_BORDURE_040-mesh-normals-array" count="6">0.03431445 -1.04824e-4 -0.9994111 0.03431445 -1.04722e-4 -0.9994111</float_array>
          <technique_common>
            <accessor source="#REPERE_VISUEL_5mm_NON_BORDURE_040-mesh-normals-array" count="2" stride="3">
              <param name="X" type="float"/>
              <param name="Y" type="float"/>
              <param name="Z" type="float"/>
            </accessor>
          </technique_common>
        </source>
        <vertices id="REPERE_VISUEL_5mm_NON_BORDURE_040-mesh-vertices">
          <input semantic="POSITION" source="#REPERE_VISUEL_5mm_NON_BORDURE_040-mesh-positions"/>
        </vertices>
        <triangles material="Annotations_NON_METRIQUES_001-material" count="2">
          <input semantic="VERTEX" source="#REPERE_VISUEL_5mm_NON_BORDURE_040-mesh-vertices" offset="0"/>
          <input semantic="NORMAL" source="#REPERE_VISUEL_5mm_NON_BORDURE_040-mesh-normals" offset="1"/>
          <p>0 0 2 0 3 0 0 1 1 1 2 1</p>
        </triangles>
      </mesh>
    </geometry>
    <geometry id="REPERE_VISUEL_5mm_NON_BORDURE_039-mesh" name="REPERE_VISUEL_5mm_NON_BORDURE.039">
      <mesh>
        <source id="REPERE_VISUEL_5mm_NON_BORDURE_039-mesh-positions">
          <float_array id="REPERE_VISUEL_5mm_NON_BORDURE_039-mesh-positions-array" count="12">11.05664 -0.5591757 -0.41 11.08164 1.100114 -0.4 11.08664 1.100038 -0.4 11.06164 -0.5592511 -0.41</float_array>
          <technique_common>
            <accessor source="#REPERE_VISUEL_5mm_NON_BORDURE_039-mesh-positions-array" count="4" stride="3">
              <param name="X" type="float"/>
              <param name="Y" type="float"/>
              <param name="Z" type="float"/>
            </accessor>
          </technique_common>
        </source>
        <source id="REPERE_VISUEL_5mm_NON_BORDURE_039-mesh-normals">
          <float_array id="REPERE_VISUEL_5mm_NON_BORDURE_039-mesh-normals-array" count="6">9.06955e-5 0.006025135 -0.9999818 9.08032e-5 0.006025135 -0.9999818</float_array>
          <technique_common>
            <accessor source="#REPERE_VISUEL_5mm_NON_BORDURE_039-mesh-normals-array" count="2" stride="3">
              <param name="X" type="float"/>
              <param name="Y" type="float"/>
              <param name="Z" type="float"/>
            </accessor>
          </technique_common>
        </source>
        <vertices id="REPERE_VISUEL_5mm_NON_BORDURE_039-mesh-vertices">
          <input semantic="POSITION" source="#REPERE_VISUEL_5mm_NON_BORDURE_039-mesh-positions"/>
        </vertices>
        <triangles material="Annotations_NON_METRIQUES_001-material" count="2">
          <input semantic="VERTEX" source="#REPERE_VISUEL_5mm_NON_BORDURE_039-mesh-vertices" offset="0"/>
          <input semantic="NORMAL" source="#REPERE_VISUEL_5mm_NON_BORDURE_039-mesh-normals" offset="1"/>
          <p>0 0 2 0 3 0 0 1 1 1 2 1</p>
        </triangles>
      </mesh>
    </geometry>
    <geometry id="REPERE_VISUEL_5mm_NON_BORDURE_038-mesh" name="REPERE_VISUEL_5mm_NON_BORDURE.038">
      <mesh>
        <source id="REPERE_VISUEL_5mm_NON_BORDURE_038-mesh-positions">
          <float_array id="REPERE_VISUEL_5mm_NON_BORDURE_038-mesh-positions-array" count="12">8.975329 -0.5966901 -0.33 11.05909 -0.5567139 -0.41 11.05919 -0.5617129 -0.41 8.975424 -0.6016891 -0.33</float_array>
          <technique_common>
            <accessor source="#REPERE_VISUEL_5mm_NON_BORDURE_038-mesh-positions-array" count="4" stride="3">
              <param name="X" type="float"/>
              <param name="Y" type="float"/>
              <param name="Z" type="float"/>
            </accessor>
          </technique_common>
        </source>
        <source id="REPERE_VISUEL_5mm_NON_BORDURE_038-mesh-normals">
          <float_array id="REPERE_VISUEL_5mm_NON_BORDURE_038-mesh-normals-array" count="6">-0.03834974 -7.31605e-4 -0.9992641 -0.03834974 -7.31605e-4 -0.9992641</float_array>
          <technique_common>
            <accessor source="#REPERE_VISUEL_5mm_NON_BORDURE_038-mesh-normals-array" count="2" stride="3">
              <param name="X" type="float"/>
              <param name="Y" type="float"/>
              <param name="Z" type="float"/>
            </accessor>
          </technique_common>
        </source>
        <vertices id="REPERE_VISUEL_5mm_NON_BORDURE_038-mesh-vertices">
          <input semantic="POSITION" source="#REPERE_VISUEL_5mm_NON_BORDURE_038-mesh-positions"/>
        </vertices>
        <triangles material="Annotations_NON_METRIQUES_001-material" count="2">
          <input semantic="VERTEX" source="#REPERE_VISUEL_5mm_NON_BORDURE_038-mesh-vertices" offset="0"/>
          <input semantic="NORMAL" source="#REPERE_VISUEL_5mm_NON_BORDURE_038-mesh-normals" offset="1"/>
          <p>0 0 2 0 3 0 0 1 1 1 2 1</p>
        </triangles>
      </mesh>
    </geometry>
    <geometry id="REPERE_VISUEL_5mm_NON_BORDURE_037-mesh" name="REPERE_VISUEL_5mm_NON_BORDURE.037">
      <mesh>
        <source id="REPERE_VISUEL_5mm_NON_BORDURE_037-mesh-positions">
          <float_array id="REPERE_VISUEL_5mm_NON_BORDURE_037-mesh-positions-array" count="12">8.093044 -0.7612596 -0.32 8.974918 -0.596732 -0.33 8.975835 -0.6016472 -0.33 8.093961 -0.7661748 -0.32</float_array>
          <technique_common>
            <accessor source="#REPERE_VISUEL_5mm_NON_BORDURE_037-mesh-positions-array" count="4" stride="3">
              <param name="X" type="float"/>
              <param name="Y" type="float"/>
              <param name="Z" type="float"/>
            </accessor>
          </technique_common>
        </source>
        <source id="REPERE_VISUEL_5mm_NON_BORDURE_037-mesh-normals">
          <float_array id="REPERE_VISUEL_5mm_NON_BORDURE_037-mesh-normals-array" count="6">-0.01095724 -0.002045154 -0.999938 -0.01095724 -0.002045154 -0.999938</float_array>
          <technique_common>
            <accessor source="#REPERE_VISUEL_5mm_NON_BORDURE_037-mesh-normals-array" count="2" stride="3">
              <param name="X" type="float"/>
              <param name="Y" type="float"/>
              <param name="Z" type="float"/>
            </accessor>
          </technique_common>
        </source>
        <vertices id="REPERE_VISUEL_5mm_NON_BORDURE_037-mesh-vertices">
          <input semantic="POSITION" source="#REPERE_VISUEL_5mm_NON_BORDURE_037-mesh-positions"/>
        </vertices>
        <triangles material="Annotations_NON_METRIQUES_001-material" count="2">
          <input semantic="VERTEX" source="#REPERE_VISUEL_5mm_NON_BORDURE_037-mesh-vertices" offset="0"/>
          <input semantic="NORMAL" source="#REPERE_VISUEL_5mm_NON_BORDURE_037-mesh-normals" offset="1"/>
          <p>1 0 3 0 0 0 1 1 2 1 3 1</p>
        </triangles>
      </mesh>
    </geometry>
    <geometry id="REPERE_VISUEL_5mm_NON_BORDURE_036-mesh" name="REPERE_VISUEL_5mm_NON_BORDURE.036">
      <mesh>
        <source id="REPERE_VISUEL_5mm_NON_BORDURE_036-mesh-positions">
          <float_array id="REPERE_VISUEL_5mm_NON_BORDURE_036-mesh-positions-array" count="12">7.194786 -0.8516016 -0.17 8.093253 -0.7612298 -0.32 8.093752 -0.7662046 -0.32 7.195287 -0.8565765 -0.17</float_array>
          <technique_common>
            <accessor source="#REPERE_VISUEL_5mm_NON_BORDURE_036-mesh-positions-array" count="4" stride="3">
              <param name="X" type="float"/>
              <param name="Y" type="float"/>
              <param name="Z" type="float"/>
            </accessor>
          </technique_common>
        </source>
        <source id="REPERE_VISUEL_5mm_NON_BORDURE_036-mesh-normals">
          <float_array id="REPERE_VISUEL_5mm_NON_BORDURE_036-mesh-normals-array" count="6">-0.163044 -0.01640909 -0.9864823 -0.163047 -0.0163781 -0.9864824</float_array>
          <technique_common>
            <accessor source="#REPERE_VISUEL_5mm_NON_BORDURE_036-mesh-normals-array" count="2" stride="3">
              <param name="X" type="float"/>
              <param name="Y" type="float"/>
              <param name="Z" type="float"/>
            </accessor>
          </technique_common>
        </source>
        <vertices id="REPERE_VISUEL_5mm_NON_BORDURE_036-mesh-vertices">
          <input semantic="POSITION" source="#REPERE_VISUEL_5mm_NON_BORDURE_036-mesh-positions"/>
        </vertices>
        <triangles material="Annotations_NON_METRIQUES_001-material" count="2">
          <input semantic="VERTEX" source="#REPERE_VISUEL_5mm_NON_BORDURE_036-mesh-vertices" offset="0"/>
          <input semantic="NORMAL" source="#REPERE_VISUEL_5mm_NON_BORDURE_036-mesh-normals" offset="1"/>
          <p>0 0 2 0 3 0 0 1 1 1 2 1</p>
        </triangles>
      </mesh>
    </geometry>
    <geometry id="REPERE_VISUEL_5mm_NON_BORDURE_035-mesh" name="REPERE_VISUEL_5mm_NON_BORDURE.035">
      <mesh>
        <source id="REPERE_VISUEL_5mm_NON_BORDURE_035-mesh-positions">
          <float_array id="REPERE_VISUEL_5mm_NON_BORDURE_035-mesh-positions-array" count="12">7.188502 -0.09169393 -0.17 7.197536 -0.8540594 -0.17 7.192536 -0.8541187 -0.17 7.183502 -0.09175318 -0.17</float_array>
          <technique_common>
            <accessor source="#REPERE_VISUEL_5mm_NON_BORDURE_035-mesh-positions-array" count="4" stride="3">
              <param name="X" type="float"/>
              <param name="Y" type="float"/>
              <param name="Z" type="float"/>
            </accessor>
          </technique_common>
        </source>
        <source id="REPERE_VISUEL_5mm_NON_BORDURE_035-mesh-normals">
          <float_array id="REPERE_VISUEL_5mm_NON_BORDURE_035-mesh-normals-array" count="6">0 0 -1 0 0 -1</float_array>
          <technique_common>
            <accessor source="#REPERE_VISUEL_5mm_NON_BORDURE_035-mesh-normals-array" count="2" stride="3">
              <param name="X" type="float"/>
              <param name="Y" type="float"/>
              <param name="Z" type="float"/>
            </accessor>
          </technique_common>
        </source>
        <vertices id="REPERE_VISUEL_5mm_NON_BORDURE_035-mesh-vertices">
          <input semantic="POSITION" source="#REPERE_VISUEL_5mm_NON_BORDURE_035-mesh-positions"/>
        </vertices>
        <triangles material="Annotations_NON_METRIQUES_001-material" count="2">
          <input semantic="VERTEX" source="#REPERE_VISUEL_5mm_NON_BORDURE_035-mesh-vertices" offset="0"/>
          <input semantic="NORMAL" source="#REPERE_VISUEL_5mm_NON_BORDURE_035-mesh-normals" offset="1"/>
          <p>1 0 3 0 0 0 1 1 2 1 3 1</p>
        </triangles>
      </mesh>
    </geometry>
    <geometry id="REPERE_VISUEL_5mm_NON_BORDURE_034-mesh" name="REPERE_VISUEL_5mm_NON_BORDURE.034">
      <mesh>
        <source id="REPERE_VISUEL_5mm_NON_BORDURE_034-mesh-positions">
          <float_array id="REPERE_VISUEL_5mm_NON_BORDURE_034-mesh-positions-array" count="12">3.042937 0.002499341 -0.06999999 7.186058 -0.08922421 -0.17 7.185947 -0.09422296 -0.17 3.042827 -0.002499341 -0.06999999</float_array>
          <technique_common>
            <accessor source="#REPERE_VISUEL_5mm_NON_BORDURE_034-mesh-positions-array" count="4" stride="3">
              <param name="X" type="float"/>
              <param name="Y" type="float"/>
              <param name="Z" type="float"/>
            </accessor>
          </technique_common>
        </source>
        <source id="REPERE_VISUEL_5mm_NON_BORDURE_034-mesh-normals">
          <float_array id="REPERE_VISUEL_5mm_NON_BORDURE_034-mesh-normals-array" count="6">-0.02411752 5.33738e-4 -0.999709 -0.02411752 5.33738e-4 -0.999709</float_array>
          <technique_common>
            <accessor source="#REPERE_VISUEL_5mm_NON_BORDURE_034-mesh-normals-array" count="2" stride="3">
              <param name="X" type="float"/>
              <param name="Y" type="float"/>
              <param name="Z" type="float"/>
            </accessor>
          </technique_common>
        </source>
        <vertices id="REPERE_VISUEL_5mm_NON_BORDURE_034-mesh-vertices">
          <input semantic="POSITION" source="#REPERE_VISUEL_5mm_NON_BORDURE_034-mesh-positions"/>
        </vertices>
        <triangles material="Annotations_NON_METRIQUES_001-material" count="2">
          <input semantic="VERTEX" source="#REPERE_VISUEL_5mm_NON_BORDURE_034-mesh-vertices" offset="0"/>
          <input semantic="NORMAL" source="#REPERE_VISUEL_5mm_NON_BORDURE_034-mesh-normals" offset="1"/>
          <p>1 0 3 0 0 0 1 1 2 1 3 1</p>
        </triangles>
      </mesh>
    </geometry>
    <geometry id="REPERE_VISUEL_5mm_NON_BORDURE_033-mesh" name="REPERE_VISUEL_5mm_NON_BORDURE.033">
      <mesh>
        <source id="REPERE_VISUEL_5mm_NON_BORDURE_033-mesh-positions">
          <float_array id="REPERE_VISUEL_5mm_NON_BORDURE_033-mesh-positions-array" count="12">0 0.002499997 0 3.042882 0.002499997 -0.06999999 3.042882 -0.002499997 -0.06999999 0 -0.002499997 0</float_array>
          <technique_common>
            <accessor source="#REPERE_VISUEL_5mm_NON_BORDURE_033-mesh-positions-array" count="4" stride="3">
              <param name="X" type="float"/>
              <param name="Y" type="float"/>
              <param name="Z" type="float"/>
            </accessor>
          </technique_common>
        </source>
        <source id="REPERE_VISUEL_5mm_NON_BORDURE_033-mesh-normals">
          <float_array id="REPERE_VISUEL_5mm_NON_BORDURE_033-mesh-normals-array" count="6">-0.02299839 0 -0.9997355 -0.02299839 0 -0.9997355</float_array>
          <technique_common>
            <accessor source="#REPERE_VISUEL_5mm_NON_BORDURE_033-mesh-normals-array" count="2" stride="3">
              <param name="X" type="float"/>
              <param name="Y" type="float"/>
              <param name="Z" type="float"/>
            </accessor>
          </technique_common>
        </source>
        <vertices id="REPERE_VISUEL_5mm_NON_BORDURE_033-mesh-vertices">
          <input semantic="POSITION" source="#REPERE_VISUEL_5mm_NON_BORDURE_033-mesh-positions"/>
        </vertices>
        <triangles material="Annotations_NON_METRIQUES_001-material" count="2">
          <input semantic="VERTEX" source="#REPERE_VISUEL_5mm_NON_BORDURE_033-mesh-vertices" offset="0"/>
          <input semantic="NORMAL" source="#REPERE_VISUEL_5mm_NON_BORDURE_033-mesh-normals" offset="1"/>
          <p>1 0 3 0 0 0 1 1 2 1 3 1</p>
        </triangles>
      </mesh>
    </geometry>
    <geometry id="SURFACE_INTERPOLEE_NON_TERRAIN_Terrasse_de_gauche-mesh" name="SURFACE_INTERPOLEE_NON_TERRAIN_Terrasse de gauche">
      <mesh>
        <source id="SURFACE_INTERPOLEE_NON_TERRAIN_Terrasse_de_gauche-mesh-positions">
          <float_array id="SURFACE_INTERPOLEE_NON_TERRAIN_Terrasse_de_gauche-mesh-positions-array" count="90">0 0 0 3.042882 0 -0.06999999 7.186002 -0.09172356 -0.17 7.195036 -0.854089 -0.17 8.093502 -0.7637172 -0.32 8.975377 -0.5991896 -0.33 11.05914 -0.5592134 -0.41 11.08414 1.100076 -0.4 10.21039 1.102705 -0.43 10.18473 1.545107 -0.45 10.17347 3.078186 -0.48 10.18425 3.556579 -0.48 11.10896 3.557305 -0.51 11.09472 5.137756 -0.51 13.68488 5.16224 -0.58 13.60936 5.993844 -0.6 13.12459 6.066037 -0.59 13.12471 6.066064 -0.59 13.1101 9.978601 -0.56 12.40656 10.11397 -0.61 12.4065 10.11787 -0.61 8.862483 10.10443 -0.6 8.905469 6.046067 -0.66 8.708735 5.276196 -0.68 7.232766 2.423498 0.01999998 5.405222 1.135066 0 3.384658 0.5043525 0.03999996 3.060934 0.4358524 0.02999997 0.01298314 0.3244299 0.01999998 0 0 0</float_array>
          <technique_common>
            <accessor source="#SURFACE_INTERPOLEE_NON_TERRAIN_Terrasse_de_gauche-mesh-positions-array" count="30" stride="3">
              <param name="X" type="float"/>
              <param name="Y" type="float"/>
              <param name="Z" type="float"/>
            </accessor>
          </technique_common>
        </source>
        <source id="SURFACE_INTERPOLEE_NON_TERRAIN_Terrasse_de_gauche-mesh-normals">
          <float_array id="SURFACE_INTERPOLEE_NON_TERRAIN_Terrasse_de_gauche-mesh-normals-array" count="81">0.002821445 3.936e-5 0.999996 0.001684784 0.354165 0.9351813 -0.009856522 -0.01488631 0.9998406 -0.01655125 -0.007728159 0.9998331 -0.01688927 0.07279878 0.9972037 -0.0150088 -0.2353926 0.9717844 -0.01300245 -0.02264678 0.999659 -0.0195772 0.02226144 0.9995605 0.007504105 0.8243697 0.566002 -0.05330651 0.2639016 0.9630754 0.03242552 2.92143e-4 0.9994741 0.2027777 -0.09827697 0.9742807 0.1684424 -0.003798425 0.9857042 0.163149 0.02050095 0.9863885 0.1065696 -0.1663777 0.9802864 0.08935368 0.05015248 0.9947365 0.08566951 -0.2127223 0.9733499 -0.02039825 0.7510564 0.6599228 0.05758315 -0.006884038 0.998317 0.02247726 -0.2476255 0.9685951 0.1344286 0.8742234 0.4665429 0.007846295 -0.3002404 0.9538313 0.02263081 -0.06539183 0.997603 0.02295351 -0.06242859 0.9977855 0.04101175 -0.1660353 0.9852666 0.08935928 0.001058876 0.9959989 0.1664269 -0.8630699 0.4768778</float_array>
          <technique_common>
            <accessor source="#SURFACE_INTERPOLEE_NON_TERRAIN_Terrasse_de_gauche-mesh-normals-array" count="27" stride="3">
              <param name="X" type="float"/>
              <param name="Y" type="float"/>
              <param name="Z" type="float"/>
            </accessor>
          </technique_common>
        </source>
        <vertices id="SURFACE_INTERPOLEE_NON_TERRAIN_Terrasse_de_gauche-mesh-vertices">
          <input semantic="POSITION" source="#SURFACE_INTERPOLEE_NON_TERRAIN_Terrasse_de_gauche-mesh-positions"/>
        </vertices>
        <triangles material="Terrasse_de_gauche_surface_INTERPOLEE-material" count="27">
          <input semantic="VERTEX" source="#SURFACE_INTERPOLEE_NON_TERRAIN_Terrasse_de_gauche-mesh-vertices" offset="0"/>
          <input semantic="NORMAL" source="#SURFACE_INTERPOLEE_NON_TERRAIN_Terrasse_de_gauche-mesh-normals" offset="1"/>
          <p>19 0 20 0 21 0 18 1 19 1 21 1 18 2 21 2 22 2 17 3 18 3 22 3 16 4 17 4 22 4 15 5 16 5 22 5 15 6 22 6 23 6 14 7 15 7 23 7 14 8 23 8 13 8 13 9 23 9 24 9 12 10 13 10 11 10 11 11 13 11 24 11 10 12 11 12 24 12 9 13 10 13 24 13 9 14 24 14 25 14 8 15 9 15 25 15 8 16 25 16 26 16 7 17 8 17 26 17 6 18 7 18 26 18 6 19 26 19 27 19 6 20 27 20 2 20 2 21 27 21 28 21 2 22 28 22 1 22 1 23 28 23 0 23 6 24 2 24 5 24 5 25 2 25 3 25 4 26 5 26 3 26</p>
        </triangles>
      </mesh>
    </geometry>
    <geometry id="CONTOUR_SOURCE_Terrasse_de_gauche_001-mesh" name="CONTOUR_SOURCE_Terrasse de gauche.001">
      <mesh>
        <source id="CONTOUR_SOURCE_Terrasse_de_gauche_001-mesh-positions">
          <float_array id="CONTOUR_SOURCE_Terrasse_de_gauche_001-mesh-positions-array" count="90">0 0 0 3.042882 0 -0.06999999 7.186002 -0.09172356 -0.17 7.195036 -0.854089 -0.17 8.093502 -0.7637172 -0.32 8.975377 -0.5991896 -0.33 11.05914 -0.5592134 -0.41 11.08414 1.100076 -0.4 10.21039 1.102705 -0.43 10.18473 1.545107 -0.45 10.17347 3.078186 -0.48 10.18425 3.556579 -0.48 11.10896 3.557305 -0.51 11.09472 5.137756 -0.51 13.68488 5.16224 -0.58 13.60936 5.993844 -0.6 13.12459 6.066037 -0.59 13.12471 6.066064 -0.59 13.1101 9.978601 -0.56 12.40656 10.11397 -0.61 12.4065 10.11787 -0.61 8.862483 10.10443 -0.6 8.905469 6.046067 -0.66 8.708735 5.276196 -0.68 7.232766 2.423498 0.01999998 5.405222 1.135066 0 3.384658 0.5043525 0.03999996 3.060934 0.4358524 0.02999997 0.01298314 0.3244299 0.01999998 0 0 0</float_array>
          <technique_common>
            <accessor source="#CONTOUR_SOURCE_Terrasse_de_gauche_001-mesh-positions-array" count="30" stride="3">
              <param name="X" type="float"/>
              <param name="Y" type="float"/>
              <param name="Z" type="float"/>
            </accessor>
          </technique_common>
        </source>
        <source id="CONTOUR_SOURCE_Terrasse_de_gauche_001-mesh-normals">
          <float_array id="CONTOUR_SOURCE_Terrasse_de_gauche_001-mesh-normals-array" count="0"/>
          <technique_common>
            <accessor source="#CONTOUR_SOURCE_Terrasse_de_gauche_001-mesh-normals-array" count="0" stride="3">
              <param name="X" type="float"/>
              <param name="Y" type="float"/>
              <param name="Z" type="float"/>
            </accessor>
          </technique_common>
        </source>
        <vertices id="CONTOUR_SOURCE_Terrasse_de_gauche_001-mesh-vertices">
          <input semantic="POSITION" source="#CONTOUR_SOURCE_Terrasse_de_gauche_001-mesh-positions"/>
        </vertices>
        <lines count="29">
          <input semantic="VERTEX" source="#CONTOUR_SOURCE_Terrasse_de_gauche_001-mesh-vertices" offset="0"/>
          <p>1 0 2 1 3 2 4 3 5 4 6 5 7 6 8 7 9 8 10 9 11 10 12 11 13 12 14 13 15 14 16 15 17 16 18 17 19 18 20 19 21 20 22 21 23 22 24 23 25 24 26 25 27 26 28 27 29 28</p>
        </lines>
      </mesh>
    </geometry>
    <geometry id="REPERE_VISUEL_5mm_NON_BORDURE_032-mesh" name="REPERE_VISUEL_5mm_NON_BORDURE.032">
      <mesh>
        <source id="REPERE_VISUEL_5mm_NON_BORDURE_032-mesh-positions">
          <float_array id="REPERE_VISUEL_5mm_NON_BORDURE_032-mesh-positions-array" count="12">-0.0631532 -2.595036 0 -0.002499282 5.84153e-5 0 0.002499282 -5.84153e-5 0 -0.05815452 -2.595153 0</float_array>
          <technique_common>
            <accessor source="#REPERE_VISUEL_5mm_NON_BORDURE_032-mesh-positions-array" count="4" stride="3">
              <param name="X" type="float"/>
              <param name="Y" type="float"/>
              <param name="Z" type="float"/>
            </accessor>
          </technique_common>
        </source>
        <source id="REPERE_VISUEL_5mm_NON_BORDURE_032-mesh-normals">
          <float_array id="REPERE_VISUEL_5mm_NON_BORDURE_032-mesh-normals-array" count="6">0 0 -1 0 0 -1</float_array>
          <technique_common>
            <accessor source="#REPERE_VISUEL_5mm_NON_BORDURE_032-mesh-normals-array" count="2" stride="3">
              <param name="X" type="float"/>
              <param name="Y" type="float"/>
              <param name="Z" type="float"/>
            </accessor>
          </technique_common>
        </source>
        <vertices id="REPERE_VISUEL_5mm_NON_BORDURE_032-mesh-vertices">
          <input semantic="POSITION" source="#REPERE_VISUEL_5mm_NON_BORDURE_032-mesh-positions"/>
        </vertices>
        <triangles material="Annotations_NON_METRIQUES_001-material" count="2">
          <input semantic="VERTEX" source="#REPERE_VISUEL_5mm_NON_BORDURE_032-mesh-vertices" offset="0"/>
          <input semantic="NORMAL" source="#REPERE_VISUEL_5mm_NON_BORDURE_032-mesh-normals" offset="1"/>
          <p>1 0 3 0 0 0 1 1 2 1 3 1</p>
        </triangles>
      </mesh>
    </geometry>
    <geometry id="REPERE_VISUEL_5mm_NON_BORDURE_031-mesh" name="REPERE_VISUEL_5mm_NON_BORDURE.031">
      <mesh>
        <source id="REPERE_VISUEL_5mm_NON_BORDURE_031-mesh-positions">
          <float_array id="REPERE_VISUEL_5mm_NON_BORDURE_031-mesh-positions-array" count="12">-1.694012 -2.60567 0.04999995 -0.06067389 -2.592595 0 -0.06063383 -2.597594 0 -1.693972 -2.61067 0.04999995</float_array>
          <technique_common>
            <accessor source="#REPERE_VISUEL_5mm_NON_BORDURE_031-mesh-positions-array" count="4" stride="3">
              <param name="X" type="float"/>
              <param name="Y" type="float"/>
              <param name="Z" type="float"/>
            </accessor>
          </technique_common>
        </source>
        <source id="REPERE_VISUEL_5mm_NON_BORDURE_031-mesh-normals">
          <float_array id="REPERE_VISUEL_5mm_NON_BORDURE_031-mesh-normals-array" count="6">-0.03059583 -2.45117e-4 -0.9995319 -0.03059583 -2.44935e-4 -0.9995319</float_array>
          <technique_common>
            <accessor source="#REPERE_VISUEL_5mm_NON_BORDURE_031-mesh-normals-array" count="2" stride="3">
              <param name="X" type="float"/>
              <param name="Y" type="float"/>
              <param name="Z" type="float"/>
            </accessor>
          </technique_common>
        </source>
        <vertices id="REPERE_VISUEL_5mm_NON_BORDURE_031-mesh-vertices">
          <input semantic="POSITION" source="#REPERE_VISUEL_5mm_NON_BORDURE_031-mesh-positions"/>
        </vertices>
        <triangles material="Annotations_NON_METRIQUES_001-material" count="2">
          <input semantic="VERTEX" source="#REPERE_VISUEL_5mm_NON_BORDURE_031-mesh-vertices" offset="0"/>
          <input semantic="NORMAL" source="#REPERE_VISUEL_5mm_NON_BORDURE_031-mesh-normals" offset="1"/>
          <p>1 0 3 0 0 0 1 1 2 1 3 1</p>
        </triangles>
      </mesh>
    </geometry>
    <geometry id="REPERE_VISUEL_5mm_NON_BORDURE_030-mesh" name="REPERE_VISUEL_5mm_NON_BORDURE.030">
      <mesh>
        <source id="REPERE_VISUEL_5mm_NON_BORDURE_030-mesh-positions">
          <float_array id="REPERE_VISUEL_5mm_NON_BORDURE_030-mesh-positions-array" count="12">-1.691663 -2.609387 0.04999995 -1.692241 -2.609954 0.04999995 -1.695744 -2.606386 0.04999995 -1.695166 -2.605819 0.04999995</float_array>
          <technique_common>
            <accessor source="#REPERE_VISUEL_5mm_NON_BORDURE_030-mesh-positions-array" count="4" stride="3">
              <param name="X" type="float"/>
              <param name="Y" type="float"/>
              <param name="Z" type="float"/>
            </accessor>
          </technique_common>
        </source>
        <source id="REPERE_VISUEL_5mm_NON_BORDURE_030-mesh-normals">
          <float_array id="REPERE_VISUEL_5mm_NON_BORDURE_030-mesh-normals-array" count="6">0 0 -1 0 0 -1</float_array>
          <technique_common>
            <accessor source="#REPERE_VISUEL_5mm_NON_BORDURE_030-mesh-normals-array" count="2" stride="3">
              <param name="X" type="float"/>
              <param name="Y" type="float"/>
              <param name="Z" type="float"/>
            </accessor>
          </technique_common>
        </source>
        <vertices id="REPERE_VISUEL_5mm_NON_BORDURE_030-mesh-vertices">
          <input semantic="POSITION" source="#REPERE_VISUEL_5mm_NON_BORDURE_030-mesh-positions"/>
        </vertices>
        <triangles material="Annotations_NON_METRIQUES_001-material" count="2">
          <input semantic="VERTEX" source="#REPERE_VISUEL_5mm_NON_BORDURE_030-mesh-vertices" offset="0"/>
          <input semantic="NORMAL" source="#REPERE_VISUEL_5mm_NON_BORDURE_030-mesh-normals" offset="1"/>
          <p>0 0 2 0 3 0 0 1 1 1 2 1</p>
        </triangles>
      </mesh>
    </geometry>
    <geometry id="REPERE_VISUEL_5mm_NON_BORDURE_029-mesh" name="REPERE_VISUEL_5mm_NON_BORDURE.029">
      <mesh>
        <source id="REPERE_VISUEL_5mm_NON_BORDURE_029-mesh-positions">
          <float_array id="REPERE_VISUEL_5mm_NON_BORDURE_029-mesh-positions-array" count="12">-1.695337 -3.533307 -0.01999998 -1.695915 -2.607605 0.04999995 -1.690915 -2.607602 0.04999995 -1.690337 -3.533304 -0.01999998</float_array>
          <technique_common>
            <accessor source="#REPERE_VISUEL_5mm_NON_BORDURE_029-mesh-positions-array" count="4" stride="3">
              <param name="X" type="float"/>
              <param name="Y" type="float"/>
              <param name="Z" type="float"/>
            </accessor>
          </technique_common>
        </source>
        <source id="REPERE_VISUEL_5mm_NON_BORDURE_029-mesh-normals">
          <float_array id="REPERE_VISUEL_5mm_NON_BORDURE_029-mesh-normals-array" count="6">-5.03358e-5 0.07540297 -0.9971532 -5.03358e-5 0.07540297 -0.9971532</float_array>
          <technique_common>
            <accessor source="#REPERE_VISUEL_5mm_NON_BORDURE_029-mesh-normals-array" count="2" stride="3">
              <param name="X" type="float"/>
              <param name="Y" type="float"/>
              <param name="Z" type="float"/>
            </accessor>
          </technique_common>
        </source>
        <vertices id="REPERE_VISUEL_5mm_NON_BORDURE_029-mesh-vertices">
          <input semantic="POSITION" source="#REPERE_VISUEL_5mm_NON_BORDURE_029-mesh-positions"/>
        </vertices>
        <triangles material="Annotations_NON_METRIQUES_001-material" count="2">
          <input semantic="VERTEX" source="#REPERE_VISUEL_5mm_NON_BORDURE_029-mesh-vertices" offset="0"/>
          <input semantic="NORMAL" source="#REPERE_VISUEL_5mm_NON_BORDURE_029-mesh-normals" offset="1"/>
          <p>1 0 3 0 0 0 1 1 2 1 3 1</p>
        </triangles>
      </mesh>
    </geometry>
    <geometry id="REPERE_VISUEL_5mm_NON_BORDURE_028-mesh" name="REPERE_VISUEL_5mm_NON_BORDURE.028">
      <mesh>
        <source id="REPERE_VISUEL_5mm_NON_BORDURE_028-mesh-positions">
          <float_array id="REPERE_VISUEL_5mm_NON_BORDURE_028-mesh-positions-array" count="12">-2.207312 -3.541389 -0.03999996 -1.692888 -3.530806 -0.01999998 -1.692785 -3.535805 -0.01999998 -2.207209 -3.546389 -0.03999996</float_array>
          <technique_common>
            <accessor source="#REPERE_VISUEL_5mm_NON_BORDURE_028-mesh-positions-array" count="4" stride="3">
              <param name="X" type="float"/>
              <param name="Y" type="float"/>
              <param name="Z" type="float"/>
            </accessor>
          </technique_common>
        </source>
        <source id="REPERE_VISUEL_5mm_NON_BORDURE_028-mesh-normals">
          <float_array id="REPERE_VISUEL_5mm_NON_BORDURE_028-mesh-normals-array" count="6">0.0388326 8.00061e-4 -0.9992455 0.03883266 7.98211e-4 -0.9992455</float_array>
          <technique_common>
            <accessor source="#REPERE_VISUEL_5mm_NON_BORDURE_028-mesh-normals-array" count="2" stride="3">
              <param name="X" type="float"/>
              <param name="Y" type="float"/>
              <param name="Z" type="float"/>
            </accessor>
          </technique_common>
        </source>
        <vertices id="REPERE_VISUEL_5mm_NON_BORDURE_028-mesh-vertices">
          <input semantic="POSITION" source="#REPERE_VISUEL_5mm_NON_BORDURE_028-mesh-positions"/>
        </vertices>
        <triangles material="Annotations_NON_METRIQUES_001-material" count="2">
          <input semantic="VERTEX" source="#REPERE_VISUEL_5mm_NON_BORDURE_028-mesh-vertices" offset="0"/>
          <input semantic="NORMAL" source="#REPERE_VISUEL_5mm_NON_BORDURE_028-mesh-normals" offset="1"/>
          <p>1 0 3 0 0 0 1 1 2 1 3 1</p>
        </triangles>
      </mesh>
    </geometry>
    <geometry id="REPERE_VISUEL_5mm_NON_BORDURE_027-mesh" name="REPERE_VISUEL_5mm_NON_BORDURE.027">
      <mesh>
        <source id="REPERE_VISUEL_5mm_NON_BORDURE_027-mesh-positions">
          <float_array id="REPERE_VISUEL_5mm_NON_BORDURE_027-mesh-positions-array" count="12">-3.705528 -3.524992 -0.06999999 -2.207233 -3.541389 -0.03999996 -2.207288 -3.546389 -0.03999996 -3.705583 -3.529992 -0.06999999</float_array>
          <technique_common>
            <accessor source="#REPERE_VISUEL_5mm_NON_BORDURE_027-mesh-positions-array" count="4" stride="3">
              <param name="X" type="float"/>
              <param name="Y" type="float"/>
              <param name="Z" type="float"/>
            </accessor>
          </technique_common>
        </source>
        <source id="REPERE_VISUEL_5mm_NON_BORDURE_027-mesh-normals">
          <float_array id="REPERE_VISUEL_5mm_NON_BORDURE_027-mesh-normals-array" count="6">0.02001631 -2.19242e-4 -0.9997997 0.02001631 -2.1954e-4 -0.9997996</float_array>
          <technique_common>
            <accessor source="#REPERE_VISUEL_5mm_NON_BORDURE_027-mesh-normals-array" count="2" stride="3">
              <param name="X" type="float"/>
              <param name="Y" type="float"/>
              <param name="Z" type="float"/>
            </accessor>
          </technique_common>
        </source>
        <vertices id="REPERE_VISUEL_5mm_NON_BORDURE_027-mesh-vertices">
          <input semantic="POSITION" source="#REPERE_VISUEL_5mm_NON_BORDURE_027-mesh-positions"/>
        </vertices>
        <triangles material="Annotations_NON_METRIQUES_001-material" count="2">
          <input semantic="VERTEX" source="#REPERE_VISUEL_5mm_NON_BORDURE_027-mesh-vertices" offset="0"/>
          <input semantic="NORMAL" source="#REPERE_VISUEL_5mm_NON_BORDURE_027-mesh-normals" offset="1"/>
          <p>0 0 2 0 3 0 0 1 1 1 2 1</p>
        </triangles>
      </mesh>
    </geometry>
    <geometry id="REPERE_VISUEL_5mm_NON_BORDURE_026-mesh" name="REPERE_VISUEL_5mm_NON_BORDURE.026">
      <mesh>
        <source id="REPERE_VISUEL_5mm_NON_BORDURE_026-mesh-positions">
          <float_array id="REPERE_VISUEL_5mm_NON_BORDURE_026-mesh-positions-array" count="12">-4.203938 -3.482235 -0.07999998 -3.705342 -3.525001 -0.06999999 -3.705769 -3.529983 -0.06999999 -4.204365 -3.487217 -0.07999998</float_array>
          <technique_common>
            <accessor source="#REPERE_VISUEL_5mm_NON_BORDURE_026-mesh-positions-array" count="4" stride="3">
              <param name="X" type="float"/>
              <param name="Y" type="float"/>
              <param name="Z" type="float"/>
            </accessor>
          </technique_common>
        </source>
        <source id="REPERE_VISUEL_5mm_NON_BORDURE_026-mesh-normals">
          <float_array id="REPERE_VISUEL_5mm_NON_BORDURE_026-mesh-normals-array" count="6">0.01990586 -0.001707196 -0.9998005 0.01990586 -0.001707196 -0.9998005</float_array>
          <technique_common>
            <accessor source="#REPERE_VISUEL_5mm_NON_BORDURE_026-mesh-normals-array" count="2" stride="3">
              <param name="X" type="float"/>
              <param name="Y" type="float"/>
              <param name="Z" type="float"/>
            </accessor>
          </technique_common>
        </source>
        <vertices id="REPERE_VISUEL_5mm_NON_BORDURE_026-mesh-vertices">
          <input semantic="POSITION" source="#REPERE_VISUEL_5mm_NON_BORDURE_026-mesh-positions"/>
        </vertices>
        <triangles material="Annotations_NON_METRIQUES_001-material" count="2">
          <input semantic="VERTEX" source="#REPERE_VISUEL_5mm_NON_BORDURE_026-mesh-vertices" offset="0"/>
          <input semantic="NORMAL" source="#REPERE_VISUEL_5mm_NON_BORDURE_026-mesh-normals" offset="1"/>
          <p>1 0 3 0 0 0 1 1 2 1 3 1</p>
        </triangles>
      </mesh>
    </geometry>
    <geometry id="REPERE_VISUEL_5mm_NON_BORDURE_025-mesh" name="REPERE_VISUEL_5mm_NON_BORDURE.025">
      <mesh>
        <source id="REPERE_VISUEL_5mm_NON_BORDURE_025-mesh-positions">
          <float_array id="REPERE_VISUEL_5mm_NON_BORDURE_025-mesh-positions-array" count="12">-4.191493 -2.578483 -0.02999997 -4.201652 -3.484754 -0.07999998 -4.206652 -3.484698 -0.07999998 -4.196493 -2.578426 -0.02999997</float_array>
          <technique_common>
            <accessor source="#REPERE_VISUEL_5mm_NON_BORDURE_025-mesh-positions-array" count="4" stride="3">
              <param name="X" type="float"/>
              <param name="Y" type="float"/>
              <param name="Z" type="float"/>
            </accessor>
          </technique_common>
        </source>
        <source id="REPERE_VISUEL_5mm_NON_BORDURE_025-mesh-normals">
          <float_array id="REPERE_VISUEL_5mm_NON_BORDURE_025-mesh-normals-array" count="6">6.19661e-4 0.05508035 -0.9984818 6.19825e-4 0.05508035 -0.9984818</float_array>
          <technique_common>
            <accessor source="#REPERE_VISUEL_5mm_NON_BORDURE_025-mesh-normals-array" count="2" stride="3">
              <param name="X" type="float"/>
              <param name="Y" type="float"/>
              <param name="Z" type="float"/>
            </accessor>
          </technique_common>
        </source>
        <vertices id="REPERE_VISUEL_5mm_NON_BORDURE_025-mesh-vertices">
          <input semantic="POSITION" source="#REPERE_VISUEL_5mm_NON_BORDURE_025-mesh-positions"/>
        </vertices>
        <triangles material="Annotations_NON_METRIQUES_001-material" count="2">
          <input semantic="VERTEX" source="#REPERE_VISUEL_5mm_NON_BORDURE_025-mesh-vertices" offset="0"/>
          <input semantic="NORMAL" source="#REPERE_VISUEL_5mm_NON_BORDURE_025-mesh-normals" offset="1"/>
          <p>0 0 2 0 3 0 0 1 1 1 2 1</p>
        </triangles>
      </mesh>
    </geometry>
    <geometry id="REPERE_VISUEL_5mm_NON_BORDURE_024-mesh" name="REPERE_VISUEL_5mm_NON_BORDURE.024">
      <mesh>
        <source id="REPERE_VISUEL_5mm_NON_BORDURE_024-mesh-positions">
          <float_array id="REPERE_VISUEL_5mm_NON_BORDURE_024-mesh-positions-array" count="12">-5.8119 -2.53995 -0.04999995 -4.193937 -2.575955 -0.02999997 -4.194048 -2.580954 -0.02999997 -5.812012 -2.544948 -0.04999995</float_array>
          <technique_common>
            <accessor source="#REPERE_VISUEL_5mm_NON_BORDURE_024-mesh-positions-array" count="4" stride="3">
              <param name="X" type="float"/>
              <param name="Y" type="float"/>
              <param name="Z" type="float"/>
            </accessor>
          </technique_common>
        </source>
        <source id="REPERE_VISUEL_5mm_NON_BORDURE_024-mesh-normals">
          <float_array id="REPERE_VISUEL_5mm_NON_BORDURE_024-mesh-normals-array" count="6">0.01235413 -2.75749e-4 -0.9999237 0.01235413 -2.75767e-4 -0.9999237</float_array>
          <technique_common>
            <accessor source="#REPERE_VISUEL_5mm_NON_BORDURE_024-mesh-normals-array" count="2" stride="3">
              <param name="X" type="float"/>
              <param name="Y" type="float"/>
              <param name="Z" type="float"/>
            </accessor>
          </technique_common>
        </source>
        <vertices id="REPERE_VISUEL_5mm_NON_BORDURE_024-mesh-vertices">
          <input semantic="POSITION" source="#REPERE_VISUEL_5mm_NON_BORDURE_024-mesh-positions"/>
        </vertices>
        <triangles material="Annotations_NON_METRIQUES_001-material" count="2">
          <input semantic="VERTEX" source="#REPERE_VISUEL_5mm_NON_BORDURE_024-mesh-vertices" offset="0"/>
          <input semantic="NORMAL" source="#REPERE_VISUEL_5mm_NON_BORDURE_024-mesh-normals" offset="1"/>
          <p>0 0 2 0 3 0 0 1 1 1 2 1</p>
        </triangles>
      </mesh>
    </geometry>
    <geometry id="REPERE_VISUEL_5mm_NON_BORDURE_023-mesh" name="REPERE_VISUEL_5mm_NON_BORDURE.023">
      <mesh>
        <source id="REPERE_VISUEL_5mm_NON_BORDURE_023-mesh-positions">
          <float_array id="REPERE_VISUEL_5mm_NON_BORDURE_023-mesh-positions-array" count="12">-5.819674 -3.299076 -0.14 -5.814456 -2.542432 -0.04999995 -5.809456 -2.542466 -0.04999995 -5.814673 -3.29911 -0.14</float_array>
          <technique_common>
            <accessor source="#REPERE_VISUEL_5mm_NON_BORDURE_023-mesh-positions-array" count="4" stride="3">
              <param name="X" type="float"/>
              <param name="Y" type="float"/>
              <param name="Z" type="float"/>
            </accessor>
          </technique_common>
        </source>
        <source id="REPERE_VISUEL_5mm_NON_BORDURE_023-mesh-normals">
          <float_array id="REPERE_VISUEL_5mm_NON_BORDURE_023-mesh-normals-array" count="6">8.10966e-4 0.1181082 -0.9930004 8.10966e-4 0.1181082 -0.9930004</float_array>
          <technique_common>
            <accessor source="#REPERE_VISUEL_5mm_NON_BORDURE_023-mesh-normals-array" count="2" stride="3">
              <param name="X" type="float"/>
              <param name="Y" type="float"/>
              <param name="Z" type="float"/>
            </accessor>
          </technique_common>
        </source>
        <vertices id="REPERE_VISUEL_5mm_NON_BORDURE_023-mesh-vertices">
          <input semantic="POSITION" source="#REPERE_VISUEL_5mm_NON_BORDURE_023-mesh-positions"/>
        </vertices>
        <triangles material="Annotations_NON_METRIQUES_001-material" count="2">
          <input semantic="VERTEX" source="#REPERE_VISUEL_5mm_NON_BORDURE_023-mesh-vertices" offset="0"/>
          <input semantic="NORMAL" source="#REPERE_VISUEL_5mm_NON_BORDURE_023-mesh-normals" offset="1"/>
          <p>1 0 3 0 0 0 1 1 2 1 3 1</p>
        </triangles>
      </mesh>
    </geometry>
    <geometry id="REPERE_VISUEL_5mm_NON_BORDURE_022-mesh" name="REPERE_VISUEL_5mm_NON_BORDURE.022">
      <mesh>
        <source id="REPERE_VISUEL_5mm_NON_BORDURE_022-mesh-positions">
          <float_array id="REPERE_VISUEL_5mm_NON_BORDURE_022-mesh-positions-array" count="12">-5.701032 -3.317919 -0.12 -5.817521 -3.301568 -0.14 -5.816826 -3.296617 -0.14 -5.700336 -3.312967 -0.12</float_array>
          <technique_common>
            <accessor source="#REPERE_VISUEL_5mm_NON_BORDURE_022-mesh-positions-array" count="4" stride="3">
              <param name="X" type="float"/>
              <param name="Y" type="float"/>
              <param name="Z" type="float"/>
            </accessor>
          </technique_common>
        </source>
        <source id="REPERE_VISUEL_5mm_NON_BORDURE_022-mesh-normals">
          <float_array id="REPERE_VISUEL_5mm_NON_BORDURE_022-mesh-normals-array" count="6">0.1659892 -0.02330636 -0.9858522 0.1659892 -0.02330625 -0.9858522</float_array>
          <technique_common>
            <accessor source="#REPERE_VISUEL_5mm_NON_BORDURE_022-mesh-normals-array" count="2" stride="3">
              <param name="X" type="float"/>
              <param name="Y" type="float"/>
              <param name="Z" type="float"/>
            </accessor>
          </technique_common>
        </source>
        <vertices id="REPERE_VISUEL_5mm_NON_BORDURE_022-mesh-vertices">
          <input semantic="POSITION" source="#REPERE_VISUEL_5mm_NON_BORDURE_022-mesh-positions"/>
        </vertices>
        <triangles material="Annotations_NON_METRIQUES_001-material" count="2">
          <input semantic="VERTEX" source="#REPERE_VISUEL_5mm_NON_BORDURE_022-mesh-vertices" offset="0"/>
          <input semantic="NORMAL" source="#REPERE_VISUEL_5mm_NON_BORDURE_022-mesh-normals" offset="1"/>
          <p>0 0 2 0 3 0 0 1 1 1 2 1</p>
        </triangles>
      </mesh>
    </geometry>
    <geometry id="REPERE_VISUEL_5mm_NON_BORDURE_021-mesh" name="REPERE_VISUEL_5mm_NON_BORDURE.021">
      <mesh>
        <source id="REPERE_VISUEL_5mm_NON_BORDURE_021-mesh-positions">
          <float_array id="REPERE_VISUEL_5mm_NON_BORDURE_021-mesh-positions-array" count="12">-5.624675 -4.462035 -0.14 -5.703178 -3.315613 -0.12 -5.69819 -3.315272 -0.12 -5.619686 -4.461694 -0.14</float_array>
          <technique_common>
            <accessor source="#REPERE_VISUEL_5mm_NON_BORDURE_021-mesh-positions-array" count="4" stride="3">
              <param name="X" type="float"/>
              <param name="Y" type="float"/>
              <param name="Z" type="float"/>
            </accessor>
          </technique_common>
        </source>
        <source id="REPERE_VISUEL_5mm_NON_BORDURE_021-mesh-normals">
          <float_array id="REPERE_VISUEL_5mm_NON_BORDURE_021-mesh-normals-array" count="6">-0.001188218 0.01736158 -0.9998487 -0.001188158 0.01736158 -0.9998486</float_array>
          <technique_common>
            <accessor source="#REPERE_VISUEL_5mm_NON_BORDURE_021-mesh-normals-array" count="2" stride="3">
              <param name="X" type="float"/>
              <param name="Y" type="float"/>
              <param name="Z" type="float"/>
            </accessor>
          </technique_common>
        </source>
        <vertices id="REPERE_VISUEL_5mm_NON_BORDURE_021-mesh-vertices">
          <input semantic="POSITION" source="#REPERE_VISUEL_5mm_NON_BORDURE_021-mesh-positions"/>
        </vertices>
        <triangles material="Annotations_NON_METRIQUES_001-material" count="2">
          <input semantic="VERTEX" source="#REPERE_VISUEL_5mm_NON_BORDURE_021-mesh-vertices" offset="0"/>
          <input semantic="NORMAL" source="#REPERE_VISUEL_5mm_NON_BORDURE_021-mesh-normals" offset="1"/>
          <p>0 0 2 0 3 0 0 1 1 1 2 1</p>
        </triangles>
      </mesh>
    </geometry>
    <geometry id="REPERE_VISUEL_5mm_NON_BORDURE_020-mesh" name="REPERE_VISUEL_5mm_NON_BORDURE.020">
      <mesh>
        <source id="REPERE_VISUEL_5mm_NON_BORDURE_020-mesh-positions">
          <float_array id="REPERE_VISUEL_5mm_NON_BORDURE_020-mesh-positions-array" count="12">-4.682256 -5.557454 -0.08999997 -5.624075 -4.463496 -0.14 -5.620286 -4.460233 -0.14 -4.678467 -5.554192 -0.08999997</float_array>
          <technique_common>
            <accessor source="#REPERE_VISUEL_5mm_NON_BORDURE_020-mesh-positions-array" count="4" stride="3">
              <param name="X" type="float"/>
              <param name="Y" type="float"/>
              <param name="Z" type="float"/>
            </accessor>
          </technique_common>
        </source>
        <source id="REPERE_VISUEL_5mm_NON_BORDURE_020-mesh-normals">
          <float_array id="REPERE_VISUEL_5mm_NON_BORDURE_020-mesh-normals-array" count="6">0.02258741 -0.026232 -0.9994007 0.02258741 -0.026232 -0.9994007</float_array>
          <technique_common>
            <accessor source="#REPERE_VISUEL_5mm_NON_BORDURE_020-mesh-normals-array" count="2" stride="3">
              <param name="X" type="float"/>
              <param name="Y" type="float"/>
              <param name="Z" type="float"/>
            </accessor>
          </technique_common>
        </source>
        <vertices id="REPERE_VISUEL_5mm_NON_BORDURE_020-mesh-vertices">
          <input semantic="POSITION" source="#REPERE_VISUEL_5mm_NON_BORDURE_020-mesh-positions"/>
        </vertices>
        <triangles material="Annotations_NON_METRIQUES_001-material" count="2">
          <input semantic="VERTEX" source="#REPERE_VISUEL_5mm_NON_BORDURE_020-mesh-vertices" offset="0"/>
          <input semantic="NORMAL" source="#REPERE_VISUEL_5mm_NON_BORDURE_020-mesh-normals" offset="1"/>
          <p>1 0 3 0 0 0 1 1 2 1 3 1</p>
        </triangles>
      </mesh>
    </geometry>
    <geometry id="REPERE_VISUEL_5mm_NON_BORDURE_019-mesh" name="REPERE_VISUEL_5mm_NON_BORDURE.019">
      <mesh>
        <source id="REPERE_VISUEL_5mm_NON_BORDURE_019-mesh-positions">
          <float_array id="REPERE_VISUEL_5mm_NON_BORDURE_019-mesh-positions-array" count="12">-2.365108 -5.43894 0.02999997 -4.680233 -5.55832 -0.08999997 -4.68049 -5.553326 -0.08999997 -2.365365 -5.433946 0.02999997</float_array>
          <technique_common>
            <accessor source="#REPERE_VISUEL_5mm_NON_BORDURE_019-mesh-positions-array" count="4" stride="3">
              <param name="X" type="float"/>
              <param name="Y" type="float"/>
              <param name="Z" type="float"/>
            </accessor>
          </technique_common>
        </source>
        <source id="REPERE_VISUEL_5mm_NON_BORDURE_019-mesh-normals">
          <float_array id="REPERE_VISUEL_5mm_NON_BORDURE_019-mesh-normals-array" count="6">0.05162644 0.002662122 -0.9986629 0.05162644 0.002662122 -0.998663</float_array>
          <technique_common>
            <accessor source="#REPERE_VISUEL_5mm_NON_BORDURE_019-mesh-normals-array" count="2" stride="3">
              <param name="X" type="float"/>
              <param name="Y" type="float"/>
              <param name="Z" type="float"/>
            </accessor>
          </technique_common>
        </source>
        <vertices id="REPERE_VISUEL_5mm_NON_BORDURE_019-mesh-vertices">
          <input semantic="POSITION" source="#REPERE_VISUEL_5mm_NON_BORDURE_019-mesh-positions"/>
        </vertices>
        <triangles material="Annotations_NON_METRIQUES_001-material" count="2">
          <input semantic="VERTEX" source="#REPERE_VISUEL_5mm_NON_BORDURE_019-mesh-vertices" offset="0"/>
          <input semantic="NORMAL" source="#REPERE_VISUEL_5mm_NON_BORDURE_019-mesh-normals" offset="1"/>
          <p>1 0 3 0 0 0 1 1 2 1 3 1</p>
        </triangles>
      </mesh>
    </geometry>
    <geometry id="REPERE_VISUEL_5mm_NON_BORDURE_018-mesh" name="REPERE_VISUEL_5mm_NON_BORDURE.018">
      <mesh>
        <source id="REPERE_VISUEL_5mm_NON_BORDURE_018-mesh-positions">
          <float_array id="REPERE_VISUEL_5mm_NON_BORDURE_018-mesh-positions-array" count="12">2.548239 -5.287667 0.17 -2.365159 -5.438941 0.02999997 -2.365313 -5.433944 0.02999997 2.548085 -5.28267 0.17</float_array>
          <technique_common>
            <accessor source="#REPERE_VISUEL_5mm_NON_BORDURE_018-mesh-positions-array" count="4" stride="3">
              <param name="X" type="float"/>
              <param name="Y" type="float"/>
              <param name="Z" type="float"/>
            </accessor>
          </technique_common>
        </source>
        <source id="REPERE_VISUEL_5mm_NON_BORDURE_018-mesh-normals">
          <float_array id="REPERE_VISUEL_5mm_NON_BORDURE_018-mesh-normals-array" count="6">0.02845495 8.76999e-4 -0.9995947 0.02845495 8.76999e-4 -0.9995947</float_array>
          <technique_common>
            <accessor source="#REPERE_VISUEL_5mm_NON_BORDURE_018-mesh-normals-array" count="2" stride="3">
              <param name="X" type="float"/>
              <param name="Y" type="float"/>
              <param name="Z" type="float"/>
            </accessor>
          </technique_common>
        </source>
        <vertices id="REPERE_VISUEL_5mm_NON_BORDURE_018-mesh-vertices">
          <input semantic="POSITION" source="#REPERE_VISUEL_5mm_NON_BORDURE_018-mesh-positions"/>
        </vertices>
        <triangles material="Annotations_NON_METRIQUES_001-material" count="2">
          <input semantic="VERTEX" source="#REPERE_VISUEL_5mm_NON_BORDURE_018-mesh-vertices" offset="0"/>
          <input semantic="NORMAL" source="#REPERE_VISUEL_5mm_NON_BORDURE_018-mesh-normals" offset="1"/>
          <p>1 0 3 0 0 0 1 1 2 1 3 1</p>
        </triangles>
      </mesh>
    </geometry>
    <geometry id="REPERE_VISUEL_5mm_NON_BORDURE_017-mesh" name="REPERE_VISUEL_5mm_NON_BORDURE.017">
      <mesh>
        <source id="REPERE_VISUEL_5mm_NON_BORDURE_017-mesh-positions">
          <float_array id="REPERE_VISUEL_5mm_NON_BORDURE_017-mesh-positions-array" count="12">4.359156 -6.43686 -0.1 2.546823 -5.287279 0.17 2.549501 -5.283057 0.17 4.361834 -6.432638 -0.1</float_array>
          <technique_common>
            <accessor source="#REPERE_VISUEL_5mm_NON_BORDURE_017-mesh-positions-array" count="4" stride="3">
              <param name="X" type="float"/>
              <param name="Y" type="float"/>
              <param name="Z" type="float"/>
            </accessor>
          </technique_common>
        </source>
        <source id="REPERE_VISUEL_5mm_NON_BORDURE_017-mesh-normals">
          <float_array id="REPERE_VISUEL_5mm_NON_BORDURE_017-mesh-normals-array" count="6">-0.1054046 0.06685715 -0.9921795 -0.1054002 0.06686615 -0.9921793</float_array>
          <technique_common>
            <accessor source="#REPERE_VISUEL_5mm_NON_BORDURE_017-mesh-normals-array" count="2" stride="3">
              <param name="X" type="float"/>
              <param name="Y" type="float"/>
              <param name="Z" type="float"/>
            </accessor>
          </technique_common>
        </source>
        <vertices id="REPERE_VISUEL_5mm_NON_BORDURE_017-mesh-vertices">
          <input semantic="POSITION" source="#REPERE_VISUEL_5mm_NON_BORDURE_017-mesh-positions"/>
        </vertices>
        <triangles material="Annotations_NON_METRIQUES_001-material" count="2">
          <input semantic="VERTEX" source="#REPERE_VISUEL_5mm_NON_BORDURE_017-mesh-vertices" offset="0"/>
          <input semantic="NORMAL" source="#REPERE_VISUEL_5mm_NON_BORDURE_017-mesh-normals" offset="1"/>
          <p>0 0 2 0 3 0 0 1 1 1 2 1</p>
        </triangles>
      </mesh>
    </geometry>
    <geometry id="REPERE_VISUEL_5mm_NON_BORDURE_016-mesh" name="REPERE_VISUEL_5mm_NON_BORDURE.016">
      <mesh>
        <source id="REPERE_VISUEL_5mm_NON_BORDURE_016-mesh-positions">
          <float_array id="REPERE_VISUEL_5mm_NON_BORDURE_016-mesh-positions-array" count="12">4.791692 -6.586379 -0.07999998 4.359678 -6.437111 -0.1 4.361311 -6.432386 -0.1 4.793325 -6.581654 -0.07999998</float_array>
          <technique_common>
            <accessor source="#REPERE_VISUEL_5mm_NON_BORDURE_016-mesh-positions-array" count="4" stride="3">
              <param name="X" type="float"/>
              <param name="Y" type="float"/>
              <param name="Z" type="float"/>
            </accessor>
          </technique_common>
        </source>
        <source id="REPERE_VISUEL_5mm_NON_BORDURE_016-mesh-normals">
          <float_array id="REPERE_VISUEL_5mm_NON_BORDURE_016-mesh-normals-array" count="6">0.04131799 -0.01427572 -0.9990441 0.04131799 -0.01427572 -0.9990441</float_array>
          <technique_common>
            <accessor source="#REPERE_VISUEL_5mm_NON_BORDURE_016-mesh-normals-array" count="2" stride="3">
              <param name="X" type="float"/>
              <param name="Y" type="float"/>
              <param name="Z" type="float"/>
            </accessor>
          </technique_common>
        </source>
        <vertices id="REPERE_VISUEL_5mm_NON_BORDURE_016-mesh-vertices">
          <input semantic="POSITION" source="#REPERE_VISUEL_5mm_NON_BORDURE_016-mesh-positions"/>
        </vertices>
        <triangles material="Annotations_NON_METRIQUES_001-material" count="2">
          <input semantic="VERTEX" source="#REPERE_VISUEL_5mm_NON_BORDURE_016-mesh-vertices" offset="0"/>
          <input semantic="NORMAL" source="#REPERE_VISUEL_5mm_NON_BORDURE_016-mesh-normals" offset="1"/>
          <p>1 0 3 0 0 0 1 1 2 1 3 1</p>
        </triangles>
      </mesh>
    </geometry>
    <geometry id="REPERE_VISUEL_5mm_NON_BORDURE_015-mesh" name="REPERE_VISUEL_5mm_NON_BORDURE.015">
      <mesh>
        <source id="REPERE_VISUEL_5mm_NON_BORDURE_015-mesh-positions">
          <float_array id="REPERE_VISUEL_5mm_NON_BORDURE_015-mesh-positions-array" count="12">4.809226 -3.994114 -0.01999998 4.795009 -6.58403 -0.07999998 4.790009 -6.584002 -0.07999998 4.804226 -3.994086 -0.01999998</float_array>
          <technique_common>
            <accessor source="#REPERE_VISUEL_5mm_NON_BORDURE_015-mesh-positions-array" count="4" stride="3">
              <param name="X" type="float"/>
              <param name="Y" type="float"/>
              <param name="Z" type="float"/>
            </accessor>
          </technique_common>
        </source>
        <source id="REPERE_VISUEL_5mm_NON_BORDURE_015-mesh-normals">
          <float_array id="REPERE_VISUEL_5mm_NON_BORDURE_015-mesh-normals-array" count="6">1.27687e-4 0.0231598 -0.9997318 1.28101e-4 0.0231598 -0.9997318</float_array>
          <technique_common>
            <accessor source="#REPERE_VISUEL_5mm_NON_BORDURE_015-mesh-normals-array" count="2" stride="3">
              <param name="X" type="float"/>
              <param name="Y" type="float"/>
              <param name="Z" type="float"/>
            </accessor>
          </technique_common>
        </source>
        <vertices id="REPERE_VISUEL_5mm_NON_BORDURE_015-mesh-vertices">
          <input semantic="POSITION" source="#REPERE_VISUEL_5mm_NON_BORDURE_015-mesh-positions"/>
        </vertices>
        <triangles material="Annotations_NON_METRIQUES_001-material" count="2">
          <input semantic="VERTEX" source="#REPERE_VISUEL_5mm_NON_BORDURE_015-mesh-vertices" offset="0"/>
          <input semantic="NORMAL" source="#REPERE_VISUEL_5mm_NON_BORDURE_015-mesh-normals" offset="1"/>
          <p>0 0 2 0 3 0 0 1 1 1 2 1</p>
        </triangles>
      </mesh>
    </geometry>
    <geometry id="REPERE_VISUEL_5mm_NON_BORDURE_014-mesh" name="REPERE_VISUEL_5mm_NON_BORDURE.014">
      <mesh>
        <source id="REPERE_VISUEL_5mm_NON_BORDURE_014-mesh-positions">
          <float_array id="REPERE_VISUEL_5mm_NON_BORDURE_014-mesh-positions-array" count="12">4.83798 -1.175069 0.02999997 4.809226 -3.994125 -0.01999998 4.804226 -3.994074 -0.01999998 4.83298 -1.175018 0.02999997</float_array>
          <technique_common>
            <accessor source="#REPERE_VISUEL_5mm_NON_BORDURE_014-mesh-positions-array" count="4" stride="3">
              <param name="X" type="float"/>
              <param name="Y" type="float"/>
              <param name="Z" type="float"/>
            </accessor>
          </technique_common>
        </source>
        <source id="REPERE_VISUEL_5mm_NON_BORDURE_014-mesh-normals">
          <float_array id="REPERE_VISUEL_5mm_NON_BORDURE_014-mesh-normals-array" count="6">1.80937e-4 0.01773178 -0.9998428 1.80937e-4 0.01773178 -0.9998427</float_array>
          <technique_common>
            <accessor source="#REPERE_VISUEL_5mm_NON_BORDURE_014-mesh-normals-array" count="2" stride="3">
              <param name="X" type="float"/>
              <param name="Y" type="float"/>
              <param name="Z" type="float"/>
            </accessor>
          </technique_common>
        </source>
        <vertices id="REPERE_VISUEL_5mm_NON_BORDURE_014-mesh-vertices">
          <input semantic="POSITION" source="#REPERE_VISUEL_5mm_NON_BORDURE_014-mesh-positions"/>
        </vertices>
        <triangles material="Annotations_NON_METRIQUES_001-material" count="2">
          <input semantic="VERTEX" source="#REPERE_VISUEL_5mm_NON_BORDURE_014-mesh-vertices" offset="0"/>
          <input semantic="NORMAL" source="#REPERE_VISUEL_5mm_NON_BORDURE_014-mesh-normals" offset="1"/>
          <p>1 0 3 0 0 0 1 1 2 1 3 1</p>
        </triangles>
      </mesh>
    </geometry>
    <geometry id="REPERE_VISUEL_5mm_NON_BORDURE_013-mesh" name="REPERE_VISUEL_5mm_NON_BORDURE.013">
      <mesh>
        <source id="REPERE_VISUEL_5mm_NON_BORDURE_013-mesh-positions">
          <float_array id="REPERE_VISUEL_5mm_NON_BORDURE_013-mesh-positions-array" count="12">4.51677 -0.7517963 0.03999996 4.83747 -1.17353 0.02999997 4.83349 -1.176557 0.02999997 4.51279 -0.7548228 0.03999996</float_array>
          <technique_common>
            <accessor source="#REPERE_VISUEL_5mm_NON_BORDURE_013-mesh-positions-array" count="4" stride="3">
              <param name="X" type="float"/>
              <param name="Y" type="float"/>
              <param name="Z" type="float"/>
            </accessor>
          </technique_common>
        </source>
        <source id="REPERE_VISUEL_5mm_NON_BORDURE_013-mesh-normals">
          <float_array id="REPERE_VISUEL_5mm_NON_BORDURE_013-mesh-normals-array" count="6">-0.01142311 0.01502084 -0.999822 -0.01142311 0.01502084 -0.999822</float_array>
          <technique_common>
            <accessor source="#REPERE_VISUEL_5mm_NON_BORDURE_013-mesh-normals-array" count="2" stride="3">
              <param name="X" type="float"/>
              <param name="Y" type="float"/>
              <param name="Z" type="float"/>
            </accessor>
          </technique_common>
        </source>
        <vertices id="REPERE_VISUEL_5mm_NON_BORDURE_013-mesh-vertices">
          <input semantic="POSITION" source="#REPERE_VISUEL_5mm_NON_BORDURE_013-mesh-positions"/>
        </vertices>
        <triangles material="Annotations_NON_METRIQUES_001-material" count="2">
          <input semantic="VERTEX" source="#REPERE_VISUEL_5mm_NON_BORDURE_013-mesh-vertices" offset="0"/>
          <input semantic="NORMAL" source="#REPERE_VISUEL_5mm_NON_BORDURE_013-mesh-normals" offset="1"/>
          <p>1 0 3 0 0 0 1 1 2 1 3 1</p>
        </triangles>
      </mesh>
    </geometry>
    <geometry id="REPERE_VISUEL_5mm_NON_BORDURE_012-mesh" name="REPERE_VISUEL_5mm_NON_BORDURE.012">
      <mesh>
        <source id="REPERE_VISUEL_5mm_NON_BORDURE_012-mesh-positions">
          <float_array id="REPERE_VISUEL_5mm_NON_BORDURE_012-mesh-positions-array" count="12">0.9698455 -0.6524136 0 4.514849 -0.7508105 0.03999996 4.514711 -0.7558086 0.03999996 0.9697068 -0.6574117 0</float_array>
          <technique_common>
            <accessor source="#REPERE_VISUEL_5mm_NON_BORDURE_012-mesh-positions-array" count="4" stride="3">
              <param name="X" type="float"/>
              <param name="Y" type="float"/>
              <param name="Z" type="float"/>
            </accessor>
          </technique_common>
        </source>
        <source id="REPERE_VISUEL_5mm_NON_BORDURE_012-mesh-normals">
          <float_array id="REPERE_VISUEL_5mm_NON_BORDURE_012-mesh-normals-array" count="6">0.01127403 -3.12997e-4 -0.9999365 0.01127409 -3.11922e-4 -0.9999365</float_array>
          <technique_common>
            <accessor source="#REPERE_VISUEL_5mm_NON_BORDURE_012-mesh-normals-array" count="2" stride="3">
              <param name="X" type="float"/>
              <param name="Y" type="float"/>
              <param name="Z" type="float"/>
            </accessor>
          </technique_common>
        </source>
        <vertices id="REPERE_VISUEL_5mm_NON_BORDURE_012-mesh-vertices">
          <input semantic="POSITION" source="#REPERE_VISUEL_5mm_NON_BORDURE_012-mesh-positions"/>
        </vertices>
        <triangles material="Annotations_NON_METRIQUES_001-material" count="2">
          <input semantic="VERTEX" source="#REPERE_VISUEL_5mm_NON_BORDURE_012-mesh-vertices" offset="0"/>
          <input semantic="NORMAL" source="#REPERE_VISUEL_5mm_NON_BORDURE_012-mesh-normals" offset="1"/>
          <p>1 0 3 0 0 0 1 1 2 1 3 1</p>
        </triangles>
      </mesh>
    </geometry>
    <geometry id="REPERE_VISUEL_5mm_NON_BORDURE_011-mesh" name="REPERE_VISUEL_5mm_NON_BORDURE.011">
      <mesh>
        <source id="REPERE_VISUEL_5mm_NON_BORDURE_011-mesh-positions">
          <float_array id="REPERE_VISUEL_5mm_NON_BORDURE_011-mesh-positions-array" count="12">0.845309 4.75648e-4 0 0.9722305 -0.654437 0 0.9673218 -0.6553883 0 0.8404003 -4.75648e-4 0</float_array>
          <technique_common>
            <accessor source="#REPERE_VISUEL_5mm_NON_BORDURE_011-mesh-positions-array" count="4" stride="3">
              <param name="X" type="float"/>
              <param name="Y" type="float"/>
              <param name="Z" type="float"/>
            </accessor>
          </technique_common>
        </source>
        <source id="REPERE_VISUEL_5mm_NON_BORDURE_011-mesh-normals">
          <float_array id="REPERE_VISUEL_5mm_NON_BORDURE_011-mesh-normals-array" count="6">0 0 -1 0 0 -1</float_array>
          <technique_common>
            <accessor source="#REPERE_VISUEL_5mm_NON_BORDURE_011-mesh-normals-array" count="2" stride="3">
              <param name="X" type="float"/>
              <param name="Y" type="float"/>
              <param name="Z" type="float"/>
            </accessor>
          </technique_common>
        </source>
        <vertices id="REPERE_VISUEL_5mm_NON_BORDURE_011-mesh-vertices">
          <input semantic="POSITION" source="#REPERE_VISUEL_5mm_NON_BORDURE_011-mesh-positions"/>
        </vertices>
        <triangles material="Annotations_NON_METRIQUES_001-material" count="2">
          <input semantic="VERTEX" source="#REPERE_VISUEL_5mm_NON_BORDURE_011-mesh-vertices" offset="0"/>
          <input semantic="NORMAL" source="#REPERE_VISUEL_5mm_NON_BORDURE_011-mesh-normals" offset="1"/>
          <p>0 0 2 0 3 0 0 1 1 1 2 1</p>
        </triangles>
      </mesh>
    </geometry>
    <geometry id="REPERE_VISUEL_5mm_NON_BORDURE_010-mesh" name="REPERE_VISUEL_5mm_NON_BORDURE.010">
      <mesh>
        <source id="REPERE_VISUEL_5mm_NON_BORDURE_010-mesh-positions">
          <float_array id="REPERE_VISUEL_5mm_NON_BORDURE_010-mesh-positions-array" count="12">0 0.002499997 0 0.8428546 0.002499997 0 0.8428546 -0.002499997 0 0 -0.002499997 0</float_array>
          <technique_common>
            <accessor source="#REPERE_VISUEL_5mm_NON_BORDURE_010-mesh-positions-array" count="4" stride="3">
              <param name="X" type="float"/>
              <param name="Y" type="float"/>
              <param name="Z" type="float"/>
            </accessor>
          </technique_common>
        </source>
        <source id="REPERE_VISUEL_5mm_NON_BORDURE_010-mesh-normals">
          <float_array id="REPERE_VISUEL_5mm_NON_BORDURE_010-mesh-normals-array" count="6">0 0 -1 0 0 -1</float_array>
          <technique_common>
            <accessor source="#REPERE_VISUEL_5mm_NON_BORDURE_010-mesh-normals-array" count="2" stride="3">
              <param name="X" type="float"/>
              <param name="Y" type="float"/>
              <param name="Z" type="float"/>
            </accessor>
          </technique_common>
        </source>
        <vertices id="REPERE_VISUEL_5mm_NON_BORDURE_010-mesh-vertices">
          <input semantic="POSITION" source="#REPERE_VISUEL_5mm_NON_BORDURE_010-mesh-positions"/>
        </vertices>
        <triangles material="Annotations_NON_METRIQUES_001-material" count="2">
          <input semantic="VERTEX" source="#REPERE_VISUEL_5mm_NON_BORDURE_010-mesh-vertices" offset="0"/>
          <input semantic="NORMAL" source="#REPERE_VISUEL_5mm_NON_BORDURE_010-mesh-normals" offset="1"/>
          <p>1 0 3 0 0 0 1 1 2 1 3 1</p>
        </triangles>
      </mesh>
    </geometry>
    <geometry id="SURFACE_INTERPOLEE_NON_TERRAIN_Terrasse_de_droite-mesh" name="SURFACE_INTERPOLEE_NON_TERRAIN_Terrasse de droite">
      <mesh>
        <source id="SURFACE_INTERPOLEE_NON_TERRAIN_Terrasse_de_droite-mesh-positions">
          <float_array id="SURFACE_INTERPOLEE_NON_TERRAIN_Terrasse_de_droite-mesh-positions-array" count="72">0 0 0 0.8428546 0 0 0.9697762 -0.6549127 0 4.51478 -0.7533096 0.03999996 4.83548 -1.175044 0.02999997 4.806726 -3.9941 -0.01999998 4.792509 -6.584016 -0.07999998 4.360495 -6.434749 -0.1 2.548162 -5.285168 0.17 -2.365236 -5.436443 0.02999997 -4.680361 -5.555823 -0.08999997 -5.62218 -4.461864 -0.14 -5.700684 -3.315443 -0.12 -5.817173 -3.299093 -0.14 -5.811956 -2.542449 -0.04999995 -4.193993 -2.578454 -0.02999997 -4.204152 -3.484726 -0.07999998 -3.705555 -3.527492 -0.06999999 -2.207261 -3.543889 -0.03999996 -1.692837 -3.533305 -0.01999998 -1.693415 -2.607603 0.04999995 -1.693992 -2.60817 0.04999995 -0.06065386 -2.595095 0 0 0 0</float_array>
          <technique_common>
            <accessor source="#SURFACE_INTERPOLEE_NON_TERRAIN_Terrasse_de_droite-mesh-positions-array" count="24" stride="3">
              <param name="X" type="float"/>
              <param name="Y" type="float"/>
              <param name="Z" type="float"/>
            </accessor>
          </technique_common>
        </source>
        <source id="SURFACE_INTERPOLEE_NON_TERRAIN_Terrasse_de_droite-mesh-normals">
          <float_array id="SURFACE_INTERPOLEE_NON_TERRAIN_Terrasse_de_droite-mesh-normals-array" count="63">0 0 1 0 0 1 -0.01111865 0.005905091 0.9999207 6.14247e-4 -0.02323812 0.9997298 -9.85856e-4 -0.01772356 0.9998425 -0.01489937 -0.1179993 0.9929019 -0.04338467 -0.05455058 0.997568 0.02976119 0.08931207 0.995559 0.07378578 -0.07515162 0.9944385 -0.005349397 -0.07545447 0.9971349 0.1056408 0.9773002 0.1836422 -0.02890831 -0.01941454 0.9993935 -0.02250492 -0.02870362 0.9993346 -0.02036964 -0.03307694 0.9992453 -0.02772194 -0.3910216 0.9199639 -0.007921099 -0.07912331 0.9968335 -0.01932936 0.1785855 0.9837346 0.09718394 -0.02358412 0.994987 -0.0518167 0.001033663 0.9986561 -0.03061151 0.07160389 0.9969633 -0.2258937 -0.5456606 0.8069861</float_array>
          <technique_common>
            <accessor source="#SURFACE_INTERPOLEE_NON_TERRAIN_Terrasse_de_droite-mesh-normals-array" count="21" stride="3">
              <param name="X" type="float"/>
              <param name="Y" type="float"/>
              <param name="Z" type="float"/>
            </accessor>
          </technique_common>
        </source>
        <vertices id="SURFACE_INTERPOLEE_NON_TERRAIN_Terrasse_de_droite-mesh-vertices">
          <input semantic="POSITION" source="#SURFACE_INTERPOLEE_NON_TERRAIN_Terrasse_de_droite-mesh-positions"/>
        </vertices>
        <triangles material="Terrasse_de_droite_surface_INTERPOLEE-material" count="21">
          <input semantic="VERTEX" source="#SURFACE_INTERPOLEE_NON_TERRAIN_Terrasse_de_droite-mesh-vertices" offset="0"/>
          <input semantic="NORMAL" source="#SURFACE_INTERPOLEE_NON_TERRAIN_Terrasse_de_droite-mesh-normals" offset="1"/>
          <p>1 0 0 0 22 0 2 1 1 1 22 1 3 2 2 2 22 2 4 3 3 3 22 3 5 4 4 4 22 4 15 5 14 5 13 5 16 6 15 6 13 6 5 7 22 7 21 7 19 8 20 8 21 8 5 9 21 9 19 9 16 10 13 10 12 10 16 11 12 11 11 11 17 12 16 12 11 12 18 13 17 13 11 13 5 14 19 14 18 14 5 15 18 15 11 15 8 16 5 16 11 16 6 17 5 17 8 17 9 18 11 18 10 18 8 19 11 19 9 19 6 20 8 20 7 20</p>
        </triangles>
      </mesh>
    </geometry>
    <geometry id="CONTOUR_SOURCE_Terrasse_de_droite_001-mesh" name="CONTOUR_SOURCE_Terrasse de droite.001">
      <mesh>
        <source id="CONTOUR_SOURCE_Terrasse_de_droite_001-mesh-positions">
          <float_array id="CONTOUR_SOURCE_Terrasse_de_droite_001-mesh-positions-array" count="72">0 0 0 0.8428546 0 0 0.9697762 -0.6549127 0 4.51478 -0.7533096 0.03999996 4.83548 -1.175044 0.02999997 4.806726 -3.9941 -0.01999998 4.792509 -6.584016 -0.07999998 4.360495 -6.434749 -0.1 2.548162 -5.285168 0.17 -2.365236 -5.436443 0.02999997 -4.680361 -5.555823 -0.08999997 -5.62218 -4.461864 -0.14 -5.700684 -3.315443 -0.12 -5.817173 -3.299093 -0.14 -5.811956 -2.542449 -0.04999995 -4.193993 -2.578454 -0.02999997 -4.204152 -3.484726 -0.07999998 -3.705555 -3.527492 -0.06999999 -2.207261 -3.543889 -0.03999996 -1.692837 -3.533305 -0.01999998 -1.693415 -2.607603 0.04999995 -1.693992 -2.60817 0.04999995 -0.06065386 -2.595095 0 0 0 0</float_array>
          <technique_common>
            <accessor source="#CONTOUR_SOURCE_Terrasse_de_droite_001-mesh-positions-array" count="24" stride="3">
              <param name="X" type="float"/>
              <param name="Y" type="float"/>
              <param name="Z" type="float"/>
            </accessor>
          </technique_common>
        </source>
        <source id="CONTOUR_SOURCE_Terrasse_de_droite_001-mesh-normals">
          <float_array id="CONTOUR_SOURCE_Terrasse_de_droite_001-mesh-normals-array" count="0"/>
          <technique_common>
            <accessor source="#CONTOUR_SOURCE_Terrasse_de_droite_001-mesh-normals-array" count="0" stride="3">
              <param name="X" type="float"/>
              <param name="Y" type="float"/>
              <param name="Z" type="float"/>
            </accessor>
          </technique_common>
        </source>
        <vertices id="CONTOUR_SOURCE_Terrasse_de_droite_001-mesh-vertices">
          <input semantic="POSITION" source="#CONTOUR_SOURCE_Terrasse_de_droite_001-mesh-positions"/>
        </vertices>
        <lines count="23">
          <input semantic="VERTEX" source="#CONTOUR_SOURCE_Terrasse_de_droite_001-mesh-vertices" offset="0"/>
          <p>1 0 2 1 3 2 4 3 5 4 6 5 7 6 8 7 9 8 10 9 11 10 12 11 13 12 14 13 15 14 16 15 17 16 18 17 19 18 20 19 21 20 22 21 23 22</p>
        </lines>
      </mesh>
    </geometry>
    <geometry id="REPERE_VISUEL_5mm_NON_BORDURE_009-mesh" name="REPERE_VISUEL_5mm_NON_BORDURE.009">
      <mesh>
        <source id="REPERE_VISUEL_5mm_NON_BORDURE_009-mesh-positions">
          <float_array id="REPERE_VISUEL_5mm_NON_BORDURE_009-mesh-positions-array" count="12">10.6475 -9.88172 -0.27 11.01543 -9.503013 -0.34 11.01902 -9.506498 -0.34 10.65108 -9.885205 -0.27</float_array>
          <technique_common>
            <accessor source="#REPERE_VISUEL_5mm_NON_BORDURE_009-mesh-positions-array" count="4" stride="3">
              <param name="X" type="float"/>
              <param name="Y" type="float"/>
              <param name="Z" type="float"/>
            </accessor>
          </technique_common>
        </source>
        <source id="REPERE_VISUEL_5mm_NON_BORDURE_009-mesh-normals">
          <float_array id="REPERE_VISUEL_5mm_NON_BORDURE_009-mesh-normals-array" count="6">-0.09159243 -0.09424942 -0.9913263 -0.09159266 -0.09424966 -0.9913263</float_array>
          <technique_common>
            <accessor source="#REPERE_VISUEL_5mm_NON_BORDURE_009-mesh-normals-array" count="2" stride="3">
              <param name="X" type="float"/>
              <param name="Y" type="float"/>
              <param name="Z" type="float"/>
            </accessor>
          </technique_common>
        </source>
        <vertices id="REPERE_VISUEL_5mm_NON_BORDURE_009-mesh-vertices">
          <input semantic="POSITION" source="#REPERE_VISUEL_5mm_NON_BORDURE_009-mesh-positions"/>
        </vertices>
        <triangles material="Annotations_NON_METRIQUES_001-material" count="2">
          <input semantic="VERTEX" source="#REPERE_VISUEL_5mm_NON_BORDURE_009-mesh-vertices" offset="0"/>
          <input semantic="NORMAL" source="#REPERE_VISUEL_5mm_NON_BORDURE_009-mesh-normals" offset="1"/>
          <p>0 0 2 0 3 0 0 1 1 1 2 1</p>
        </triangles>
      </mesh>
    </geometry>
    <geometry id="REPERE_VISUEL_5mm_NON_BORDURE_008-mesh" name="REPERE_VISUEL_5mm_NON_BORDURE.008">
      <mesh>
        <source id="REPERE_VISUEL_5mm_NON_BORDURE_008-mesh-positions">
          <float_array id="REPERE_VISUEL_5mm_NON_BORDURE_008-mesh-positions-array" count="12">10.4724 -8.581326 -0.59 10.65177 -9.883121 -0.27 10.64682 -9.883804 -0.27 10.46745 -8.582009 -0.59</float_array>
          <technique_common>
            <accessor source="#REPERE_VISUEL_5mm_NON_BORDURE_008-mesh-positions-array" count="4" stride="3">
              <param name="X" type="float"/>
              <param name="Y" type="float"/>
              <param name="Z" type="float"/>
            </accessor>
          </technique_common>
        </source>
        <source id="REPERE_VISUEL_5mm_NON_BORDURE_008-mesh-normals">
          <float_array id="REPERE_VISUEL_5mm_NON_BORDURE_008-mesh-normals-array" count="6">0.03231 -0.2343832 -0.9716073 0.03231 -0.2343832 -0.9716072</float_array>
          <technique_common>
            <accessor source="#REPERE_VISUEL_5mm_NON_BORDURE_008-mesh-normals-array" count="2" stride="3">
              <param name="X" type="float"/>
              <param name="Y" type="float"/>
              <param name="Z" type="float"/>
            </accessor>
          </technique_common>
        </source>
        <vertices id="REPERE_VISUEL_5mm_NON_BORDURE_008-mesh-vertices">
          <input semantic="POSITION" source="#REPERE_VISUEL_5mm_NON_BORDURE_008-mesh-positions"/>
        </vertices>
        <triangles material="Annotations_NON_METRIQUES_001-material" count="2">
          <input semantic="VERTEX" source="#REPERE_VISUEL_5mm_NON_BORDURE_008-mesh-vertices" offset="0"/>
          <input semantic="NORMAL" source="#REPERE_VISUEL_5mm_NON_BORDURE_008-mesh-normals" offset="1"/>
          <p>1 0 3 0 0 0 1 1 2 1 3 1</p>
        </triangles>
      </mesh>
    </geometry>
    <geometry id="REPERE_VISUEL_5mm_NON_BORDURE_007-mesh" name="REPERE_VISUEL_5mm_NON_BORDURE.007">
      <mesh>
        <source id="REPERE_VISUEL_5mm_NON_BORDURE_007-mesh-positions">
          <float_array id="REPERE_VISUEL_5mm_NON_BORDURE_007-mesh-positions-array" count="12">10.48518 -4.673964 -0.5 10.47243 -8.581676 -0.59 10.46743 -8.581659 -0.59 10.48018 -4.673948 -0.5</float_array>
          <technique_common>
            <accessor source="#REPERE_VISUEL_5mm_NON_BORDURE_007-mesh-positions-array" count="4" stride="3">
              <param name="X" type="float"/>
              <param name="Y" type="float"/>
              <param name="Z" type="float"/>
            </accessor>
          </technique_common>
        </source>
        <source id="REPERE_VISUEL_5mm_NON_BORDURE_007-mesh-normals">
          <float_array id="REPERE_VISUEL_5mm_NON_BORDURE_007-mesh-normals-array" count="6">7.47321e-5 0.02302503 -0.9997348 7.90634e-5 0.02302497 -0.9997349</float_array>
          <technique_common>
            <accessor source="#REPERE_VISUEL_5mm_NON_BORDURE_007-mesh-normals-array" count="2" stride="3">
              <param name="X" type="float"/>
              <param name="Y" type="float"/>
              <param name="Z" type="float"/>
            </accessor>
          </technique_common>
        </source>
        <vertices id="REPERE_VISUEL_5mm_NON_BORDURE_007-mesh-vertices">
          <input semantic="POSITION" source="#REPERE_VISUEL_5mm_NON_BORDURE_007-mesh-positions"/>
        </vertices>
        <triangles material="Annotations_NON_METRIQUES_001-material" count="2">
          <input semantic="VERTEX" source="#REPERE_VISUEL_5mm_NON_BORDURE_007-mesh-vertices" offset="0"/>
          <input semantic="NORMAL" source="#REPERE_VISUEL_5mm_NON_BORDURE_007-mesh-normals" offset="1"/>
          <p>0 0 2 0 3 0 0 1 1 1 2 1</p>
        </triangles>
      </mesh>
    </geometry>
    <geometry id="REPERE_VISUEL_5mm_NON_BORDURE_006-mesh" name="REPERE_VISUEL_5mm_NON_BORDURE.006">
      <mesh>
        <source id="REPERE_VISUEL_5mm_NON_BORDURE_006-mesh-positions">
          <float_array id="REPERE_VISUEL_5mm_NON_BORDURE_006-mesh-positions-array" count="12">10.33803 -0.1212512 -0.46 10.48518 -4.673875 -0.5 10.48018 -4.674036 -0.5 10.33304 -0.1214128 -0.46</float_array>
          <technique_common>
            <accessor source="#REPERE_VISUEL_5mm_NON_BORDURE_006-mesh-positions-array" count="4" stride="3">
              <param name="X" type="float"/>
              <param name="Y" type="float"/>
              <param name="Z" type="float"/>
            </accessor>
          </technique_common>
        </source>
        <source id="REPERE_VISUEL_5mm_NON_BORDURE_006-mesh-normals">
          <float_array id="REPERE_VISUEL_5mm_NON_BORDURE_006-mesh-normals-array" count="6">-2.83953e-4 0.008776605 -0.9999615 -2.83064e-4 0.008776605 -0.9999614</float_array>
          <technique_common>
            <accessor source="#REPERE_VISUEL_5mm_NON_BORDURE_006-mesh-normals-array" count="2" stride="3">
              <param name="X" type="float"/>
              <param name="Y" type="float"/>
              <param name="Z" type="float"/>
            </accessor>
          </technique_common>
        </source>
        <vertices id="REPERE_VISUEL_5mm_NON_BORDURE_006-mesh-vertices">
          <input semantic="POSITION" source="#REPERE_VISUEL_5mm_NON_BORDURE_006-mesh-positions"/>
        </vertices>
        <triangles material="Annotations_NON_METRIQUES_001-material" count="2">
          <input semantic="VERTEX" source="#REPERE_VISUEL_5mm_NON_BORDURE_006-mesh-vertices" offset="0"/>
          <input semantic="NORMAL" source="#REPERE_VISUEL_5mm_NON_BORDURE_006-mesh-normals" offset="1"/>
          <p>0 0 2 0 3 0 0 1 1 1 2 1</p>
        </triangles>
      </mesh>
    </geometry>
    <geometry id="REPERE_VISUEL_5mm_NON_BORDURE_005-mesh" name="REPERE_VISUEL_5mm_NON_BORDURE.005">
      <mesh>
        <source id="REPERE_VISUEL_5mm_NON_BORDURE_005-mesh-positions">
          <float_array id="REPERE_VISUEL_5mm_NON_BORDURE_005-mesh-positions-array" count="12">8.850728 0.4617966 -0.4 10.33644 -0.1190036 -0.46 10.33462 -0.1236604 -0.46 8.848908 0.4571398 -0.4</float_array>
          <technique_common>
            <accessor source="#REPERE_VISUEL_5mm_NON_BORDURE_005-mesh-positions-array" count="4" stride="3">
              <param name="X" type="float"/>
              <param name="Y" type="float"/>
              <param name="Z" type="float"/>
            </accessor>
          </technique_common>
        </source>
        <source id="REPERE_VISUEL_5mm_NON_BORDURE_005-mesh-normals">
          <float_array id="REPERE_VISUEL_5mm_NON_BORDURE_005-mesh-normals-array" count="6">-0.03500843 0.01367932 -0.9992933 -0.03500843 0.0136792 -0.9992933</float_array>
          <technique_common>
            <accessor source="#REPERE_VISUEL_5mm_NON_BORDURE_005-mesh-normals-array" count="2" stride="3">
              <param name="X" type="float"/>
              <param name="Y" type="float"/>
              <param name="Z" type="float"/>
            </accessor>
          </technique_common>
        </source>
        <vertices id="REPERE_VISUEL_5mm_NON_BORDURE_005-mesh-vertices">
          <input semantic="POSITION" source="#REPERE_VISUEL_5mm_NON_BORDURE_005-mesh-positions"/>
        </vertices>
        <triangles material="Annotations_NON_METRIQUES_001-material" count="2">
          <input semantic="VERTEX" source="#REPERE_VISUEL_5mm_NON_BORDURE_005-mesh-vertices" offset="0"/>
          <input semantic="NORMAL" source="#REPERE_VISUEL_5mm_NON_BORDURE_005-mesh-normals" offset="1"/>
          <p>1 0 3 0 0 0 1 1 2 1 3 1</p>
        </triangles>
      </mesh>
    </geometry>
    <geometry id="REPERE_VISUEL_5mm_NON_BORDURE_004-mesh" name="REPERE_VISUEL_5mm_NON_BORDURE.004">
      <mesh>
        <source id="REPERE_VISUEL_5mm_NON_BORDURE_004-mesh-positions">
          <float_array id="REPERE_VISUEL_5mm_NON_BORDURE_004-mesh-positions-array" count="12">5.020051 0.3791098 -0.22 8.849763 0.4619676 -0.4 8.849872 0.4569688 -0.4 5.020159 0.374111 -0.22</float_array>
          <technique_common>
            <accessor source="#REPERE_VISUEL_5mm_NON_BORDURE_004-mesh-positions-array" count="4" stride="3">
              <param name="X" type="float"/>
              <param name="Y" type="float"/>
              <param name="Z" type="float"/>
            </accessor>
          </technique_common>
        </source>
        <source id="REPERE_VISUEL_5mm_NON_BORDURE_004-mesh-normals">
          <float_array id="REPERE_VISUEL_5mm_NON_BORDURE_004-mesh-normals-array" count="6">-0.04692721 -0.00101161 -0.9988978 -0.04692703 -0.00102061 -0.9988978</float_array>
          <technique_common>
            <accessor source="#REPERE_VISUEL_5mm_NON_BORDURE_004-mesh-normals-array" count="2" stride="3">
              <param name="X" type="float"/>
              <param name="Y" type="float"/>
              <param name="Z" type="float"/>
            </accessor>
          </technique_common>
        </source>
        <vertices id="REPERE_VISUEL_5mm_NON_BORDURE_004-mesh-vertices">
          <input semantic="POSITION" source="#REPERE_VISUEL_5mm_NON_BORDURE_004-mesh-positions"/>
        </vertices>
        <triangles material="Annotations_NON_METRIQUES_001-material" count="2">
          <input semantic="VERTEX" source="#REPERE_VISUEL_5mm_NON_BORDURE_004-mesh-vertices" offset="0"/>
          <input semantic="NORMAL" source="#REPERE_VISUEL_5mm_NON_BORDURE_004-mesh-normals" offset="1"/>
          <p>1 0 3 0 0 0 1 1 2 1 3 1</p>
        </triangles>
      </mesh>
    </geometry>
    <geometry id="REPERE_VISUEL_5mm_NON_BORDURE_003-mesh" name="REPERE_VISUEL_5mm_NON_BORDURE.003">
      <mesh>
        <source id="REPERE_VISUEL_5mm_NON_BORDURE_003-mesh-positions">
          <float_array id="REPERE_VISUEL_5mm_NON_BORDURE_003-mesh-positions-array" count="12">2.861007 0.002052307 -0.08999997 5.019675 0.3790732 -0.22 5.020535 0.3741477 -0.22 2.861867 -0.002873063 -0.08999997</float_array>
          <technique_common>
            <accessor source="#REPERE_VISUEL_5mm_NON_BORDURE_003-mesh-positions-array" count="4" stride="3">
              <param name="X" type="float"/>
              <param name="Y" type="float"/>
              <param name="Z" type="float"/>
            </accessor>
          </technique_common>
        </source>
        <source id="REPERE_VISUEL_5mm_NON_BORDURE_003-mesh-normals">
          <float_array id="REPERE_VISUEL_5mm_NON_BORDURE_003-mesh-normals-array" count="6">-0.05833709 -0.0101875 -0.998245 -0.05833715 -0.0101884 -0.998245</float_array>
          <technique_common>
            <accessor source="#REPERE_VISUEL_5mm_NON_BORDURE_003-mesh-normals-array" count="2" stride="3">
              <param name="X" type="float"/>
              <param name="Y" type="float"/>
              <param name="Z" type="float"/>
            </accessor>
          </technique_common>
        </source>
        <vertices id="REPERE_VISUEL_5mm_NON_BORDURE_003-mesh-vertices">
          <input semantic="POSITION" source="#REPERE_VISUEL_5mm_NON_BORDURE_003-mesh-positions"/>
        </vertices>
        <triangles material="Annotations_NON_METRIQUES_001-material" count="2">
          <input semantic="VERTEX" source="#REPERE_VISUEL_5mm_NON_BORDURE_003-mesh-vertices" offset="0"/>
          <input semantic="NORMAL" source="#REPERE_VISUEL_5mm_NON_BORDURE_003-mesh-normals" offset="1"/>
          <p>0 0 2 0 3 0 0 1 1 1 2 1</p>
        </triangles>
      </mesh>
    </geometry>
    <geometry id="REPERE_VISUEL_5mm_NON_BORDURE_002-mesh" name="REPERE_VISUEL_5mm_NON_BORDURE.002">
      <mesh>
        <source id="REPERE_VISUEL_5mm_NON_BORDURE_002-mesh-positions">
          <float_array id="REPERE_VISUEL_5mm_NON_BORDURE_002-mesh-positions-array" count="12">2.861229 0.002112686 -0.08999997 2.861627 0.002082347 -0.08999997 2.861247 -0.002903103 -0.08999997 2.860849 -0.002872824 -0.08999997</float_array>
          <technique_common>
            <accessor source="#REPERE_VISUEL_5mm_NON_BORDURE_002-mesh-positions-array" count="4" stride="3">
              <param name="X" type="float"/>
              <param name="Y" type="float"/>
              <param name="Z" type="float"/>
            </accessor>
          </technique_common>
        </source>
        <source id="REPERE_VISUEL_5mm_NON_BORDURE_002-mesh-normals">
          <float_array id="REPERE_VISUEL_5mm_NON_BORDURE_002-mesh-normals-array" count="6">0 0 -1 0 0 -1</float_array>
          <technique_common>
            <accessor source="#REPERE_VISUEL_5mm_NON_BORDURE_002-mesh-normals-array" count="2" stride="3">
              <param name="X" type="float"/>
              <param name="Y" type="float"/>
              <param name="Z" type="float"/>
            </accessor>
          </technique_common>
        </source>
        <vertices id="REPERE_VISUEL_5mm_NON_BORDURE_002-mesh-vertices">
          <input semantic="POSITION" source="#REPERE_VISUEL_5mm_NON_BORDURE_002-mesh-positions"/>
        </vertices>
        <triangles material="Annotations_NON_METRIQUES_001-material" count="2">
          <input semantic="VERTEX" source="#REPERE_VISUEL_5mm_NON_BORDURE_002-mesh-vertices" offset="0"/>
          <input semantic="NORMAL" source="#REPERE_VISUEL_5mm_NON_BORDURE_002-mesh-normals" offset="1"/>
          <p>1 0 3 0 0 0 1 1 2 1 3 1</p>
        </triangles>
      </mesh>
    </geometry>
    <geometry id="REPERE_VISUEL_5mm_NON_BORDURE_001-mesh" name="REPERE_VISUEL_5mm_NON_BORDURE.001">
      <mesh>
        <source id="REPERE_VISUEL_5mm_NON_BORDURE_001-mesh-positions">
          <float_array id="REPERE_VISUEL_5mm_NON_BORDURE_001-mesh-positions-array" count="12">2.86133 0.002253651 -0.08999997 2.862121 0.001873552 -0.08999997 2.859957 -0.00263369 -0.08999997 2.859165 -0.002253651 -0.08999997</float_array>
          <technique_common>
            <accessor source="#REPERE_VISUEL_5mm_NON_BORDURE_001-mesh-positions-array" count="4" stride="3">
              <param name="X" type="float"/>
              <param name="Y" type="float"/>
              <param name="Z" type="float"/>
            </accessor>
          </technique_common>
        </source>
        <source id="REPERE_VISUEL_5mm_NON_BORDURE_001-mesh-normals">
          <float_array id="REPERE_VISUEL_5mm_NON_BORDURE_001-mesh-normals-array" count="6">0 0 -1 0 0 -1</float_array>
          <technique_common>
            <accessor source="#REPERE_VISUEL_5mm_NON_BORDURE_001-mesh-normals-array" count="2" stride="3">
              <param name="X" type="float"/>
              <param name="Y" type="float"/>
              <param name="Z" type="float"/>
            </accessor>
          </technique_common>
        </source>
        <vertices id="REPERE_VISUEL_5mm_NON_BORDURE_001-mesh-vertices">
          <input semantic="POSITION" source="#REPERE_VISUEL_5mm_NON_BORDURE_001-mesh-positions"/>
        </vertices>
        <triangles material="Annotations_NON_METRIQUES_001-material" count="2">
          <input semantic="VERTEX" source="#REPERE_VISUEL_5mm_NON_BORDURE_001-mesh-vertices" offset="0"/>
          <input semantic="NORMAL" source="#REPERE_VISUEL_5mm_NON_BORDURE_001-mesh-normals" offset="1"/>
          <p>0 0 2 0 3 0 0 1 1 1 2 1</p>
        </triangles>
      </mesh>
    </geometry>
    <geometry id="REPERE_VISUEL_5mm_NON_BORDURE-mesh" name="REPERE_VISUEL_5mm_NON_BORDURE">
      <mesh>
        <source id="REPERE_VISUEL_5mm_NON_BORDURE-mesh-positions">
          <float_array id="REPERE_VISUEL_5mm_NON_BORDURE-mesh-positions-array" count="12">0 0.002499997 0 2.860247 0.002499997 -0.08999997 2.860247 -0.002499997 -0.08999997 0 -0.002499997 0</float_array>
          <technique_common>
            <accessor source="#REPERE_VISUEL_5mm_NON_BORDURE-mesh-positions-array" count="4" stride="3">
              <param name="X" type="float"/>
              <param name="Y" type="float"/>
              <param name="Z" type="float"/>
            </accessor>
          </technique_common>
        </source>
        <source id="REPERE_VISUEL_5mm_NON_BORDURE-mesh-normals">
          <float_array id="REPERE_VISUEL_5mm_NON_BORDURE-mesh-normals-array" count="6">-0.03145021 0 -0.9995054 -0.03145021 0 -0.9995054</float_array>
          <technique_common>
            <accessor source="#REPERE_VISUEL_5mm_NON_BORDURE-mesh-normals-array" count="2" stride="3">
              <param name="X" type="float"/>
              <param name="Y" type="float"/>
              <param name="Z" type="float"/>
            </accessor>
          </technique_common>
        </source>
        <vertices id="REPERE_VISUEL_5mm_NON_BORDURE-mesh-vertices">
          <input semantic="POSITION" source="#REPERE_VISUEL_5mm_NON_BORDURE-mesh-positions"/>
        </vertices>
        <triangles material="Annotations_NON_METRIQUES_001-material" count="2">
          <input semantic="VERTEX" source="#REPERE_VISUEL_5mm_NON_BORDURE-mesh-vertices" offset="0"/>
          <input semantic="NORMAL" source="#REPERE_VISUEL_5mm_NON_BORDURE-mesh-normals" offset="1"/>
          <p>1 0 3 0 0 0 1 1 2 1 3 1</p>
        </triangles>
      </mesh>
    </geometry>
    <geometry id="CONTOUR_SOURCE_Bordure_maison_001-mesh" name="CONTOUR_SOURCE_Bordure maison.001">
      <mesh>
        <source id="CONTOUR_SOURCE_Bordure_maison_001-mesh-positions">
          <float_array id="CONTOUR_SOURCE_Bordure_maison_001-mesh-positions-array" count="33">0 0 0 2.860247 0 -0.08999997 2.861039 -3.80066e-4 -0.08999997 2.861437 -4.10375e-4 -0.08999997 5.020105 0.3766104 -0.22 8.849818 0.4594682 -0.4 10.33553 -0.121332 -0.46 10.48268 -4.673956 -0.5 10.46993 -8.581667 -0.59 10.64929 -9.883462 -0.27 11.01722 -9.504755 -0.34</float_array>
          <technique_common>
            <accessor source="#CONTOUR_SOURCE_Bordure_maison_001-mesh-positions-array" count="11" stride="3">
              <param name="X" type="float"/>
              <param name="Y" type="float"/>
              <param name="Z" type="float"/>
            </accessor>
          </technique_common>
        </source>
        <source id="CONTOUR_SOURCE_Bordure_maison_001-mesh-normals">
          <float_array id="CONTOUR_SOURCE_Bordure_maison_001-mesh-normals-array" count="0"/>
          <technique_common>
            <accessor source="#CONTOUR_SOURCE_Bordure_maison_001-mesh-normals-array" count="0" stride="3">
              <param name="X" type="float"/>
              <param name="Y" type="float"/>
              <param name="Z" type="float"/>
            </accessor>
          </technique_common>
        </source>
        <vertices id="CONTOUR_SOURCE_Bordure_maison_001-mesh-vertices">
          <input semantic="POSITION" source="#CONTOUR_SOURCE_Bordure_maison_001-mesh-positions"/>
        </vertices>
        <lines count="10">
          <input semantic="VERTEX" source="#CONTOUR_SOURCE_Bordure_maison_001-mesh-vertices" offset="0"/>
          <p>1 0 2 1 3 2 4 3 5 4 6 5 7 6 8 7 9 8 10 9</p>
        </lines>
      </mesh>
    </geometry>
  </library_geometries>
  <library_visual_scenes>
    <visual_scene id="Scene" name="Scene">
      <node id="Axonometrie_releves" name="Axonometrie_releves" type="NODE">
        <matrix sid="transform">0.8265992 -0.3630373 0.4300439 50 0.5627911 0.5332108 -0.6316268 -35 3.1567e-8 0.7641271 0.6450657 48 0 0 0 1</matrix>
        <instance_camera url="#Axonometrie_releves-camera"/>
      </node>
      <node id="_0_NOTICE_NON_GEOMETRIQUE" name="00_NOTICE_NON_GEOMETRIQUE" type="NODE">
        <matrix sid="transform">1 0 0 0 0 1 0 0 0 0 1 0 0 0 0 1</matrix>
        <node id="NOKOD_GARDENS_-_RELEVES_3D" name="NOKOD GARDENS - RELEVES 3D" type="NODE">
          <matrix sid="transform">1 0 0 0 0 1 0 34 0 0 1 0 0 0 0 1</matrix>
          <instance_geometry url="#NOKOD_GARDENS_-_RELEVES_3D-mesh" name="NOKOD GARDENS - RELEVES 3D">
            <bind_material>
              <technique_common>
                <instance_material symbol="Annotations_NON_METRIQUES_001-material" target="#Annotations_NON_METRIQUES_001-material">
                  <bind_vertex_input semantic="UVMap" input_semantic="TEXCOORD" input_set="0"/>
                </instance_material>
              </technique_common>
            </bind_material>
          </instance_geometry>
        </node>
        <node id="Metres_1_1___4_reperes_locaux___disposition_eclatee_de_travail" name="Metres 1:1 | 4 reperes locaux | disposition eclatee de travail" type="NODE">
          <matrix sid="transform">1 0 0 0 0 1 0 33.2 0 0 1 0 0 0 0 1</matrix>
          <instance_geometry url="#Metres_1_1___4_reperes_locaux___disposition_eclatee_de_travai-mesh" name="Metres 1:1 | 4 reperes locaux | disposition eclatee de travail">
            <bind_material>
              <technique_common>
                <instance_material symbol="Annotations_NON_METRIQUES_001-material" target="#Annotations_NON_METRIQUES_001-material">
                  <bind_vertex_input semantic="UVMap" input_semantic="TEXCOORD" input_set="0"/>
                </instance_material>
              </technique_common>
            </bind_material>
          </instance_geometry>
        </node>
        <node id="Les_translations_de_presentation_ne_sont_PAS_une_implantation_d" name="Les translations de presentation ne sont PAS une implantation d" type="NODE">
          <matrix sid="transform">1 0 0 0 0 1 0 32.6 0 0 1 0 0 0 0 1</matrix>
          <instance_geometry url="#Les_translations_de_presentation_ne_sont_PAS_une_implantation_-mesh" name="Les translations de presentation ne sont PAS une implantation d">
            <bind_material>
              <technique_common>
                <instance_material symbol="Annotations_NON_METRIQUES_001-material" target="#Annotations_NON_METRIQUES_001-material">
                  <bind_vertex_input semantic="UVMap" input_semantic="TEXCOORD" input_set="0"/>
                </instance_material>
              </technique_common>
            </bind_material>
          </instance_geometry>
        </node>
        <node id="Surfaces_interpolees_entre_points_de_bord___pas_de_terrain_ni_m" name="Surfaces interpolees entre points de bord : pas de terrain ni m" type="NODE">
          <matrix sid="transform">1 0 0 0 0 1 0 32 0 0 1 0 0 0 0 1</matrix>
          <instance_geometry url="#Surfaces_interpolees_entre_points_de_bord___pas_de_terrain_ni_m-mesh" name="Surfaces interpolees entre points de bord : pas de terrain ni m">
            <bind_material>
              <technique_common>
                <instance_material symbol="Annotations_NON_METRIQUES_001-material" target="#Annotations_NON_METRIQUES_001-material">
                  <bind_vertex_input semantic="UVMap" input_semantic="TEXCOORD" input_set="0"/>
                </instance_material>
              </technique_common>
            </bind_material>
          </instance_geometry>
        </node>
      </node>
      <node id="_4_Zone_escalier_REPERE_LOCAL_NON_RACCORDE" name="04_Zone escalier_REPERE_LOCAL_NON_RACCORDE" type="NODE">
        <matrix sid="transform">1 0 0 25 0 1 0 20 0 0 1 0 0 0 0 1</matrix>
        <node id="CONTOUR_SOURCE_Zone_escalier" name="CONTOUR_SOURCE_Zone escalier" type="NODE">
          <matrix sid="transform">1 0 0 0 0 1 0 0 0 0 1 0 0 0 0 1</matrix>
          <instance_geometry url="#CONTOUR_SOURCE_Zone_escalier_001-mesh" name="CONTOUR_SOURCE_Zone escalier">
            <bind_material>
              <technique_common>
                <instance_material symbol="Annotations_NON_METRIQUES_001-material" target="#Annotations_NON_METRIQUES_001-material"/>
              </technique_common>
            </bind_material>
          </instance_geometry>
        </node>
        <node id="SURFACE_INTERPOLEE_NON_TERRAIN_Zone_escalier" name="SURFACE_INTERPOLEE_NON_TERRAIN_Zone escalier" type="NODE">
          <matrix sid="transform">1 0 0 0 0 1 0 0 0 0 1 0 0 0 0 1</matrix>
          <instance_geometry url="#SURFACE_INTERPOLEE_NON_TERRAIN_Zone_escalier-mesh" name="SURFACE_INTERPOLEE_NON_TERRAIN_Zone escalier">
            <bind_material>
              <technique_common>
                <instance_material symbol="Zone_escalier_surface_INTERPOLEE-material" target="#Zone_escalier_surface_INTERPOLEE-material"/>
              </technique_common>
            </bind_material>
          </instance_geometry>
        </node>
        <node id="REPERE_VISUEL_5mm_NON_BORDURE_062" name="REPERE_VISUEL_5mm_NON_BORDURE.062" type="NODE">
          <matrix sid="transform">1 0 0 0 0 1 0 0 0 0 1 0 0 0 0 1</matrix>
          <instance_geometry url="#REPERE_VISUEL_5mm_NON_BORDURE_062-mesh" name="REPERE_VISUEL_5mm_NON_BORDURE.062">
            <bind_material>
              <technique_common>
                <instance_material symbol="Annotations_NON_METRIQUES_001-material" target="#Annotations_NON_METRIQUES_001-material"/>
              </technique_common>
            </bind_material>
          </instance_geometry>
        </node>
        <node id="REPERE_VISUEL_5mm_NON_BORDURE_063" name="REPERE_VISUEL_5mm_NON_BORDURE.063" type="NODE">
          <matrix sid="transform">1 0 0 0 0 1 0 0 0 0 1 0 0 0 0 1</matrix>
          <instance_geometry url="#REPERE_VISUEL_5mm_NON_BORDURE_063-mesh" name="REPERE_VISUEL_5mm_NON_BORDURE.063">
            <bind_material>
              <technique_common>
                <instance_material symbol="Annotations_NON_METRIQUES_001-material" target="#Annotations_NON_METRIQUES_001-material"/>
              </technique_common>
            </bind_material>
          </instance_geometry>
        </node>
        <node id="REPERE_VISUEL_5mm_NON_BORDURE_064" name="REPERE_VISUEL_5mm_NON_BORDURE.064" type="NODE">
          <matrix sid="transform">1 0 0 0 0 1 0 0 0 0 1 0 0 0 0 1</matrix>
          <instance_geometry url="#REPERE_VISUEL_5mm_NON_BORDURE_064-mesh" name="REPERE_VISUEL_5mm_NON_BORDURE.064">
            <bind_material>
              <technique_common>
                <instance_material symbol="Annotations_NON_METRIQUES_001-material" target="#Annotations_NON_METRIQUES_001-material"/>
              </technique_common>
            </bind_material>
          </instance_geometry>
        </node>
        <node id="REPERE_VISUEL_5mm_NON_BORDURE_065" name="REPERE_VISUEL_5mm_NON_BORDURE.065" type="NODE">
          <matrix sid="transform">1 0 0 0 0 1 0 0 0 0 1 0 0 0 0 1</matrix>
          <instance_geometry url="#REPERE_VISUEL_5mm_NON_BORDURE_065-mesh" name="REPERE_VISUEL_5mm_NON_BORDURE.065">
            <bind_material>
              <technique_common>
                <instance_material symbol="Annotations_NON_METRIQUES_001-material" target="#Annotations_NON_METRIQUES_001-material"/>
              </technique_common>
            </bind_material>
          </instance_geometry>
        </node>
        <node id="REPERE_VISUEL_5mm_NON_BORDURE_066" name="REPERE_VISUEL_5mm_NON_BORDURE.066" type="NODE">
          <matrix sid="transform">1 0 0 0 0 1 0 0 0 0 1 0 0 0 0 1</matrix>
          <instance_geometry url="#REPERE_VISUEL_5mm_NON_BORDURE_066-mesh" name="REPERE_VISUEL_5mm_NON_BORDURE.066">
            <bind_material>
              <technique_common>
                <instance_material symbol="Annotations_NON_METRIQUES_001-material" target="#Annotations_NON_METRIQUES_001-material"/>
              </technique_common>
            </bind_material>
          </instance_geometry>
        </node>
        <node id="REPERE_VISUEL_5mm_NON_BORDURE_067" name="REPERE_VISUEL_5mm_NON_BORDURE.067" type="NODE">
          <matrix sid="transform">1 0 0 0 0 1 0 0 0 0 1 0 0 0 0 1</matrix>
          <instance_geometry url="#REPERE_VISUEL_5mm_NON_BORDURE_067-mesh" name="REPERE_VISUEL_5mm_NON_BORDURE.067">
            <bind_material>
              <technique_common>
                <instance_material symbol="Annotations_NON_METRIQUES_001-material" target="#Annotations_NON_METRIQUES_001-material"/>
              </technique_common>
            </bind_material>
          </instance_geometry>
        </node>
        <node id="REPERE_VISUEL_5mm_NON_BORDURE_068" name="REPERE_VISUEL_5mm_NON_BORDURE.068" type="NODE">
          <matrix sid="transform">1 0 0 0 0 1 0 0 0 0 1 0 0 0 0 1</matrix>
          <instance_geometry url="#REPERE_VISUEL_5mm_NON_BORDURE_068-mesh" name="REPERE_VISUEL_5mm_NON_BORDURE.068">
            <bind_material>
              <technique_common>
                <instance_material symbol="Annotations_NON_METRIQUES_001-material" target="#Annotations_NON_METRIQUES_001-material"/>
              </technique_common>
            </bind_material>
          </instance_geometry>
        </node>
        <node id="REPERE_VISUEL_5mm_NON_BORDURE_069" name="REPERE_VISUEL_5mm_NON_BORDURE.069" type="NODE">
          <matrix sid="transform">1 0 0 0 0 1 0 0 0 0 1 0 0 0 0 1</matrix>
          <instance_geometry url="#REPERE_VISUEL_5mm_NON_BORDURE_069-mesh" name="REPERE_VISUEL_5mm_NON_BORDURE.069">
            <bind_material>
              <technique_common>
                <instance_material symbol="Annotations_NON_METRIQUES_001-material" target="#Annotations_NON_METRIQUES_001-material"/>
              </technique_common>
            </bind_material>
          </instance_geometry>
        </node>
        <node id="REPERE_VISUEL_5mm_NON_BORDURE_070" name="REPERE_VISUEL_5mm_NON_BORDURE.070" type="NODE">
          <matrix sid="transform">1 0 0 0 0 1 0 0 0 0 1 0 0 0 0 1</matrix>
          <instance_geometry url="#REPERE_VISUEL_5mm_NON_BORDURE_070-mesh" name="REPERE_VISUEL_5mm_NON_BORDURE.070">
            <bind_material>
              <technique_common>
                <instance_material symbol="Annotations_NON_METRIQUES_001-material" target="#Annotations_NON_METRIQUES_001-material"/>
              </technique_common>
            </bind_material>
          </instance_geometry>
        </node>
        <node id="REPERE_VISUEL_5mm_NON_BORDURE_071" name="REPERE_VISUEL_5mm_NON_BORDURE.071" type="NODE">
          <matrix sid="transform">1 0 0 0 0 1 0 0 0 0 1 0 0 0 0 1</matrix>
          <instance_geometry url="#REPERE_VISUEL_5mm_NON_BORDURE_071-mesh" name="REPERE_VISUEL_5mm_NON_BORDURE.071">
            <bind_material>
              <technique_common>
                <instance_material symbol="Annotations_NON_METRIQUES_001-material" target="#Annotations_NON_METRIQUES_001-material"/>
              </technique_common>
            </bind_material>
          </instance_geometry>
        </node>
        <node id="REPERE_VISUEL_5mm_NON_BORDURE_072" name="REPERE_VISUEL_5mm_NON_BORDURE.072" type="NODE">
          <matrix sid="transform">1 0 0 0 0 1 0 0 0 0 1 0 0 0 0 1</matrix>
          <instance_geometry url="#REPERE_VISUEL_5mm_NON_BORDURE_072-mesh" name="REPERE_VISUEL_5mm_NON_BORDURE.072">
            <bind_material>
              <technique_common>
                <instance_material symbol="Annotations_NON_METRIQUES_001-material" target="#Annotations_NON_METRIQUES_001-material"/>
              </technique_common>
            </bind_material>
          </instance_geometry>
        </node>
        <node id="REPERE_VISUEL_5mm_NON_BORDURE_073" name="REPERE_VISUEL_5mm_NON_BORDURE.073" type="NODE">
          <matrix sid="transform">1 0 0 0 0 1 0 0 0 0 1 0 0 0 0 1</matrix>
          <instance_geometry url="#REPERE_VISUEL_5mm_NON_BORDURE_073-mesh" name="REPERE_VISUEL_5mm_NON_BORDURE.073">
            <bind_material>
              <technique_common>
                <instance_material symbol="Annotations_NON_METRIQUES_001-material" target="#Annotations_NON_METRIQUES_001-material"/>
              </technique_common>
            </bind_material>
          </instance_geometry>
        </node>
        <node id="REPERE_VISUEL_5mm_NON_BORDURE_074" name="REPERE_VISUEL_5mm_NON_BORDURE.074" type="NODE">
          <matrix sid="transform">1 0 0 0 0 1 0 0 0 0 1 0 0 0 0 1</matrix>
          <instance_geometry url="#REPERE_VISUEL_5mm_NON_BORDURE_074-mesh" name="REPERE_VISUEL_5mm_NON_BORDURE.074">
            <bind_material>
              <technique_common>
                <instance_material symbol="Annotations_NON_METRIQUES_001-material" target="#Annotations_NON_METRIQUES_001-material"/>
              </technique_common>
            </bind_material>
          </instance_geometry>
        </node>
        <node id="REPERE_VISUEL_5mm_NON_BORDURE_075" name="REPERE_VISUEL_5mm_NON_BORDURE.075" type="NODE">
          <matrix sid="transform">1 0 0 0 0 1 0 0 0 0 1 0 0 0 0 1</matrix>
          <instance_geometry url="#REPERE_VISUEL_5mm_NON_BORDURE_075-mesh" name="REPERE_VISUEL_5mm_NON_BORDURE.075">
            <bind_material>
              <technique_common>
                <instance_material symbol="Annotations_NON_METRIQUES_001-material" target="#Annotations_NON_METRIQUES_001-material"/>
              </technique_common>
            </bind_material>
          </instance_geometry>
        </node>
        <node id="REPERE_VISUEL_5mm_NON_BORDURE_076" name="REPERE_VISUEL_5mm_NON_BORDURE.076" type="NODE">
          <matrix sid="transform">1 0 0 0 0 1 0 0 0 0 1 0 0 0 0 1</matrix>
          <instance_geometry url="#REPERE_VISUEL_5mm_NON_BORDURE_076-mesh" name="REPERE_VISUEL_5mm_NON_BORDURE.076">
            <bind_material>
              <technique_common>
                <instance_material symbol="Annotations_NON_METRIQUES_001-material" target="#Annotations_NON_METRIQUES_001-material"/>
              </technique_common>
            </bind_material>
          </instance_geometry>
        </node>
        <node id="REPERE_VISUEL_5mm_NON_BORDURE_077" name="REPERE_VISUEL_5mm_NON_BORDURE.077" type="NODE">
          <matrix sid="transform">1 0 0 0 0 1 0 0 0 0 1 0 0 0 0 1</matrix>
          <instance_geometry url="#REPERE_VISUEL_5mm_NON_BORDURE_077-mesh" name="REPERE_VISUEL_5mm_NON_BORDURE.077">
            <bind_material>
              <technique_common>
                <instance_material symbol="Annotations_NON_METRIQUES_001-material" target="#Annotations_NON_METRIQUES_001-material"/>
              </technique_common>
            </bind_material>
          </instance_geometry>
        </node>
        <node id="REPERE_VISUEL_5mm_NON_BORDURE_078" name="REPERE_VISUEL_5mm_NON_BORDURE.078" type="NODE">
          <matrix sid="transform">1 0 0 0 0 1 0 0 0 0 1 0 0 0 0 1</matrix>
          <instance_geometry url="#REPERE_VISUEL_5mm_NON_BORDURE_078-mesh" name="REPERE_VISUEL_5mm_NON_BORDURE.078">
            <bind_material>
              <technique_common>
                <instance_material symbol="Annotations_NON_METRIQUES_001-material" target="#Annotations_NON_METRIQUES_001-material"/>
              </technique_common>
            </bind_material>
          </instance_geometry>
        </node>
        <node id="REPERE_VISUEL_5mm_NON_BORDURE_079" name="REPERE_VISUEL_5mm_NON_BORDURE.079" type="NODE">
          <matrix sid="transform">1 0 0 0 0 1 0 0 0 0 1 0 0 0 0 1</matrix>
          <instance_geometry url="#REPERE_VISUEL_5mm_NON_BORDURE_079-mesh" name="REPERE_VISUEL_5mm_NON_BORDURE.079">
            <bind_material>
              <technique_common>
                <instance_material symbol="Annotations_NON_METRIQUES_001-material" target="#Annotations_NON_METRIQUES_001-material"/>
              </technique_common>
            </bind_material>
          </instance_geometry>
        </node>
        <node id="REPERE_VISUEL_5mm_NON_BORDURE_080" name="REPERE_VISUEL_5mm_NON_BORDURE.080" type="NODE">
          <matrix sid="transform">1 0 0 0 0 1 0 0 0 0 1 0 0 0 0 1</matrix>
          <instance_geometry url="#REPERE_VISUEL_5mm_NON_BORDURE_080-mesh" name="REPERE_VISUEL_5mm_NON_BORDURE.080">
            <bind_material>
              <technique_common>
                <instance_material symbol="Annotations_NON_METRIQUES_001-material" target="#Annotations_NON_METRIQUES_001-material"/>
              </technique_common>
            </bind_material>
          </instance_geometry>
        </node>
      </node>
      <node id="_3_Terrasse_de_gauche_REPERE_LOCAL_NON_RACCORDE" name="03_Terrasse de gauche_REPERE_LOCAL_NON_RACCORDE" type="NODE">
        <matrix sid="transform">1 0 0 0 0 1 0 20 0 0 1 0 0 0 0 1</matrix>
        <node id="CONTOUR_SOURCE_Terrasse_de_gauche" name="CONTOUR_SOURCE_Terrasse de gauche" type="NODE">
          <matrix sid="transform">1 0 0 0 0 1 0 0 0 0 1 0 0 0 0 1</matrix>
          <instance_geometry url="#CONTOUR_SOURCE_Terrasse_de_gauche_001-mesh" name="CONTOUR_SOURCE_Terrasse de gauche">
            <bind_material>
              <technique_common>
                <instance_material symbol="Annotations_NON_METRIQUES_001-material" target="#Annotations_NON_METRIQUES_001-material"/>
              </technique_common>
            </bind_material>
          </instance_geometry>
        </node>
        <node id="SURFACE_INTERPOLEE_NON_TERRAIN_Terrasse_de_gauche" name="SURFACE_INTERPOLEE_NON_TERRAIN_Terrasse de gauche" type="NODE">
          <matrix sid="transform">1 0 0 0 0 1 0 0 0 0 1 0 0 0 0 1</matrix>
          <instance_geometry url="#SURFACE_INTERPOLEE_NON_TERRAIN_Terrasse_de_gauche-mesh" name="SURFACE_INTERPOLEE_NON_TERRAIN_Terrasse de gauche">
            <bind_material>
              <technique_common>
                <instance_material symbol="Terrasse_de_gauche_surface_INTERPOLEE-material" target="#Terrasse_de_gauche_surface_INTERPOLEE-material"/>
              </technique_common>
            </bind_material>
          </instance_geometry>
        </node>
        <node id="REPERE_VISUEL_5mm_NON_BORDURE_033" name="REPERE_VISUEL_5mm_NON_BORDURE.033" type="NODE">
          <matrix sid="transform">1 0 0 0 0 1 0 0 0 0 1 0 0 0 0 1</matrix>
          <instance_geometry url="#REPERE_VISUEL_5mm_NON_BORDURE_033-mesh" name="REPERE_VISUEL_5mm_NON_BORDURE.033">
            <bind_material>
              <technique_common>
                <instance_material symbol="Annotations_NON_METRIQUES_001-material" target="#Annotations_NON_METRIQUES_001-material"/>
              </technique_common>
            </bind_material>
          </instance_geometry>
        </node>
        <node id="REPERE_VISUEL_5mm_NON_BORDURE_034" name="REPERE_VISUEL_5mm_NON_BORDURE.034" type="NODE">
          <matrix sid="transform">1 0 0 0 0 1 0 0 0 0 1 0 0 0 0 1</matrix>
          <instance_geometry url="#REPERE_VISUEL_5mm_NON_BORDURE_034-mesh" name="REPERE_VISUEL_5mm_NON_BORDURE.034">
            <bind_material>
              <technique_common>
                <instance_material symbol="Annotations_NON_METRIQUES_001-material" target="#Annotations_NON_METRIQUES_001-material"/>
              </technique_common>
            </bind_material>
          </instance_geometry>
        </node>
        <node id="REPERE_VISUEL_5mm_NON_BORDURE_035" name="REPERE_VISUEL_5mm_NON_BORDURE.035" type="NODE">
          <matrix sid="transform">1 0 0 0 0 1 0 0 0 0 1 0 0 0 0 1</matrix>
          <instance_geometry url="#REPERE_VISUEL_5mm_NON_BORDURE_035-mesh" name="REPERE_VISUEL_5mm_NON_BORDURE.035">
            <bind_material>
              <technique_common>
                <instance_material symbol="Annotations_NON_METRIQUES_001-material" target="#Annotations_NON_METRIQUES_001-material"/>
              </technique_common>
            </bind_material>
          </instance_geometry>
        </node>
        <node id="REPERE_VISUEL_5mm_NON_BORDURE_036" name="REPERE_VISUEL_5mm_NON_BORDURE.036" type="NODE">
          <matrix sid="transform">1 0 0 0 0 1 0 0 0 0 1 0 0 0 0 1</matrix>
          <instance_geometry url="#REPERE_VISUEL_5mm_NON_BORDURE_036-mesh" name="REPERE_VISUEL_5mm_NON_BORDURE.036">
            <bind_material>
              <technique_common>
                <instance_material symbol="Annotations_NON_METRIQUES_001-material" target="#Annotations_NON_METRIQUES_001-material"/>
              </technique_common>
            </bind_material>
          </instance_geometry>
        </node>
        <node id="REPERE_VISUEL_5mm_NON_BORDURE_037" name="REPERE_VISUEL_5mm_NON_BORDURE.037" type="NODE">
          <matrix sid="transform">1 0 0 0 0 1 0 0 0 0 1 0 0 0 0 1</matrix>
          <instance_geometry url="#REPERE_VISUEL_5mm_NON_BORDURE_037-mesh" name="REPERE_VISUEL_5mm_NON_BORDURE.037">
            <bind_material>
              <technique_common>
                <instance_material symbol="Annotations_NON_METRIQUES_001-material" target="#Annotations_NON_METRIQUES_001-material"/>
              </technique_common>
            </bind_material>
          </instance_geometry>
        </node>
        <node id="REPERE_VISUEL_5mm_NON_BORDURE_038" name="REPERE_VISUEL_5mm_NON_BORDURE.038" type="NODE">
          <matrix sid="transform">1 0 0 0 0 1 0 0 0 0 1 0 0 0 0 1</matrix>
          <instance_geometry url="#REPERE_VISUEL_5mm_NON_BORDURE_038-mesh" name="REPERE_VISUEL_5mm_NON_BORDURE.038">
            <bind_material>
              <technique_common>
                <instance_material symbol="Annotations_NON_METRIQUES_001-material" target="#Annotations_NON_METRIQUES_001-material"/>
              </technique_common>
            </bind_material>
          </instance_geometry>
        </node>
        <node id="REPERE_VISUEL_5mm_NON_BORDURE_039" name="REPERE_VISUEL_5mm_NON_BORDURE.039" type="NODE">
          <matrix sid="transform">1 0 0 0 0 1 0 0 0 0 1 0 0 0 0 1</matrix>
          <instance_geometry url="#REPERE_VISUEL_5mm_NON_BORDURE_039-mesh" name="REPERE_VISUEL_5mm_NON_BORDURE.039">
            <bind_material>
              <technique_common>
                <instance_material symbol="Annotations_NON_METRIQUES_001-material" target="#Annotations_NON_METRIQUES_001-material"/>
              </technique_common>
            </bind_material>
          </instance_geometry>
        </node>
        <node id="REPERE_VISUEL_5mm_NON_BORDURE_040" name="REPERE_VISUEL_5mm_NON_BORDURE.040" type="NODE">
          <matrix sid="transform">1 0 0 0 0 1 0 0 0 0 1 0 0 0 0 1</matrix>
          <instance_geometry url="#REPERE_VISUEL_5mm_NON_BORDURE_040-mesh" name="REPERE_VISUEL_5mm_NON_BORDURE.040">
            <bind_material>
              <technique_common>
                <instance_material symbol="Annotations_NON_METRIQUES_001-material" target="#Annotations_NON_METRIQUES_001-material"/>
              </technique_common>
            </bind_material>
          </instance_geometry>
        </node>
        <node id="REPERE_VISUEL_5mm_NON_BORDURE_041" name="REPERE_VISUEL_5mm_NON_BORDURE.041" type="NODE">
          <matrix sid="transform">1 0 0 0 0 1 0 0 0 0 1 0 0 0 0 1</matrix>
          <instance_geometry url="#REPERE_VISUEL_5mm_NON_BORDURE_041-mesh" name="REPERE_VISUEL_5mm_NON_BORDURE.041">
            <bind_material>
              <technique_common>
                <instance_material symbol="Annotations_NON_METRIQUES_001-material" target="#Annotations_NON_METRIQUES_001-material"/>
              </technique_common>
            </bind_material>
          </instance_geometry>
        </node>
        <node id="REPERE_VISUEL_5mm_NON_BORDURE_042" name="REPERE_VISUEL_5mm_NON_BORDURE.042" type="NODE">
          <matrix sid="transform">1 0 0 0 0 1 0 0 0 0 1 0 0 0 0 1</matrix>
          <instance_geometry url="#REPERE_VISUEL_5mm_NON_BORDURE_042-mesh" name="REPERE_VISUEL_5mm_NON_BORDURE.042">
            <bind_material>
              <technique_common>
                <instance_material symbol="Annotations_NON_METRIQUES_001-material" target="#Annotations_NON_METRIQUES_001-material"/>
              </technique_common>
            </bind_material>
          </instance_geometry>
        </node>
        <node id="REPERE_VISUEL_5mm_NON_BORDURE_043" name="REPERE_VISUEL_5mm_NON_BORDURE.043" type="NODE">
          <matrix sid="transform">1 0 0 0 0 1 0 0 0 0 1 0 0 0 0 1</matrix>
          <instance_geometry url="#REPERE_VISUEL_5mm_NON_BORDURE_043-mesh" name="REPERE_VISUEL_5mm_NON_BORDURE.043">
            <bind_material>
              <technique_common>
                <instance_material symbol="Annotations_NON_METRIQUES_001-material" target="#Annotations_NON_METRIQUES_001-material"/>
              </technique_common>
            </bind_material>
          </instance_geometry>
        </node>
        <node id="REPERE_VISUEL_5mm_NON_BORDURE_044" name="REPERE_VISUEL_5mm_NON_BORDURE.044" type="NODE">
          <matrix sid="transform">1 0 0 0 0 1 0 0 0 0 1 0 0 0 0 1</matrix>
          <instance_geometry url="#REPERE_VISUEL_5mm_NON_BORDURE_044-mesh" name="REPERE_VISUEL_5mm_NON_BORDURE.044">
            <bind_material>
              <technique_common>
                <instance_material symbol="Annotations_NON_METRIQUES_001-material" target="#Annotations_NON_METRIQUES_001-material"/>
              </technique_common>
            </bind_material>
          </instance_geometry>
        </node>
        <node id="REPERE_VISUEL_5mm_NON_BORDURE_045" name="REPERE_VISUEL_5mm_NON_BORDURE.045" type="NODE">
          <matrix sid="transform">1 0 0 0 0 1 0 0 0 0 1 0 0 0 0 1</matrix>
          <instance_geometry url="#REPERE_VISUEL_5mm_NON_BORDURE_045-mesh" name="REPERE_VISUEL_5mm_NON_BORDURE.045">
            <bind_material>
              <technique_common>
                <instance_material symbol="Annotations_NON_METRIQUES_001-material" target="#Annotations_NON_METRIQUES_001-material"/>
              </technique_common>
            </bind_material>
          </instance_geometry>
        </node>
        <node id="REPERE_VISUEL_5mm_NON_BORDURE_046" name="REPERE_VISUEL_5mm_NON_BORDURE.046" type="NODE">
          <matrix sid="transform">1 0 0 0 0 1 0 0 0 0 1 0 0 0 0 1</matrix>
          <instance_geometry url="#REPERE_VISUEL_5mm_NON_BORDURE_046-mesh" name="REPERE_VISUEL_5mm_NON_BORDURE.046">
            <bind_material>
              <technique_common>
                <instance_material symbol="Annotations_NON_METRIQUES_001-material" target="#Annotations_NON_METRIQUES_001-material"/>
              </technique_common>
            </bind_material>
          </instance_geometry>
        </node>
        <node id="REPERE_VISUEL_5mm_NON_BORDURE_047" name="REPERE_VISUEL_5mm_NON_BORDURE.047" type="NODE">
          <matrix sid="transform">1 0 0 0 0 1 0 0 0 0 1 0 0 0 0 1</matrix>
          <instance_geometry url="#REPERE_VISUEL_5mm_NON_BORDURE_047-mesh" name="REPERE_VISUEL_5mm_NON_BORDURE.047">
            <bind_material>
              <technique_common>
                <instance_material symbol="Annotations_NON_METRIQUES_001-material" target="#Annotations_NON_METRIQUES_001-material"/>
              </technique_common>
            </bind_material>
          </instance_geometry>
        </node>
        <node id="REPERE_VISUEL_5mm_NON_BORDURE_048" name="REPERE_VISUEL_5mm_NON_BORDURE.048" type="NODE">
          <matrix sid="transform">1 0 0 0 0 1 0 0 0 0 1 0 0 0 0 1</matrix>
          <instance_geometry url="#REPERE_VISUEL_5mm_NON_BORDURE_048-mesh" name="REPERE_VISUEL_5mm_NON_BORDURE.048">
            <bind_material>
              <technique_common>
                <instance_material symbol="Annotations_NON_METRIQUES_001-material" target="#Annotations_NON_METRIQUES_001-material"/>
              </technique_common>
            </bind_material>
          </instance_geometry>
        </node>
        <node id="REPERE_VISUEL_5mm_NON_BORDURE_049" name="REPERE_VISUEL_5mm_NON_BORDURE.049" type="NODE">
          <matrix sid="transform">1 0 0 0 0 1 0 0 0 0 1 0 0 0 0 1</matrix>
          <instance_geometry url="#REPERE_VISUEL_5mm_NON_BORDURE_049-mesh" name="REPERE_VISUEL_5mm_NON_BORDURE.049">
            <bind_material>
              <technique_common>
                <instance_material symbol="Annotations_NON_METRIQUES_001-material" target="#Annotations_NON_METRIQUES_001-material"/>
              </technique_common>
            </bind_material>
          </instance_geometry>
        </node>
        <node id="REPERE_VISUEL_5mm_NON_BORDURE_050" name="REPERE_VISUEL_5mm_NON_BORDURE.050" type="NODE">
          <matrix sid="transform">1 0 0 0 0 1 0 0 0 0 1 0 0 0 0 1</matrix>
          <instance_geometry url="#REPERE_VISUEL_5mm_NON_BORDURE_050-mesh" name="REPERE_VISUEL_5mm_NON_BORDURE.050">
            <bind_material>
              <technique_common>
                <instance_material symbol="Annotations_NON_METRIQUES_001-material" target="#Annotations_NON_METRIQUES_001-material"/>
              </technique_common>
            </bind_material>
          </instance_geometry>
        </node>
        <node id="REPERE_VISUEL_5mm_NON_BORDURE_051" name="REPERE_VISUEL_5mm_NON_BORDURE.051" type="NODE">
          <matrix sid="transform">1 0 0 0 0 1 0 0 0 0 1 0 0 0 0 1</matrix>
          <instance_geometry url="#REPERE_VISUEL_5mm_NON_BORDURE_051-mesh" name="REPERE_VISUEL_5mm_NON_BORDURE.051">
            <bind_material>
              <technique_common>
                <instance_material symbol="Annotations_NON_METRIQUES_001-material" target="#Annotations_NON_METRIQUES_001-material"/>
              </technique_common>
            </bind_material>
          </instance_geometry>
        </node>
        <node id="REPERE_VISUEL_5mm_NON_BORDURE_052" name="REPERE_VISUEL_5mm_NON_BORDURE.052" type="NODE">
          <matrix sid="transform">1 0 0 0 0 1 0 0 0 0 1 0 0 0 0 1</matrix>
          <instance_geometry url="#REPERE_VISUEL_5mm_NON_BORDURE_052-mesh" name="REPERE_VISUEL_5mm_NON_BORDURE.052">
            <bind_material>
              <technique_common>
                <instance_material symbol="Annotations_NON_METRIQUES_001-material" target="#Annotations_NON_METRIQUES_001-material"/>
              </technique_common>
            </bind_material>
          </instance_geometry>
        </node>
        <node id="REPERE_VISUEL_5mm_NON_BORDURE_053" name="REPERE_VISUEL_5mm_NON_BORDURE.053" type="NODE">
          <matrix sid="transform">1 0 0 0 0 1 0 0 0 0 1 0 0 0 0 1</matrix>
          <instance_geometry url="#REPERE_VISUEL_5mm_NON_BORDURE_053-mesh" name="REPERE_VISUEL_5mm_NON_BORDURE.053">
            <bind_material>
              <technique_common>
                <instance_material symbol="Annotations_NON_METRIQUES_001-material" target="#Annotations_NON_METRIQUES_001-material"/>
              </technique_common>
            </bind_material>
          </instance_geometry>
        </node>
        <node id="REPERE_VISUEL_5mm_NON_BORDURE_054" name="REPERE_VISUEL_5mm_NON_BORDURE.054" type="NODE">
          <matrix sid="transform">1 0 0 0 0 1 0 0 0 0 1 0 0 0 0 1</matrix>
          <instance_geometry url="#REPERE_VISUEL_5mm_NON_BORDURE_054-mesh" name="REPERE_VISUEL_5mm_NON_BORDURE.054">
            <bind_material>
              <technique_common>
                <instance_material symbol="Annotations_NON_METRIQUES_001-material" target="#Annotations_NON_METRIQUES_001-material"/>
              </technique_common>
            </bind_material>
          </instance_geometry>
        </node>
        <node id="REPERE_VISUEL_5mm_NON_BORDURE_055" name="REPERE_VISUEL_5mm_NON_BORDURE.055" type="NODE">
          <matrix sid="transform">1 0 0 0 0 1 0 0 0 0 1 0 0 0 0 1</matrix>
          <instance_geometry url="#REPERE_VISUEL_5mm_NON_BORDURE_055-mesh" name="REPERE_VISUEL_5mm_NON_BORDURE.055">
            <bind_material>
              <technique_common>
                <instance_material symbol="Annotations_NON_METRIQUES_001-material" target="#Annotations_NON_METRIQUES_001-material"/>
              </technique_common>
            </bind_material>
          </instance_geometry>
        </node>
        <node id="REPERE_VISUEL_5mm_NON_BORDURE_056" name="REPERE_VISUEL_5mm_NON_BORDURE.056" type="NODE">
          <matrix sid="transform">1 0 0 0 0 1 0 0 0 0 1 0 0 0 0 1</matrix>
          <instance_geometry url="#REPERE_VISUEL_5mm_NON_BORDURE_056-mesh" name="REPERE_VISUEL_5mm_NON_BORDURE.056">
            <bind_material>
              <technique_common>
                <instance_material symbol="Annotations_NON_METRIQUES_001-material" target="#Annotations_NON_METRIQUES_001-material"/>
              </technique_common>
            </bind_material>
          </instance_geometry>
        </node>
        <node id="REPERE_VISUEL_5mm_NON_BORDURE_057" name="REPERE_VISUEL_5mm_NON_BORDURE.057" type="NODE">
          <matrix sid="transform">1 0 0 0 0 1 0 0 0 0 1 0 0 0 0 1</matrix>
          <instance_geometry url="#REPERE_VISUEL_5mm_NON_BORDURE_057-mesh" name="REPERE_VISUEL_5mm_NON_BORDURE.057">
            <bind_material>
              <technique_common>
                <instance_material symbol="Annotations_NON_METRIQUES_001-material" target="#Annotations_NON_METRIQUES_001-material"/>
              </technique_common>
            </bind_material>
          </instance_geometry>
        </node>
        <node id="REPERE_VISUEL_5mm_NON_BORDURE_058" name="REPERE_VISUEL_5mm_NON_BORDURE.058" type="NODE">
          <matrix sid="transform">1 0 0 0 0 1 0 0 0 0 1 0 0 0 0 1</matrix>
          <instance_geometry url="#REPERE_VISUEL_5mm_NON_BORDURE_058-mesh" name="REPERE_VISUEL_5mm_NON_BORDURE.058">
            <bind_material>
              <technique_common>
                <instance_material symbol="Annotations_NON_METRIQUES_001-material" target="#Annotations_NON_METRIQUES_001-material"/>
              </technique_common>
            </bind_material>
          </instance_geometry>
        </node>
        <node id="REPERE_VISUEL_5mm_NON_BORDURE_059" name="REPERE_VISUEL_5mm_NON_BORDURE.059" type="NODE">
          <matrix sid="transform">1 0 0 0 0 1 0 0 0 0 1 0 0 0 0 1</matrix>
          <instance_geometry url="#REPERE_VISUEL_5mm_NON_BORDURE_059-mesh" name="REPERE_VISUEL_5mm_NON_BORDURE.059">
            <bind_material>
              <technique_common>
                <instance_material symbol="Annotations_NON_METRIQUES_001-material" target="#Annotations_NON_METRIQUES_001-material"/>
              </technique_common>
            </bind_material>
          </instance_geometry>
        </node>
        <node id="REPERE_VISUEL_5mm_NON_BORDURE_060" name="REPERE_VISUEL_5mm_NON_BORDURE.060" type="NODE">
          <matrix sid="transform">1 0 0 0 0 1 0 0 0 0 1 0 0 0 0 1</matrix>
          <instance_geometry url="#REPERE_VISUEL_5mm_NON_BORDURE_060-mesh" name="REPERE_VISUEL_5mm_NON_BORDURE.060">
            <bind_material>
              <technique_common>
                <instance_material symbol="Annotations_NON_METRIQUES_001-material" target="#Annotations_NON_METRIQUES_001-material"/>
              </technique_common>
            </bind_material>
          </instance_geometry>
        </node>
        <node id="REPERE_VISUEL_5mm_NON_BORDURE_061" name="REPERE_VISUEL_5mm_NON_BORDURE.061" type="NODE">
          <matrix sid="transform">1 0 0 0 0 1 0 0 0 0 1 0 0 0 0 1</matrix>
          <instance_geometry url="#REPERE_VISUEL_5mm_NON_BORDURE_061-mesh" name="REPERE_VISUEL_5mm_NON_BORDURE.061">
            <bind_material>
              <technique_common>
                <instance_material symbol="Annotations_NON_METRIQUES_001-material" target="#Annotations_NON_METRIQUES_001-material"/>
              </technique_common>
            </bind_material>
          </instance_geometry>
        </node>
      </node>
      <node id="_2_Terrasse_de_droite_REPERE_LOCAL_NON_RACCORDE" name="02_Terrasse de droite_REPERE_LOCAL_NON_RACCORDE" type="NODE">
        <matrix sid="transform">1 0 0 25 0 1 0 0 0 0 1 0 0 0 0 1</matrix>
        <node id="CONTOUR_SOURCE_Terrasse_de_droite" name="CONTOUR_SOURCE_Terrasse de droite" type="NODE">
          <matrix sid="transform">1 0 0 0 0 1 0 0 0 0 1 0 0 0 0 1</matrix>
          <instance_geometry url="#CONTOUR_SOURCE_Terrasse_de_droite_001-mesh" name="CONTOUR_SOURCE_Terrasse de droite">
            <bind_material>
              <technique_common>
                <instance_material symbol="Annotations_NON_METRIQUES_001-material" target="#Annotations_NON_METRIQUES_001-material"/>
              </technique_common>
            </bind_material>
          </instance_geometry>
        </node>
        <node id="SURFACE_INTERPOLEE_NON_TERRAIN_Terrasse_de_droite" name="SURFACE_INTERPOLEE_NON_TERRAIN_Terrasse de droite" type="NODE">
          <matrix sid="transform">1 0 0 0 0 1 0 0 0 0 1 0 0 0 0 1</matrix>
          <instance_geometry url="#SURFACE_INTERPOLEE_NON_TERRAIN_Terrasse_de_droite-mesh" name="SURFACE_INTERPOLEE_NON_TERRAIN_Terrasse de droite">
            <bind_material>
              <technique_common>
                <instance_material symbol="Terrasse_de_droite_surface_INTERPOLEE-material" target="#Terrasse_de_droite_surface_INTERPOLEE-material"/>
              </technique_common>
            </bind_material>
          </instance_geometry>
        </node>
        <node id="REPERE_VISUEL_5mm_NON_BORDURE_010" name="REPERE_VISUEL_5mm_NON_BORDURE.010" type="NODE">
          <matrix sid="transform">1 0 0 0 0 1 0 0 0 0 1 0 0 0 0 1</matrix>
          <instance_geometry url="#REPERE_VISUEL_5mm_NON_BORDURE_010-mesh" name="REPERE_VISUEL_5mm_NON_BORDURE.010">
            <bind_material>
              <technique_common>
                <instance_material symbol="Annotations_NON_METRIQUES_001-material" target="#Annotations_NON_METRIQUES_001-material"/>
              </technique_common>
            </bind_material>
          </instance_geometry>
        </node>
        <node id="REPERE_VISUEL_5mm_NON_BORDURE_011" name="REPERE_VISUEL_5mm_NON_BORDURE.011" type="NODE">
          <matrix sid="transform">1 0 0 0 0 1 0 0 0 0 1 0 0 0 0 1</matrix>
          <instance_geometry url="#REPERE_VISUEL_5mm_NON_BORDURE_011-mesh" name="REPERE_VISUEL_5mm_NON_BORDURE.011">
            <bind_material>
              <technique_common>
                <instance_material symbol="Annotations_NON_METRIQUES_001-material" target="#Annotations_NON_METRIQUES_001-material"/>
              </technique_common>
            </bind_material>
          </instance_geometry>
        </node>
        <node id="REPERE_VISUEL_5mm_NON_BORDURE_012" name="REPERE_VISUEL_5mm_NON_BORDURE.012" type="NODE">
          <matrix sid="transform">1 0 0 0 0 1 0 0 0 0 1 0 0 0 0 1</matrix>
          <instance_geometry url="#REPERE_VISUEL_5mm_NON_BORDURE_012-mesh" name="REPERE_VISUEL_5mm_NON_BORDURE.012">
            <bind_material>
              <technique_common>
                <instance_material symbol="Annotations_NON_METRIQUES_001-material" target="#Annotations_NON_METRIQUES_001-material"/>
              </technique_common>
            </bind_material>
          </instance_geometry>
        </node>
        <node id="REPERE_VISUEL_5mm_NON_BORDURE_013" name="REPERE_VISUEL_5mm_NON_BORDURE.013" type="NODE">
          <matrix sid="transform">1 0 0 0 0 1 0 0 0 0 1 0 0 0 0 1</matrix>
          <instance_geometry url="#REPERE_VISUEL_5mm_NON_BORDURE_013-mesh" name="REPERE_VISUEL_5mm_NON_BORDURE.013">
            <bind_material>
              <technique_common>
                <instance_material symbol="Annotations_NON_METRIQUES_001-material" target="#Annotations_NON_METRIQUES_001-material"/>
              </technique_common>
            </bind_material>
          </instance_geometry>
        </node>
        <node id="REPERE_VISUEL_5mm_NON_BORDURE_014" name="REPERE_VISUEL_5mm_NON_BORDURE.014" type="NODE">
          <matrix sid="transform">1 0 0 0 0 1 0 0 0 0 1 0 0 0 0 1</matrix>
          <instance_geometry url="#REPERE_VISUEL_5mm_NON_BORDURE_014-mesh" name="REPERE_VISUEL_5mm_NON_BORDURE.014">
            <bind_material>
              <technique_common>
                <instance_material symbol="Annotations_NON_METRIQUES_001-material" target="#Annotations_NON_METRIQUES_001-material"/>
              </technique_common>
            </bind_material>
          </instance_geometry>
        </node>
        <node id="REPERE_VISUEL_5mm_NON_BORDURE_015" name="REPERE_VISUEL_5mm_NON_BORDURE.015" type="NODE">
          <matrix sid="transform">1 0 0 0 0 1 0 0 0 0 1 0 0 0 0 1</matrix>
          <instance_geometry url="#REPERE_VISUEL_5mm_NON_BORDURE_015-mesh" name="REPERE_VISUEL_5mm_NON_BORDURE.015">
            <bind_material>
              <technique_common>
                <instance_material symbol="Annotations_NON_METRIQUES_001-material" target="#Annotations_NON_METRIQUES_001-material"/>
              </technique_common>
            </bind_material>
          </instance_geometry>
        </node>
        <node id="REPERE_VISUEL_5mm_NON_BORDURE_016" name="REPERE_VISUEL_5mm_NON_BORDURE.016" type="NODE">
          <matrix sid="transform">1 0 0 0 0 1 0 0 0 0 1 0 0 0 0 1</matrix>
          <instance_geometry url="#REPERE_VISUEL_5mm_NON_BORDURE_016-mesh" name="REPERE_VISUEL_5mm_NON_BORDURE.016">
            <bind_material>
              <technique_common>
                <instance_material symbol="Annotations_NON_METRIQUES_001-material" target="#Annotations_NON_METRIQUES_001-material"/>
              </technique_common>
            </bind_material>
          </instance_geometry>
        </node>
        <node id="REPERE_VISUEL_5mm_NON_BORDURE_017" name="REPERE_VISUEL_5mm_NON_BORDURE.017" type="NODE">
          <matrix sid="transform">1 0 0 0 0 1 0 0 0 0 1 0 0 0 0 1</matrix>
          <instance_geometry url="#REPERE_VISUEL_5mm_NON_BORDURE_017-mesh" name="REPERE_VISUEL_5mm_NON_BORDURE.017">
            <bind_material>
              <technique_common>
                <instance_material symbol="Annotations_NON_METRIQUES_001-material" target="#Annotations_NON_METRIQUES_001-material"/>
              </technique_common>
            </bind_material>
          </instance_geometry>
        </node>
        <node id="REPERE_VISUEL_5mm_NON_BORDURE_018" name="REPERE_VISUEL_5mm_NON_BORDURE.018" type="NODE">
          <matrix sid="transform">1 0 0 0 0 1 0 0 0 0 1 0 0 0 0 1</matrix>
          <instance_geometry url="#REPERE_VISUEL_5mm_NON_BORDURE_018-mesh" name="REPERE_VISUEL_5mm_NON_BORDURE.018">
            <bind_material>
              <technique_common>
                <instance_material symbol="Annotations_NON_METRIQUES_001-material" target="#Annotations_NON_METRIQUES_001-material"/>
              </technique_common>
            </bind_material>
          </instance_geometry>
        </node>
        <node id="REPERE_VISUEL_5mm_NON_BORDURE_019" name="REPERE_VISUEL_5mm_NON_BORDURE.019" type="NODE">
          <matrix sid="transform">1 0 0 0 0 1 0 0 0 0 1 0 0 0 0 1</matrix>
          <instance_geometry url="#REPERE_VISUEL_5mm_NON_BORDURE_019-mesh" name="REPERE_VISUEL_5mm_NON_BORDURE.019">
            <bind_material>
              <technique_common>
                <instance_material symbol="Annotations_NON_METRIQUES_001-material" target="#Annotations_NON_METRIQUES_001-material"/>
              </technique_common>
            </bind_material>
          </instance_geometry>
        </node>
        <node id="REPERE_VISUEL_5mm_NON_BORDURE_020" name="REPERE_VISUEL_5mm_NON_BORDURE.020" type="NODE">
          <matrix sid="transform">1 0 0 0 0 1 0 0 0 0 1 0 0 0 0 1</matrix>
          <instance_geometry url="#REPERE_VISUEL_5mm_NON_BORDURE_020-mesh" name="REPERE_VISUEL_5mm_NON_BORDURE.020">
            <bind_material>
              <technique_common>
                <instance_material symbol="Annotations_NON_METRIQUES_001-material" target="#Annotations_NON_METRIQUES_001-material"/>
              </technique_common>
            </bind_material>
          </instance_geometry>
        </node>
        <node id="REPERE_VISUEL_5mm_NON_BORDURE_021" name="REPERE_VISUEL_5mm_NON_BORDURE.021" type="NODE">
          <matrix sid="transform">1 0 0 0 0 1 0 0 0 0 1 0 0 0 0 1</matrix>
          <instance_geometry url="#REPERE_VISUEL_5mm_NON_BORDURE_021-mesh" name="REPERE_VISUEL_5mm_NON_BORDURE.021">
            <bind_material>
              <technique_common>
                <instance_material symbol="Annotations_NON_METRIQUES_001-material" target="#Annotations_NON_METRIQUES_001-material"/>
              </technique_common>
            </bind_material>
          </instance_geometry>
        </node>
        <node id="REPERE_VISUEL_5mm_NON_BORDURE_022" name="REPERE_VISUEL_5mm_NON_BORDURE.022" type="NODE">
          <matrix sid="transform">1 0 0 0 0 1 0 0 0 0 1 0 0 0 0 1</matrix>
          <instance_geometry url="#REPERE_VISUEL_5mm_NON_BORDURE_022-mesh" name="REPERE_VISUEL_5mm_NON_BORDURE.022">
            <bind_material>
              <technique_common>
                <instance_material symbol="Annotations_NON_METRIQUES_001-material" target="#Annotations_NON_METRIQUES_001-material"/>
              </technique_common>
            </bind_material>
          </instance_geometry>
        </node>
        <node id="REPERE_VISUEL_5mm_NON_BORDURE_023" name="REPERE_VISUEL_5mm_NON_BORDURE.023" type="NODE">
          <matrix sid="transform">1 0 0 0 0 1 0 0 0 0 1 0 0 0 0 1</matrix>
          <instance_geometry url="#REPERE_VISUEL_5mm_NON_BORDURE_023-mesh" name="REPERE_VISUEL_5mm_NON_BORDURE.023">
            <bind_material>
              <technique_common>
                <instance_material symbol="Annotations_NON_METRIQUES_001-material" target="#Annotations_NON_METRIQUES_001-material"/>
              </technique_common>
            </bind_material>
          </instance_geometry>
        </node>
        <node id="REPERE_VISUEL_5mm_NON_BORDURE_024" name="REPERE_VISUEL_5mm_NON_BORDURE.024" type="NODE">
          <matrix sid="transform">1 0 0 0 0 1 0 0 0 0 1 0 0 0 0 1</matrix>
          <instance_geometry url="#REPERE_VISUEL_5mm_NON_BORDURE_024-mesh" name="REPERE_VISUEL_5mm_NON_BORDURE.024">
            <bind_material>
              <technique_common>
                <instance_material symbol="Annotations_NON_METRIQUES_001-material" target="#Annotations_NON_METRIQUES_001-material"/>
              </technique_common>
            </bind_material>
          </instance_geometry>
        </node>
        <node id="REPERE_VISUEL_5mm_NON_BORDURE_025" name="REPERE_VISUEL_5mm_NON_BORDURE.025" type="NODE">
          <matrix sid="transform">1 0 0 0 0 1 0 0 0 0 1 0 0 0 0 1</matrix>
          <instance_geometry url="#REPERE_VISUEL_5mm_NON_BORDURE_025-mesh" name="REPERE_VISUEL_5mm_NON_BORDURE.025">
            <bind_material>
              <technique_common>
                <instance_material symbol="Annotations_NON_METRIQUES_001-material" target="#Annotations_NON_METRIQUES_001-material"/>
              </technique_common>
            </bind_material>
          </instance_geometry>
        </node>
        <node id="REPERE_VISUEL_5mm_NON_BORDURE_026" name="REPERE_VISUEL_5mm_NON_BORDURE.026" type="NODE">
          <matrix sid="transform">1 0 0 0 0 1 0 0 0 0 1 0 0 0 0 1</matrix>
          <instance_geometry url="#REPERE_VISUEL_5mm_NON_BORDURE_026-mesh" name="REPERE_VISUEL_5mm_NON_BORDURE.026">
            <bind_material>
              <technique_common>
                <instance_material symbol="Annotations_NON_METRIQUES_001-material" target="#Annotations_NON_METRIQUES_001-material"/>
              </technique_common>
            </bind_material>
          </instance_geometry>
        </node>
        <node id="REPERE_VISUEL_5mm_NON_BORDURE_027" name="REPERE_VISUEL_5mm_NON_BORDURE.027" type="NODE">
          <matrix sid="transform">1 0 0 0 0 1 0 0 0 0 1 0 0 0 0 1</matrix>
          <instance_geometry url="#REPERE_VISUEL_5mm_NON_BORDURE_027-mesh" name="REPERE_VISUEL_5mm_NON_BORDURE.027">
            <bind_material>
              <technique_common>
                <instance_material symbol="Annotations_NON_METRIQUES_001-material" target="#Annotations_NON_METRIQUES_001-material"/>
              </technique_common>
            </bind_material>
          </instance_geometry>
        </node>
        <node id="REPERE_VISUEL_5mm_NON_BORDURE_028" name="REPERE_VISUEL_5mm_NON_BORDURE.028" type="NODE">
          <matrix sid="transform">1 0 0 0 0 1 0 0 0 0 1 0 0 0 0 1</matrix>
          <instance_geometry url="#REPERE_VISUEL_5mm_NON_BORDURE_028-mesh" name="REPERE_VISUEL_5mm_NON_BORDURE.028">
            <bind_material>
              <technique_common>
                <instance_material symbol="Annotations_NON_METRIQUES_001-material" target="#Annotations_NON_METRIQUES_001-material"/>
              </technique_common>
            </bind_material>
          </instance_geometry>
        </node>
        <node id="REPERE_VISUEL_5mm_NON_BORDURE_029" name="REPERE_VISUEL_5mm_NON_BORDURE.029" type="NODE">
          <matrix sid="transform">1 0 0 0 0 1 0 0 0 0 1 0 0 0 0 1</matrix>
          <instance_geometry url="#REPERE_VISUEL_5mm_NON_BORDURE_029-mesh" name="REPERE_VISUEL_5mm_NON_BORDURE.029">
            <bind_material>
              <technique_common>
                <instance_material symbol="Annotations_NON_METRIQUES_001-material" target="#Annotations_NON_METRIQUES_001-material"/>
              </technique_common>
            </bind_material>
          </instance_geometry>
        </node>
        <node id="REPERE_VISUEL_5mm_NON_BORDURE_030" name="REPERE_VISUEL_5mm_NON_BORDURE.030" type="NODE">
          <matrix sid="transform">1 0 0 0 0 1 0 0 0 0 1 0 0 0 0 1</matrix>
          <instance_geometry url="#REPERE_VISUEL_5mm_NON_BORDURE_030-mesh" name="REPERE_VISUEL_5mm_NON_BORDURE.030">
            <bind_material>
              <technique_common>
                <instance_material symbol="Annotations_NON_METRIQUES_001-material" target="#Annotations_NON_METRIQUES_001-material"/>
              </technique_common>
            </bind_material>
          </instance_geometry>
        </node>
        <node id="REPERE_VISUEL_5mm_NON_BORDURE_031" name="REPERE_VISUEL_5mm_NON_BORDURE.031" type="NODE">
          <matrix sid="transform">1 0 0 0 0 1 0 0 0 0 1 0 0 0 0 1</matrix>
          <instance_geometry url="#REPERE_VISUEL_5mm_NON_BORDURE_031-mesh" name="REPERE_VISUEL_5mm_NON_BORDURE.031">
            <bind_material>
              <technique_common>
                <instance_material symbol="Annotations_NON_METRIQUES_001-material" target="#Annotations_NON_METRIQUES_001-material"/>
              </technique_common>
            </bind_material>
          </instance_geometry>
        </node>
        <node id="REPERE_VISUEL_5mm_NON_BORDURE_032" name="REPERE_VISUEL_5mm_NON_BORDURE.032" type="NODE">
          <matrix sid="transform">1 0 0 0 0 1 0 0 0 0 1 0 0 0 0 1</matrix>
          <instance_geometry url="#REPERE_VISUEL_5mm_NON_BORDURE_032-mesh" name="REPERE_VISUEL_5mm_NON_BORDURE.032">
            <bind_material>
              <technique_common>
                <instance_material symbol="Annotations_NON_METRIQUES_001-material" target="#Annotations_NON_METRIQUES_001-material"/>
              </technique_common>
            </bind_material>
          </instance_geometry>
        </node>
      </node>
      <node id="_1_Bordure_maison_REPERE_LOCAL_NON_RACCORDE" name="01_Bordure maison_REPERE_LOCAL_NON_RACCORDE" type="NODE">
        <matrix sid="transform">1 0 0 0 0 1 0 0 0 0 1 0 0 0 0 1</matrix>
        <node id="CONTOUR_SOURCE_Bordure_maison" name="CONTOUR_SOURCE_Bordure maison" type="NODE">
          <matrix sid="transform">1 0 0 0 0 1 0 0 0 0 1 0 0 0 0 1</matrix>
          <instance_geometry url="#CONTOUR_SOURCE_Bordure_maison_001-mesh" name="CONTOUR_SOURCE_Bordure maison">
            <bind_material>
              <technique_common>
                <instance_material symbol="Annotations_NON_METRIQUES_001-material" target="#Annotations_NON_METRIQUES_001-material"/>
              </technique_common>
            </bind_material>
          </instance_geometry>
        </node>
        <node id="REPERE_VISUEL_5mm_NON_BORDURE" name="REPERE_VISUEL_5mm_NON_BORDURE" type="NODE">
          <matrix sid="transform">1 0 0 0 0 1 0 0 0 0 1 0 0 0 0 1</matrix>
          <instance_geometry url="#REPERE_VISUEL_5mm_NON_BORDURE-mesh" name="REPERE_VISUEL_5mm_NON_BORDURE">
            <bind_material>
              <technique_common>
                <instance_material symbol="Annotations_NON_METRIQUES_001-material" target="#Annotations_NON_METRIQUES_001-material"/>
              </technique_common>
            </bind_material>
          </instance_geometry>
        </node>
        <node id="REPERE_VISUEL_5mm_NON_BORDURE_001" name="REPERE_VISUEL_5mm_NON_BORDURE.001" type="NODE">
          <matrix sid="transform">1 0 0 0 0 1 0 0 0 0 1 0 0 0 0 1</matrix>
          <instance_geometry url="#REPERE_VISUEL_5mm_NON_BORDURE_001-mesh" name="REPERE_VISUEL_5mm_NON_BORDURE.001">
            <bind_material>
              <technique_common>
                <instance_material symbol="Annotations_NON_METRIQUES_001-material" target="#Annotations_NON_METRIQUES_001-material"/>
              </technique_common>
            </bind_material>
          </instance_geometry>
        </node>
        <node id="REPERE_VISUEL_5mm_NON_BORDURE_002" name="REPERE_VISUEL_5mm_NON_BORDURE.002" type="NODE">
          <matrix sid="transform">1 0 0 0 0 1 0 0 0 0 1 0 0 0 0 1</matrix>
          <instance_geometry url="#REPERE_VISUEL_5mm_NON_BORDURE_002-mesh" name="REPERE_VISUEL_5mm_NON_BORDURE.002">
            <bind_material>
              <technique_common>
                <instance_material symbol="Annotations_NON_METRIQUES_001-material" target="#Annotations_NON_METRIQUES_001-material"/>
              </technique_common>
            </bind_material>
          </instance_geometry>
        </node>
        <node id="REPERE_VISUEL_5mm_NON_BORDURE_003" name="REPERE_VISUEL_5mm_NON_BORDURE.003" type="NODE">
          <matrix sid="transform">1 0 0 0 0 1 0 0 0 0 1 0 0 0 0 1</matrix>
          <instance_geometry url="#REPERE_VISUEL_5mm_NON_BORDURE_003-mesh" name="REPERE_VISUEL_5mm_NON_BORDURE.003">
            <bind_material>
              <technique_common>
                <instance_material symbol="Annotations_NON_METRIQUES_001-material" target="#Annotations_NON_METRIQUES_001-material"/>
              </technique_common>
            </bind_material>
          </instance_geometry>
        </node>
        <node id="REPERE_VISUEL_5mm_NON_BORDURE_004" name="REPERE_VISUEL_5mm_NON_BORDURE.004" type="NODE">
          <matrix sid="transform">1 0 0 0 0 1 0 0 0 0 1 0 0 0 0 1</matrix>
          <instance_geometry url="#REPERE_VISUEL_5mm_NON_BORDURE_004-mesh" name="REPERE_VISUEL_5mm_NON_BORDURE.004">
            <bind_material>
              <technique_common>
                <instance_material symbol="Annotations_NON_METRIQUES_001-material" target="#Annotations_NON_METRIQUES_001-material"/>
              </technique_common>
            </bind_material>
          </instance_geometry>
        </node>
        <node id="REPERE_VISUEL_5mm_NON_BORDURE_005" name="REPERE_VISUEL_5mm_NON_BORDURE.005" type="NODE">
          <matrix sid="transform">1 0 0 0 0 1 0 0 0 0 1 0 0 0 0 1</matrix>
          <instance_geometry url="#REPERE_VISUEL_5mm_NON_BORDURE_005-mesh" name="REPERE_VISUEL_5mm_NON_BORDURE.005">
            <bind_material>
              <technique_common>
                <instance_material symbol="Annotations_NON_METRIQUES_001-material" target="#Annotations_NON_METRIQUES_001-material"/>
              </technique_common>
            </bind_material>
          </instance_geometry>
        </node>
        <node id="REPERE_VISUEL_5mm_NON_BORDURE_006" name="REPERE_VISUEL_5mm_NON_BORDURE.006" type="NODE">
          <matrix sid="transform">1 0 0 0 0 1 0 0 0 0 1 0 0 0 0 1</matrix>
          <instance_geometry url="#REPERE_VISUEL_5mm_NON_BORDURE_006-mesh" name="REPERE_VISUEL_5mm_NON_BORDURE.006">
            <bind_material>
              <technique_common>
                <instance_material symbol="Annotations_NON_METRIQUES_001-material" target="#Annotations_NON_METRIQUES_001-material"/>
              </technique_common>
            </bind_material>
          </instance_geometry>
        </node>
        <node id="REPERE_VISUEL_5mm_NON_BORDURE_007" name="REPERE_VISUEL_5mm_NON_BORDURE.007" type="NODE">
          <matrix sid="transform">1 0 0 0 0 1 0 0 0 0 1 0 0 0 0 1</matrix>
          <instance_geometry url="#REPERE_VISUEL_5mm_NON_BORDURE_007-mesh" name="REPERE_VISUEL_5mm_NON_BORDURE.007">
            <bind_material>
              <technique_common>
                <instance_material symbol="Annotations_NON_METRIQUES_001-material" target="#Annotations_NON_METRIQUES_001-material"/>
              </technique_common>
            </bind_material>
          </instance_geometry>
        </node>
        <node id="REPERE_VISUEL_5mm_NON_BORDURE_008" name="REPERE_VISUEL_5mm_NON_BORDURE.008" type="NODE">
          <matrix sid="transform">1 0 0 0 0 1 0 0 0 0 1 0 0 0 0 1</matrix>
          <instance_geometry url="#REPERE_VISUEL_5mm_NON_BORDURE_008-mesh" name="REPERE_VISUEL_5mm_NON_BORDURE.008">
            <bind_material>
              <technique_common>
                <instance_material symbol="Annotations_NON_METRIQUES_001-material" target="#Annotations_NON_METRIQUES_001-material"/>
              </technique_common>
            </bind_material>
          </instance_geometry>
        </node>
        <node id="REPERE_VISUEL_5mm_NON_BORDURE_009" name="REPERE_VISUEL_5mm_NON_BORDURE.009" type="NODE">
          <matrix sid="transform">1 0 0 0 0 1 0 0 0 0 1 0 0 0 0 1</matrix>
          <instance_geometry url="#REPERE_VISUEL_5mm_NON_BORDURE_009-mesh" name="REPERE_VISUEL_5mm_NON_BORDURE.009">
            <bind_material>
              <technique_common>
                <instance_material symbol="Annotations_NON_METRIQUES_001-material" target="#Annotations_NON_METRIQUES_001-material"/>
              </technique_common>
            </bind_material>
          </instance_geometry>
        </node>
      </node>
    </visual_scene>
  </library_visual_scenes>
  <scene>
    <instance_visual_scene url="#Scene"/>
  </scene>
</COLLADA>